grid side,n quadrants,n pairs per quadrant,n agents,max cluster size,offset,k,seed,time limit,env time,model times complete,resolution times complete,status complete,UB complete,LB complete,gap complete,incumbent times,incumbent solutions,total time complete,n clusters,similarity index,cluster similarity indexes,cluster congestion indexes,cluster congestion indexes absolute,cluster congestion ratio max,global congestion absolute,cross congestion absolute,global congestion ratio max,cross congestion rate,cross congestion share,similarity matrix time,nj time,n agents per cluster,od pairs per cluster,model times clusters,resolution times clusters,clusters status,UBs clusters,LBs clusters,critical resources creation times,unassigned agents,final unassigned agents,unassigning agents times,model times final,resolution times final,status final,UB clusters,LB clusters,UB final,LB final,gap,total time heuristic
41,2,150,1500,750,-1,10,0,1800,3.72593534499174,[0.3461649949895218],[34.492160309979226],OPTIMAL,216.0,216.0,0.0,"[4.175706401001662, 4.187428058998194, 6.180181185016409, 6.293148035008926, 6.3008752900059335, 6.30147789302282, 6.463097060972359, 6.463768068992067, 6.575312615022995, 6.575913005974144, 6.676908520981669, 6.67752394801937, 6.803050532005727, 6.803649078996386, 6.902960348990746, 6.9035538579919375, 7.117218094004784, 7.13950352097163, 7.239838765992317, 7.240306857973337, 7.259232137002982, 7.299504122987855, 7.299962479970418, 7.300376680970658, 7.314397117996123, 7.333979062968865, 7.334419337974396, 7.334849915991072, 7.347499786992557, 7.370774703973439, 7.371220859000459, 7.371635722985957, 7.429548321000766, 7.46681486297166, 9.373319485981483, 12.66204350098269, 14.48121367499698, 15.61263502802467, 15.647869978973176, 15.648265192983672, 28.261793815006968]","[1090.0, 1071.0, 1013.0, 987.0, 897.0, 797.0, 777.0, 733.0, 718.0, 695.0, 664.0, 645.0, 629.0, 619.0, 610.0, 606.0, 581.0, 576.0, 548.0, 529.0, 519.0, 507.0, 506.0, 499.0, 494.0, 487.0, 486.0, 478.0, 469.0, 450.0, 443.0, 226.0, 225.0, 224.0, 221.0, 219.0, 218.0, 217.0, 219.0, 222.0, 216.0]",34.83832530496875,2,1.0,"[1.0, 1.0]","[0.43148427255006194, 0.2402525082920996]","[323.61320441254645, 180.1893812190747]","[2.35, 2.15]",503.8025856316215,3.410605131648481e-13,2.35,2.2737367544323206e-16,6.769725342647473e-16,0.2004441629978828,0.5346131589612924,"[750, 750]","[[0, 42, 131, 50, 95, 107, 10, 15, 110, 119, 7, 132, 108, 45, 111, 59, 1, 38, 147, 51, 93, 126, 64, 113, 68, 81, 122, 3, 20, 19, 104, 22, 5, 13, 141, 136, 47, 134, 79, 148, 143, 73, 77, 92, 89, 37, 149, 41, 44, 60, 85, 140, 2, 84, 103, 6, 82, 29, 14, 39, 137, 25, 52, 109, 36, 30, 98, 90, 123, 34, 117, 58, 11, 17, 26, 72, 100, 112, 54, 145, 87, 118, 16, 116, 28, 127, 4, 23, 142, 130, 12, 21, 62, 31, 56, 61, 105, 124, 135, 125, 27, 69, 121, 71, 133, 9, 43, 88, 33, 75, 91, 40, 96, 106, 55, 48, 67, 24, 144, 57, 35, 94, 53, 63, 114, 8, 32, 86, 18, 128, 49, 146, 70, 129, 97, 102, 138, 65, 120, 66, 76, 80, 78, 99, 101, 46, 74, 83, 139, 115], [189, 234, 190, 152, 196, 182, 282, 258, 229, 280, 158, 217, 228, 242, 296, 222, 292, 266, 287, 169, 271, 272, 199, 295, 227, 281, 157, 261, 239, 276, 211, 254, 299, 252, 160, 195, 225, 248, 268, 194, 224, 283, 219, 206, 210, 233, 231, 270, 153, 185, 209, 265, 243, 244, 273, 289, 176, 223, 275, 188, 215, 294, 236, 161, 171, 175, 207, 253, 163, 202, 193, 214, 291, 179, 267, 187, 201, 277, 192, 251, 164, 183, 186, 285, 204, 180, 237, 232, 255, 293, 150, 245, 290, 159, 241, 250, 216, 263, 165, 177, 235, 288, 256, 278, 284, 156, 197, 230, 249, 240, 162, 205, 226, 154, 155, 247, 203, 168, 246, 257, 269, 279, 170, 174, 151, 264, 200, 286, 178, 191, 213, 181, 208, 198, 297, 218, 262, 166, 212, 167, 172, 173, 238, 220, 184, 259, 260, 298, 221, 274]]","[0.12673787301173434, 0.21346929401624948]","[16.547491553996224, 2.8907073329901323]","[""OPTIMAL"", ""OPTIMAL""]","[143.0, 73.0]","[143.0, 73.0]",[0.032658861950039864],,0.0,,,,,216.0,216.0,216.0,216.0,0.0,20.546122237923555
41,2,150,1500,750,-1,10,1,1800,3.049904889019672,[0.36681059695547447],[25.966635722026695],OPTIMAL,223.0,223.0,0.0,"[2.7998254770063795, 2.814887676970102, 2.829781407956034, 2.8319264120073058, 2.832313480961602, 2.833894209994469, 2.996508674987126, 2.99682344897883, 3.1585690889623947, 3.1607182839652523, 3.5954927149577998, 3.5988903919933364, 3.9337683329940774, 4.0022705819574185, 4.824571181961801, 14.93834627897013, 14.975448059965856, 14.975850955990609, 18.16626148595242, 18.167072121985257, 18.16785184398759, 25.277760464989115]","[303.0, 272.0, 259.0, 258.0, 241.0, 239.0, 238.0, 237.0, 236.0, 231.0, 230.0, 229.0, 228.0, 227.0, 226.0, 224.0, 225.0, 226.0, 224.0, 225.0, 226.0, 223.0]",26.33344631898217,2,1.0,"[1.0, 1.0]","[0.23185134106556904, 0.26250818547064686]","[173.88850579917678, 196.88113910298514]","[2.1157894736842104, 1.9136363636363636]",352.4621130620213,0.0,2.1157894736842104,0.0,0.0,0.2648137569776736,0.2168593649985268,"[750, 750]","[[154, 209, 297, 185, 231, 200, 258, 282, 159, 289, 162, 252, 195, 243, 204, 211, 155, 272, 260, 188, 210, 158, 150, 244, 193, 288, 246, 259, 270, 275, 290, 157, 192, 219, 220, 248, 273, 164, 168, 180, 253, 283, 171, 250, 242, 234, 292, 175, 228, 269, 293, 196, 160, 232, 201, 291, 197, 202, 182, 265, 240, 298, 254, 186, 194, 255, 208, 179, 225, 161, 174, 176, 249, 280, 221, 262, 203, 215, 276, 287, 151, 214, 267, 296, 190, 278, 184, 277, 247, 251, 245, 266, 198, 268, 212, 217, 236, 294, 152, 299, 153, 163, 169, 285, 284, 218, 233, 237, 172, 226, 227, 241, 165, 271, 166, 199, 177, 230, 222, 156, 216, 183, 189, 274, 264, 239, 173, 261, 229, 279, 167, 224, 223, 187, 257, 235, 170, 281, 286, 178, 206, 213, 238, 181, 205, 191, 207, 256, 263, 295], [0, 61, 95, 36, 92, 48, 41, 93, 76, 65, 114, 145, 110, 141, 2, 5, 60, 28, 40, 35, 80, 116, 131, 8, 81, 77, 107, 90, 51, 82, 85, 139, 71, 20, 89, 74, 97, 119, 83, 46, 49, 120, 126, 14, 47, 87, 70, 96, 132, 91, 17, 30, 99, 10, 117, 101, 105, 94, 124, 18, 54, 66, 121, 133, 34, 130, 57, 75, 138, 13, 128, 31, 84, 136, 53, 144, 73, 59, 125, 67, 33, 58, 104, 148, 149, 1, 140, 23, 19, 135, 15, 43, 7, 25, 123, 26, 69, 122, 6, 88, 16, 22, 39, 9, 29, 146, 11, 52, 21, 112, 129, 32, 111, 137, 37, 50, 64, 86, 44, 62, 63, 106, 79, 113, 118, 134, 143, 45, 68, 98, 142, 3, 127, 108, 109, 115, 12, 100, 38, 72, 4, 24, 55, 56, 103, 102, 42, 27, 78, 147]]","[0.253810340014752, 0.11676176701439545]","[2.752612759999465, 8.688973065000027]","[""OPTIMAL"", ""OPTIMAL""]","[104.0, 119.0]","[103.99999999999999, 119.0]",[0.029758185031823814],,0.0,,,,,223.0,223.0,223.0,223.0,0.0,12.323589239036664
41,2,150,1500,750,-1,10,2,1800,3.330471155990381,"[0.4832010099780746, 0.45798774500144646]","[3.6199987300205976, 34.637707273999695]",OPTIMAL,184.0,184.0,0.0,"[4.6310891099856235, 4.652461563004181, 4.70743276597932, 4.718293808982708, 4.719649920996744, 4.7202364659751765, 4.72147525800392, 4.781442502979189, 4.798483663005754, 4.806395330000669, 4.866523227014113, 4.867208122974262, 4.873759592999704, 4.875311809009872, 5.1237254809821025, 5.1244800119893625, 5.208688782004174, 5.986899551993702, 6.124616848013829, 6.164751780976076, 6.222909090982284, 6.360891645017546, 6.7488862670143135, 8.581839909020346, 8.866317669977434, 17.871772814018186, 20.58551288797753, 34.63167458696989]","[295.0, 245.0, 229.0, 220.0, 219.0, 217.0, 214.0, 213.0, 212.0, 210.0, 208.0, 207.0, 206.0, 203.0, 201.0, 199.0, 198.0, 197.0, 196.0, 193.0, 192.0, 191.0, 190.0, 189.0, 188.0, 186.0, 185.0, 184.0]",39.19889475899981,2,1.0,"[1.0, 1.0]","[0.05968944897377394, 0.11374203074660737]","[44.767086730330455, 85.30652305995552]","[1.5166666666666666, 1.665439723320158]",130.0736097902861,1.1368683772161605e-13,1.665439723320158,7.579122514774402e-17,8.740192411361229e-16,0.2878342909971252,0.2357506579719483,"[750, 750]","[[0, 93, 22, 62, 29, 33, 140, 146, 4, 85, 50, 47, 6, 35, 19, 7, 75, 55, 142, 34, 113, 10, 90, 13, 98, 79, 148, 66, 122, 141, 83, 111, 87, 23, 51, 71, 99, 109, 97, 104, 139, 17, 112, 38, 54, 21, 41, 48, 130, 20, 25, 82, 94, 123, 40, 1, 15, 63, 74, 133, 144, 147, 26, 89, 136, 53, 149, 72, 100, 30, 81, 37, 70, 96, 32, 76, 59, 45, 95, 102, 103, 42, 58, 118, 145, 57, 108, 128, 65, 114, 5, 44, 116, 8, 126, 27, 92, 80, 12, 49, 73, 119, 24, 67, 115, 131, 28, 36, 60, 68, 138, 39, 56, 105, 110, 134, 121, 143, 137, 2, 120, 101, 11, 78, 14, 31, 64, 88, 84, 3, 43, 18, 9, 46, 52, 107, 77, 117, 16, 127, 61, 86, 106, 69, 124, 91, 125, 129, 132, 135], [157, 206, 160, 168, 231, 194, 212, 207, 263, 265, 267, 204, 167, 250, 268, 191, 150, 203, 156, 175, 198, 277, 279, 184, 276, 208, 228, 232, 266, 162, 215, 177, 219, 271, 165, 210, 242, 190, 199, 164, 216, 281, 195, 226, 234, 186, 256, 197, 264, 218, 152, 246, 172, 225, 245, 166, 261, 236, 297, 284, 183, 193, 289, 158, 292, 163, 205, 257, 201, 269, 161, 287, 176, 238, 171, 273, 220, 275, 295, 155, 299, 182, 240, 213, 227, 214, 272, 170, 173, 255, 180, 278, 274, 293, 189, 229, 202, 249, 239, 280, 151, 200, 153, 154, 221, 294, 181, 252, 253, 169, 298, 178, 283, 258, 174, 244, 233, 230, 259, 291, 196, 211, 217, 223, 254, 286, 192, 248, 209, 260, 270, 159, 241, 285, 185, 296, 188, 187, 224, 251, 222, 262, 179, 247, 282, 237, 235, 243, 288, 290]]","[0.3169468400301412, 0.16269975196337327]","[22.833093408029526, 15.065762544050813]","[""OPTIMAL"", ""OPTIMAL""]","[83.0, 101.0]","[83.0, 101.0]",[0.040755148977041245],,0.0,,,,,184.0,184.0,184.0,184.0,0.0,38.94284264201997
41,2,150,1500,750,-1,10,3,1800,3.4151849999907427,[0.2509718549554236],[72.6320725120022],OPTIMAL,245.0,245.0,0.0,"[3.818054059986025, 3.8490660269744694, 3.8850744880037382, 3.8855678039835766, 3.88631837698631, 4.350244507018942, 4.3511434479733, 6.634858833975159, 6.769332682015374, 6.777284151990898, 6.777851021965034, 6.861792453972157, 6.862356977013405, 6.960439529968426, 6.961051138001494, 7.09736381098628, 7.097964879008941, 7.229323217005003, 7.229917898017447, 7.349265824013855, 7.349883604969364, 7.486085710988846, 7.486691851983778, 7.621423651988152, 7.828633076976985, 8.160534473019652, 8.189512652985286, 8.257766738010105, 8.258307662967127, 8.445615002012346, 8.704916563990992, 10.483230662008282, 13.494060694007203, 19.124527072999626, 21.227496725972742, 72.63105713797268]","[937.0, 916.0, 697.0, 692.0, 599.0, 588.0, 558.0, 555.0, 553.0, 548.0, 538.0, 344.0, 320.0, 319.0, 317.0, 316.0, 315.0, 282.0, 281.0, 279.0, 277.0, 276.0, 275.0, 264.0, 263.0, 261.0, 260.0, 257.0, 255.0, 254.0, 253.0, 252.0, 250.0, 249.0, 245.0, 245.0]",72.88304436695762,2,1.0,"[1.0, 1.0]","[0.464432641302526, 0.3636995195593256]","[348.3244809768945, 272.7746396694942]","[2.159090909090909, 2.2]",621.0991206463889,2.273736754432321e-13,2.2,1.5158245029548803e-16,3.6608275214789255e-16,0.3100917350384407,0.2123443640302866,"[750, 750]","[[0, 56, 13, 37, 22, 41, 87, 20, 76, 78, 36, 130, 69, 110, 114, 135, 131, 137, 17, 105, 109, 23, 72, 83, 27, 65, 44, 91, 4, 31, 66, 128, 99, 15, 88, 14, 71, 45, 43, 133, 57, 33, 113, 141, 142, 50, 126, 63, 117, 5, 73, 124, 46, 102, 53, 60, 96, 84, 101, 108, 6, 116, 121, 49, 8, 112, 34, 94, 54, 93, 86, 79, 145, 139, 19, 35, 111, 97, 47, 21, 58, 75, 38, 127, 77, 29, 146, 59, 92, 100, 51, 148, 95, 74, 1, 10, 138, 2, 25, 123, 103, 12, 39, 120, 64, 107, 18, 82, 11, 68, 32, 40, 3, 129, 85, 106, 26, 48, 118, 140, 52, 115, 80, 55, 125, 70, 81, 122, 98, 104, 144, 7, 61, 16, 67, 136, 28, 42, 9, 62, 90, 134, 147, 143, 24, 132, 89, 119, 30, 149], [152, 257, 172, 247, 155, 263, 212, 181, 207, 291, 245, 276, 262, 156, 178, 170, 191, 249, 196, 211, 280, 174, 220, 251, 192, 204, 157, 213, 222, 150, 161, 219, 214, 163, 203, 282, 215, 200, 185, 194, 225, 233, 265, 197, 281, 218, 221, 205, 232, 258, 165, 239, 241, 252, 173, 230, 208, 259, 226, 229, 294, 253, 295, 290, 167, 169, 285, 199, 224, 180, 287, 186, 238, 182, 243, 231, 195, 272, 189, 234, 227, 260, 151, 168, 177, 202, 279, 273, 154, 187, 162, 206, 297, 278, 271, 286, 289, 264, 266, 171, 228, 298, 190, 217, 198, 269, 246, 248, 284, 268, 283, 201, 210, 267, 158, 288, 183, 274, 237, 261, 256, 164, 184, 188, 270, 223, 166, 299, 275, 216, 242, 292, 179, 255, 160, 209, 244, 293, 159, 175, 193, 296, 240, 254, 176, 235, 236, 250, 277, 153]]","[0.2845230819657445, 0.11630324297584593]","[116.24453884700779, 103.00944110902492]","[""OPTIMAL"", ""OPTIMAL""]","[143.0, 102.0]","[143.0, 101.99999999999997]",[0.03157811798155308],,0.0,,,,,245.0,245.0,245.0,245.0,0.0,220.2088204980245
41,2,150,1500,750,-1,10,4,1800,3.0143594770343043,[0.3816548509639688],[5.7436848059878685],OPTIMAL,193.0,193.0,0.0,"[1.6850702709634788, 1.7112128490116447, 1.8367275340133347, 1.8369326689862646, 1.8371086929691955, 1.8372814179747365, 1.8374880939954892, 1.8376700779772364, 1.8628007409861311, 1.8631052899872884, 1.8646860639564693, 1.9513766859890893, 1.952057755959686, 2.1661342110019177, 2.275390430993866, 2.7763606309890747, 2.8196406579809263, 2.9403527139802463, 2.9410727819777094, 2.941776305960957]","[479.0, 469.0, 230.0, 221.0, 220.0, 204.0, 203.0, 202.0, 201.0, 200.0, 199.0, 198.0, 197.0, 196.0, 195.0, 194.0, 193.0, 193.0, 194.0, 195.0]",6.125339656951837,2,1.0,"[1.0, 1.0]","[0.2639704262816896, 0.32303987532934914]","[197.9778197112672, 242.27990649701184]","[2.404166666666667, 2.15]",440.2577262082786,0.0,2.404166666666667,0.0,0.0,0.3289118609973229,0.2118524920078925,"[750, 750]","[[0, 127, 24, 56, 16, 54, 106, 34, 22, 39, 111, 60, 73, 3, 14, 40, 5, 33, 45, 124, 129, 10, 63, 67, 132, 89, 13, 140, 71, 79, 19, 41, 85, 88, 99, 104, 1, 52, 145, 18, 105, 122, 81, 130, 28, 84, 123, 15, 80, 115, 117, 55, 148, 21, 112, 118, 48, 65, 59, 69, 78, 108, 23, 138, 32, 25, 29, 47, 57, 94, 49, 134, 91, 116, 43, 147, 64, 103, 4, 149, 120, 101, 102, 8, 92, 20, 86, 17, 11, 26, 126, 110, 133, 2, 90, 109, 7, 121, 125, 9, 30, 75, 141, 95, 135, 6, 74, 31, 46, 42, 77, 44, 12, 38, 53, 62, 66, 100, 143, 107, 128, 97, 131, 142, 27, 82, 98, 119, 35, 144, 61, 139, 146, 137, 36, 136, 37, 114, 70, 76, 72, 50, 58, 83, 87, 93, 68, 113, 51, 96], [150, 155, 228, 162, 243, 242, 259, 257, 172, 247, 248, 189, 164, 224, 190, 233, 231, 211, 288, 244, 265, 163, 270, 285, 254, 212, 292, 222, 272, 174, 209, 180, 186, 194, 191, 226, 268, 299, 195, 293, 251, 160, 201, 193, 204, 296, 260, 165, 166, 151, 196, 229, 182, 289, 236, 255, 262, 278, 176, 252, 208, 221, 227, 234, 179, 253, 205, 241, 261, 168, 237, 249, 187, 263, 267, 273, 169, 173, 184, 239, 282, 152, 207, 294, 158, 210, 271, 197, 206, 223, 213, 266, 154, 246, 159, 250, 175, 199, 217, 161, 232, 283, 297, 214, 181, 240, 235, 264, 258, 153, 295, 202, 280, 183, 219, 167, 298, 170, 192, 215, 198, 200, 286, 156, 203, 177, 225, 218, 171, 291, 245, 281, 256, 287, 274, 157, 220, 277, 238, 269, 178, 284, 216, 279, 185, 276, 188, 230, 275, 290]]","[0.26656582101713866, 0.11786999000469223]","[2.2258209489518777, 3.151680455019232]","[""OPTIMAL"", ""OPTIMAL""]","[91.0, 102.0]","[91.0, 102.0]",[0.030212795012630522],,0.0,,,,,193.0,193.0,193.0,193.0,0.0,6.3329143630107865
41,3,150,2250,750,-1,10,650,1800,3.4561629239469767,[0.38448122097179294],[144.890093031805],OPTIMAL,350.0,350.0,0.0,"[4.060841509141028, 4.168870463036001, 4.627968569286168, 4.628735544160008, 4.6298169661313295, 5.272385891061276, 5.273290892131627, 5.274412210099399, 5.638457632157952, 5.639620278030634, 5.640895725227892, 5.642056322190911, 8.479439264163375, 8.698845537845045, 8.701023118104786, 8.706426777876914, 8.712109092157334, 8.71292750025168, 8.963209873996675, 8.964043769985437, 9.063209790270776, 9.064025816973299, 9.159561498090625, 9.160386299248785, 9.26128624426201, 9.262116415891796, 9.359121499117464, 9.444934039842337, 9.534619139041752, 9.617281997110695, 9.618110333103687, 10.279983203858137, 10.280668545048684, 10.334116273093969, 10.419472769834101, 10.42018533218652, 10.441469373181462, 10.476963512133807, 10.51577460905537, 10.586529625114053, 10.644431572873145, 10.828562563285232, 12.635312053840607, 14.463276611175388, 17.45441735908389, 23.576207145117223, 24.18766032392159, 24.930091383866966, 26.330170730128884, 47.30648798495531, 63.38692749105394, 144.88567542424425]","[1360.0, 1330.0, 1069.0, 1019.0, 856.0, 839.0, 836.0, 785.0, 775.0, 773.0, 772.0, 745.0, 743.0, 742.0, 486.0, 461.0, 441.0, 435.0, 434.0, 430.0, 425.0, 424.0, 423.0, 422.0, 415.0, 412.0, 399.0, 397.0, 393.0, 390.0, 389.0, 383.0, 378.0, 377.0, 375.0, 374.0, 373.0, 372.0, 371.0, 370.0, 367.0, 366.0, 362.0, 361.0, 360.0, 358.0, 357.0, 354.0, 353.0, 351.0, 350.0, 350.0]",145.2745742527768,3,1.0,"[1.0, 1.0, 1.0]","[0.3689595540849073, 0.30033069355824776, 0.36593377493853646]","[276.7196655636805, 225.24802016868583, 274.45033120390235]","[2.5, 2.0384615384615388, 2.631818181818182]",776.4180169362678,0.0,2.631818181818182,0.0,0.0,0.5820214310660958,0.3138266308233142,"[750, 750, 750]","[[305, 339, 370, 374, 411, 350, 313, 399, 306, 316, 368, 311, 358, 357, 361, 323, 326, 344, 433, 419, 373, 416, 415, 405, 343, 375, 359, 310, 340, 312, 328, 434, 395, 346, 385, 389, 423, 353, 363, 424, 377, 386, 398, 383, 437, 442, 315, 335, 448, 319, 393, 410, 435, 432, 427, 317, 321, 380, 446, 369, 417, 408, 412, 332, 422, 337, 418, 318, 325, 349, 409, 355, 387, 384, 338, 354, 391, 300, 390, 382, 438, 314, 333, 329, 308, 400, 406, 436, 431, 401, 304, 347, 396, 330, 447, 356, 364, 430, 352, 307, 397, 426, 360, 371, 372, 322, 429, 341, 342, 351, 428, 376, 404, 365, 378, 439, 413, 414, 301, 394, 345, 379, 302, 425, 303, 320, 327, 366, 331, 309, 402, 440, 324, 336, 367, 421, 444, 348, 449, 334, 443, 388, 445, 407, 392, 420, 441, 362, 381, 403], [150, 246, 190, 154, 241, 237, 160, 245, 181, 162, 252, 179, 204, 198, 283, 171, 281, 232, 203, 220, 299, 228, 183, 209, 268, 272, 289, 156, 291, 173, 265, 202, 247, 287, 191, 273, 290, 196, 224, 242, 161, 199, 229, 285, 248, 214, 270, 193, 240, 207, 215, 223, 195, 218, 234, 166, 255, 293, 167, 168, 186, 295, 201, 205, 225, 251, 288, 152, 236, 263, 286, 188, 278, 284, 257, 169, 200, 197, 153, 158, 151, 254, 206, 235, 174, 219, 163, 298, 216, 269, 277, 244, 157, 170, 213, 233, 239, 280, 292, 178, 194, 155, 243, 175, 230, 275, 238, 217, 297, 282, 192, 208, 261, 221, 159, 231, 189, 212, 256, 180, 296, 260, 294, 266, 172, 259, 164, 210, 185, 176, 226, 264, 274, 276, 222, 262, 182, 279, 211, 267, 271, 187, 250, 165, 184, 227, 177, 253, 258, 249], [0, 36, 146, 110, 113, 11, 100, 16, 143, 18, 56, 59, 131, 31, 38, 45, 129, 70, 97, 61, 14, 111, 106, 85, 130, 30, 60, 86, 72, 137, 25, 44, 89, 43, 81, 51, 71, 98, 141, 142, 79, 114, 138, 149, 1, 121, 126, 2, 144, 118, 140, 17, 107, 49, 125, 120, 50, 6, 122, 109, 37, 117, 148, 26, 34, 39, 75, 40, 78, 99, 3, 91, 102, 82, 13, 41, 73, 93, 23, 52, 32, 105, 101, 115, 128, 4, 20, 119, 21, 42, 92, 54, 35, 55, 58, 132, 8, 95, 33, 127, 139, 9, 87, 112, 63, 84, 65, 10, 48, 96, 15, 116, 66, 28, 68, 80, 22, 147, 46, 27, 77, 57, 133, 145, 62, 104, 134, 124, 136, 7, 74, 103, 19, 53, 83, 88, 94, 90, 123, 12, 64, 76, 24, 108, 5, 67, 47, 29, 135, 69]]","[0.2859148867428303, 0.1286617428995669, 0.24980715475976467]","[24.313884135801345, 81.0063608107157, 21.16593051608652]","[""OPTIMAL"", ""OPTIMAL"", ""OPTIMAL""]","[118.0, 124.0, 108.0]","[118.0, 124.0, 108.0]",[0.048687250819057226],,0.0,,,,,350.0,350.0,350.0,350.0,0.0,128.0950945597142
41,3,150,2250,750,-1,10,651,1800,3.184533519204706,[0.5300563019700348],[73.5405985317193],OPTIMAL,294.0,294.0,0.0,"[3.5019750692881644, 3.519840147346258, 3.546169358305633, 3.5500785103067756, 3.551061649341136, 3.554852711968124, 3.7305081193335354, 3.880074596963823, 3.8855365719646215, 3.8866666653193533, 4.564580663107336, 4.617657690308988, 4.714516164269298, 4.715877248905599, 6.708235953934491, 8.368213533889502, 10.314765244256705, 11.945565869100392, 14.461752989329398, 17.244115120265633, 22.376763896085322, 73.53943067695946]","[387.0, 370.0, 347.0, 313.0, 312.0, 311.0, 310.0, 309.0, 308.0, 307.0, 304.0, 303.0, 302.0, 301.0, 300.0, 299.0, 298.0, 297.0, 296.0, 295.0, 294.0, 294.0]",74.07065483368933,3,1.0,"[1.0, 1.0, 1.0]","[0.28737099790362336, 0.1937695535776199, 0.4122679785938972]","[215.5282484277175, 145.32716518321493, 309.2009839454229]","[1.8585227272727274, 1.9475935828877002, 2.65]",670.0563975563555,2.273736754432321e-13,2.65,1.010549668636587e-16,3.3933513100107267e-16,0.574144053272903,0.3137931982055306,"[750, 750, 750]","[[150, 227, 168, 269, 167, 238, 297, 181, 260, 203, 226, 202, 182, 212, 220, 216, 151, 275, 206, 237, 277, 253, 292, 185, 286, 201, 224, 235, 221, 187, 240, 164, 259, 284, 152, 293, 218, 172, 211, 247, 169, 250, 267, 236, 265, 208, 254, 298, 291, 274, 257, 215, 258, 282, 219, 242, 170, 270, 179, 228, 213, 287, 198, 231, 251, 163, 262, 194, 197, 243, 252, 278, 294, 205, 276, 271, 153, 192, 209, 154, 204, 290, 159, 162, 176, 188, 264, 158, 233, 232, 222, 248, 196, 285, 207, 230, 229, 268, 296, 279, 177, 178, 195, 183, 186, 299, 193, 225, 200, 210, 246, 266, 281, 155, 239, 161, 245, 217, 175, 173, 180, 272, 289, 171, 184, 295, 249, 263, 256, 261, 174, 199, 160, 288, 190, 280, 273, 214, 234, 156, 191, 223, 283, 157, 189, 255, 166, 241, 244, 165], [1, 135, 17, 35, 64, 92, 9, 29, 48, 107, 133, 30, 116, 101, 96, 3, 11, 78, 83, 49, 55, 112, 8, 15, 115, 148, 52, 67, 110, 5, 119, 7, 6, 147, 12, 81, 51, 129, 128, 68, 134, 88, 130, 145, 33, 77, 109, 45, 146, 39, 21, 87, 100, 36, 117, 114, 46, 61, 66, 138, 22, 47, 127, 63, 72, 70, 0, 102, 14, 34, 73, 149, 20, 93, 56, 131, 23, 95, 25, 10, 86, 82, 57, 69, 37, 94, 98, 42, 126, 124, 53, 74, 54, 132, 105, 76, 84, 143, 79, 91, 121, 118, 144, 80, 141, 2, 31, 27, 142, 71, 120, 4, 18, 19, 13, 140, 58, 40, 123, 16, 59, 60, 38, 108, 103, 26, 106, 137, 24, 43, 28, 89, 44, 65, 62, 75, 90, 97, 125, 32, 41, 99, 113, 85, 50, 104, 136, 111, 122, 139], [300, 316, 413, 390, 328, 425, 301, 329, 336, 302, 378, 311, 362, 319, 423, 331, 393, 405, 432, 386, 335, 338, 346, 342, 361, 340, 379, 414, 370, 402, 366, 304, 400, 325, 348, 334, 410, 416, 439, 381, 418, 415, 327, 388, 369, 347, 394, 446, 449, 436, 447, 310, 441, 380, 376, 424, 353, 358, 383, 412, 363, 371, 306, 314, 313, 337, 426, 444, 445, 344, 352, 396, 428, 391, 430, 333, 382, 427, 351, 368, 403, 354, 364, 392, 440, 360, 387, 409, 398, 303, 326, 323, 315, 343, 357, 377, 317, 345, 367, 307, 341, 332, 422, 429, 312, 435, 330, 355, 385, 438, 365, 399, 407, 420, 397, 406, 408, 322, 442, 350, 356, 372, 411, 373, 384, 437, 305, 448, 421, 318, 375, 320, 339, 374, 308, 309, 419, 443, 401, 349, 404, 321, 389, 359, 434, 395, 431, 324, 417, 433]]","[0.3003241061232984, 0.1241566869430244, 0.1229388932697475]","[4.921715334057808, 1.805662962142378, 35.71256352495402]","[""OPTIMAL"", ""OPTIMAL"", ""OPTIMAL""]","[82.0, 65.0, 147.0]","[82.0, 65.0, 147.0]",[0.20905913040041924],,0.0,,,,,294.0,294.0,294.0,294.0,0.0,44.08435788936913
41,3,150,2250,750,-1,10,652,1800,3.534930216614157,[0.5540374270640314],[91.99796055490151],OPTIMAL,391.0,391.0,0.0,"[22.57035442488268, 28.899641829077154, 30.800243415869772, 41.88041748991236, 49.836607601027936, 53.86712572397664, 58.46524495026097, 91.99678649799898]","[400.0, 397.0, 396.0, 394.0, 393.0, 392.0, 391.0, 391.0]",92.55199798196554,3,0.9999967476924878,"[1.0, 0.9999896658451014, 0.9999906940819013]","[0.35902314268330876, 0.3988727602090606, 0.3737294470378835]","[269.26735701248157, 299.15457015679544, 280.2970852784126]","[2.3, 2.35, 2.234210526315789]",848.5858737855261,0.0,2.35,0.0,0.0,0.5928976386785507,0.3146424731239676,"[750, 750, 750]","[[300, 409, 383, 422, 307, 365, 397, 417, 317, 361, 322, 431, 369, 421, 390, 392, 402, 303, 354, 320, 374, 331, 381, 389, 440, 446, 425, 388, 343, 346, 355, 398, 418, 436, 386, 439, 448, 302, 435, 403, 310, 335, 362, 360, 309, 325, 336, 379, 327, 404, 312, 349, 447, 313, 426, 385, 306, 315, 339, 338, 434, 391, 428, 377, 396, 318, 329, 370, 328, 380, 375, 347, 444, 332, 337, 341, 356, 367, 408, 416, 429, 363, 368, 334, 395, 401, 330, 445, 427, 437, 301, 438, 372, 443, 393, 351, 378, 433, 407, 316, 414, 342, 321, 432, 348, 319, 326, 353, 333, 412, 430, 323, 350, 400, 366, 382, 441, 423, 305, 340, 373, 352, 358, 405, 304, 411, 419, 376, 384, 394, 344, 420, 308, 415, 449, 357, 410, 311, 387, 314, 413, 406, 424, 442, 324, 399, 345, 371, 359, 364], [150, 267, 198, 166, 225, 174, 153, 157, 195, 234, 164, 248, 180, 291, 289, 155, 226, 165, 247, 276, 298, 158, 159, 161, 269, 274, 193, 224, 179, 292, 221, 257, 207, 222, 272, 287, 220, 231, 236, 266, 295, 156, 249, 176, 223, 233, 261, 177, 252, 265, 191, 214, 250, 182, 299, 229, 216, 170, 194, 185, 206, 238, 271, 253, 259, 199, 290, 171, 241, 197, 212, 204, 281, 286, 183, 219, 232, 192, 288, 203, 200, 282, 160, 244, 273, 167, 258, 175, 245, 189, 242, 169, 178, 218, 263, 151, 243, 264, 168, 275, 186, 297, 188, 284, 235, 239, 262, 184, 187, 277, 190, 213, 279, 255, 227, 154, 172, 254, 173, 280, 201, 230, 211, 228, 202, 278, 240, 205, 270, 162, 251, 208, 296, 260, 285, 152, 268, 283, 196, 209, 210, 256, 215, 246, 237, 163, 217, 293, 294, 181], [0, 101, 116, 61, 105, 117, 49, 135, 123, 80, 110, 125, 2, 145, 40, 87, 63, 82, 34, 45, 128, 146, 65, 79, 136, 133, 57, 35, 130, 77, 103, 122, 13, 44, 72, 102, 106, 121, 14, 18, 24, 20, 37, 31, 16, 140, 51, 74, 115, 1, 4, 12, 47, 107, 32, 62, 97, 137, 91, 7, 58, 73, 96, 43, 90, 56, 132, 64, 81, 8, 50, 48, 88, 25, 68, 30, 95, 9, 112, 71, 126, 11, 78, 92, 104, 3, 54, 113, 21, 100, 147, 148, 6, 23, 26, 42, 46, 66, 17, 39, 22, 129, 27, 84, 141, 36, 124, 142, 10, 67, 109, 33, 59, 76, 89, 120, 139, 28, 85, 94, 131, 98, 134, 108, 114, 38, 93, 119, 127, 143, 29, 111, 149, 5, 118, 144, 15, 99, 55, 70, 83, 52, 53, 69, 86, 19, 60, 75, 138, 41]]","[0.12959432415664196, 0.316304137930274, 0.11365670524537563]","[37.95353024313226, 22.85310911713168, 26.123651035130024]","[""OPTIMAL"", ""OPTIMAL"", ""OPTIMAL""]","[125.0, 138.0, 128.0]","[125.0, 138.0, 128.0]",[0.04697269666939974],,0.0,,,,,391.0,391.0,391.0,391.0,0.0,88.44435837119818
41,3,150,2250,750,-1,10,653,1800,3.1919211465865374,[0.7067063869908452],[29.219916912727058],OPTIMAL,276.0,276.0,0.0,"[2.9333043447695673, 2.95555506600067, 2.980734208598733, 2.9828926427289844, 2.9834513617679477, 2.9853373975493014, 3.1722111646085978, 3.172613188624382, 3.1730403415858746, 3.1734430249780416, 3.3601743075996637, 3.3680619206279516, 3.375196917913854, 3.3764040037058294, 3.6094496748410165, 4.0975006045773625, 4.579865961801261, 6.636384575627744, 7.359429110772908, 7.385875690728426, 8.912531750742346, 17.660440872889012, 19.39434822462499, 19.420904061757028, 19.42140604974702, 21.063834875822067, 21.064750959631056, 21.0656326119788, 29.212964075617492]","[361.0, 344.0, 325.0, 324.0, 306.0, 305.0, 301.0, 296.0, 295.0, 294.0, 293.0, 291.0, 290.0, 289.0, 286.0, 285.0, 284.0, 283.0, 282.0, 281.0, 280.0, 278.0, 277.0, 278.0, 278.0, 277.0, 278.0, 278.0, 276.0]",29.926623299717903,3,1.0,"[1.0, 1.0, 1.0]","[0.29172681728353766, 0.24317672337409177, 0.27290974498211346]","[218.79511296265323, 182.38254253056883, 204.68230873658507]","[1.8833333333333333, 1.781818181818182, 2.0]",605.8599642298077,5.684341886080801e-13,2.0,2.5263741715914673e-16,9.382270197202372e-16,0.5954422671347857,0.3155216891318559,"[750, 750, 750]","[[300, 325, 333, 303, 337, 302, 350, 422, 433, 304, 375, 353, 385, 313, 408, 407, 364, 441, 362, 442, 443, 376, 447, 410, 402, 301, 404, 322, 346, 416, 354, 389, 365, 380, 305, 334, 391, 311, 379, 405, 436, 308, 366, 312, 427, 429, 412, 444, 318, 348, 336, 426, 390, 326, 355, 374, 437, 330, 381, 431, 432, 335, 396, 370, 400, 417, 424, 425, 435, 307, 371, 317, 327, 339, 372, 315, 363, 428, 367, 419, 445, 420, 331, 344, 398, 373, 343, 360, 338, 399, 415, 393, 414, 392, 387, 397, 449, 340, 423, 409, 359, 418, 440, 309, 438, 328, 356, 368, 341, 329, 401, 306, 316, 332, 358, 369, 446, 319, 394, 320, 345, 413, 377, 395, 310, 434, 448, 352, 342, 430, 382, 406, 439, 314, 357, 378, 321, 324, 347, 383, 323, 349, 361, 388, 403, 351, 384, 386, 411, 421], [0, 93, 128, 1, 114, 142, 48, 64, 6, 28, 15, 124, 149, 3, 99, 145, 10, 51, 18, 54, 94, 122, 20, 119, 140, 115, 56, 37, 40, 60, 79, 67, 2, 8, 101, 118, 12, 105, 126, 13, 39, 52, 87, 134, 91, 106, 132, 139, 92, 131, 32, 96, 36, 50, 143, 63, 5, 29, 57, 34, 141, 58, 97, 66, 73, 146, 26, 113, 62, 55, 53, 90, 9, 38, 25, 75, 78, 102, 22, 59, 27, 125, 95, 65, 71, 68, 112, 111, 135, 77, 108, 11, 110, 76, 127, 24, 123, 43, 80, 23, 121, 137, 31, 14, 81, 98, 133, 7, 117, 103, 42, 89, 70, 104, 138, 19, 47, 45, 35, 107, 61, 130, 82, 148, 17, 33, 46, 49, 74, 83, 69, 144, 100, 30, 72, 44, 129, 4, 21, 147, 116, 85, 88, 86, 16, 120, 84, 41, 109, 136], [150, 282, 297, 228, 187, 271, 196, 200, 292, 225, 159, 201, 199, 179, 296, 289, 239, 206, 180, 216, 214, 151, 222, 227, 231, 241, 161, 165, 166, 185, 230, 233, 235, 152, 209, 195, 203, 256, 155, 164, 174, 186, 277, 188, 238, 259, 190, 192, 221, 298, 191, 229, 204, 197, 168, 237, 171, 224, 173, 299, 156, 262, 175, 286, 284, 184, 265, 244, 260, 153, 273, 245, 283, 240, 261, 288, 177, 243, 183, 270, 205, 210, 160, 193, 255, 251, 162, 264, 279, 263, 258, 218, 267, 154, 281, 248, 290, 169, 275, 276, 280, 182, 253, 246, 211, 220, 158, 207, 208, 226, 167, 189, 249, 212, 234, 215, 172, 236, 272, 198, 257, 157, 202, 163, 178, 213, 291, 170, 217, 219, 274, 247, 176, 295, 278, 294, 194, 268, 223, 269, 293, 287, 252, 254, 181, 266, 232, 285, 250, 242]]","[0.12211717199534178, 0.12039297819137573, 0.329461005050689]","[2.373463274911046, 10.874439407140017, 0.6078430358320475]","[""OPTIMAL"", ""OPTIMAL"", ""OPTIMAL""]","[95.0, 97.0, 84.0]","[95.0, 97.0, 84.0]",[0.04417235590517521],,0.0,,,,,276.0,276.0,276.0,276.0,0.0,15.382853185292332
41,3,150,2250,750,-1,10,654,1800,3.653885178267956,[0.5702110067941248],[60.52813242608681],OPTIMAL,314.0,314.0,0.0,"[3.340842334087938, 3.3657452980987728, 3.387153245974332, 3.3917296770960093, 3.3929101661778986, 3.8604360492900014, 3.8615087759681046, 3.86260279500857, 4.074491193983704, 4.074890158139169, 4.075252322014421, 4.075618972070515, 4.075976278167218, 4.463624003343284, 4.4640263193286955, 4.464391220360994, 4.464747285004705, 4.626882145181298, 4.629106453154236, 6.346504682209343, 6.822249175980687, 6.858342281077057, 6.97514802031219, 7.211538254283369, 7.585730340331793, 7.587225082330406, 12.516673470381647, 12.653533670119941, 12.792966488283128, 14.70737284515053, 16.532944658305496, 26.334446207154542, 28.56262823101133, 29.131679051090032, 46.37805906496942, 46.84886001329869, 47.77413163194433]","[494.0, 443.0, 428.0, 373.0, 372.0, 363.0, 356.0, 354.0, 352.0, 348.0, 347.0, 346.0, 345.0, 342.0, 340.0, 338.0, 337.0, 334.0, 332.0, 331.0, 330.0, 329.0, 328.0, 327.0, 326.0, 325.0, 324.0, 323.0, 322.0, 321.0, 320.0, 319.0, 318.0, 317.0, 316.0, 315.0, 314.0]",61.09834343288094,3,0.9999804848278409,"[0.9999384574069308, 1.0, 0.9999395275452032]","[0.34053851097041626, 0.40232089122607695, 0.3202749775108604]","[255.4038832278122, 301.7406684195577, 240.20623313314533]","[1.981818181818182, 2.0, 1.9384615384615387]",797.3507847805155,2.273736754432321e-13,2.0,1.010549668636587e-16,2.8516141174368496e-16,0.6286184494383633,0.3202401702292263,"[750, 750, 750]","[[0, 90, 122, 80, 8, 37, 107, 48, 114, 1, 12, 71, 105, 53, 3, 100, 38, 86, 78, 145, 16, 20, 72, 87, 99, 110, 75, 106, 4, 83, 126, 30, 134, 118, 68, 108, 73, 82, 127, 28, 125, 64, 123, 15, 33, 27, 35, 46, 131, 89, 49, 59, 92, 25, 60, 32, 41, 47, 29, 44, 55, 76, 9, 52, 57, 23, 113, 96, 58, 135, 74, 124, 102, 120, 26, 79, 2, 132, 11, 24, 6, 70, 21, 56, 67, 140, 136, 149, 10, 40, 128, 18, 109, 94, 117, 133, 138, 112, 119, 146, 43, 141, 62, 84, 85, 51, 144, 143, 54, 61, 104, 98, 142, 115, 5, 66, 13, 63, 148, 95, 101, 50, 65, 93, 14, 77, 19, 91, 34, 129, 7, 88, 22, 103, 147, 42, 130, 69, 17, 116, 45, 31, 81, 36, 121, 39, 111, 97, 137, 139], [150, 223, 254, 289, 152, 202, 217, 274, 167, 155, 176, 290, 165, 194, 291, 292, 210, 237, 245, 253, 230, 244, 258, 203, 153, 198, 283, 234, 285, 239, 262, 247, 282, 186, 268, 231, 236, 206, 298, 156, 265, 288, 195, 160, 240, 173, 179, 188, 241, 216, 200, 294, 233, 271, 214, 252, 222, 159, 180, 191, 164, 270, 174, 201, 227, 286, 182, 211, 299, 189, 293, 193, 225, 157, 183, 207, 272, 209, 273, 238, 255, 278, 172, 263, 212, 170, 220, 248, 276, 171, 199, 256, 264, 287, 284, 297, 197, 259, 250, 280, 267, 221, 260, 242, 158, 175, 162, 232, 190, 219, 166, 168, 261, 178, 196, 215, 218, 228, 229, 151, 154, 204, 295, 269, 177, 181, 281, 161, 187, 279, 192, 249, 169, 257, 266, 226, 277, 184, 275, 205, 235, 243, 251, 163, 296, 185, 208, 224, 246, 213], [300, 331, 414, 304, 349, 301, 405, 438, 421, 347, 357, 371, 426, 305, 364, 307, 410, 422, 381, 449, 302, 330, 396, 387, 419, 336, 370, 393, 345, 420, 306, 358, 365, 388, 441, 367, 448, 444, 411, 379, 334, 446, 363, 376, 338, 350, 341, 360, 392, 366, 432, 311, 435, 316, 325, 408, 340, 394, 356, 375, 354, 317, 439, 447, 327, 431, 335, 329, 386, 319, 321, 424, 314, 440, 361, 368, 353, 359, 315, 399, 377, 390, 369, 400, 398, 413, 430, 308, 389, 344, 352, 346, 309, 428, 322, 406, 312, 409, 320, 343, 328, 384, 318, 418, 433, 380, 412, 374, 385, 416, 395, 401, 429, 339, 348, 355, 382, 310, 313, 362, 324, 445, 351, 417, 373, 397, 342, 407, 436, 391, 434, 303, 442, 333, 378, 323, 332, 437, 425, 403, 427, 337, 402, 404, 415, 326, 372, 443, 383, 423]]","[0.3238675878383219, 0.12996826600283384, 0.12414785614237189]","[12.508193984627724, 3.9330878858454525, 25.574970685876906]","[""OPTIMAL"", ""OPTIMAL"", ""OPTIMAL""]","[84.0, 139.0, 91.0]","[84.0, 139.0, 91.0]",[0.047135298140347004],,0.0,,,,,314.0,314.0,314.0,314.0,0.0,43.59023018414155
41,4,150,3000,750,-1,10,10,1800,3.4530894570052624,[0.8225841770181432],[42.545122990966775],OPTIMAL,444.0,444.0,0.0,"[4.895261319994461, 4.895752653013915, 5.132335486006923, 5.132863853999879, 5.133370019029826, 5.133859291032422, 5.134332932007965, 5.134793222008739, 5.135262704046909, 5.135725075029768, 5.1361890520202, 5.321435232996009, 5.325767469010316, 5.719906231039204, 5.931081289018039, 6.5351883610128425, 6.535868912003934, 6.605904110998381, 11.120357386011165, 11.185892847017385, 11.33318070002133, 14.951542998023797, 16.605011206003837, 20.12976298603462, 28.816731104045175, 33.039603509998415, 39.1163509300095]","[653.0, 588.0, 561.0, 490.0, 488.0, 487.0, 483.0, 481.0, 480.0, 479.0, 477.0, 476.0, 465.0, 463.0, 461.0, 459.0, 458.0, 456.0, 455.0, 454.0, 453.0, 449.0, 448.0, 447.0, 446.0, 445.0, 444.0]",43.36770716798492,4,1.0,"[1.0, 1.0, 1.0, 1.0]","[0.28837709990960747, 0.2424909856225644, 0.439140719444428, 0.21161188424204985]","[216.2828249322056, 181.8682392169233, 329.355539583321, 158.70891318153738]","[1.9, 1.7272727272727273, 2.3, 1.9]",873.0123083578376,0.0,2.3,0.0,0.0,0.5612290609860793,0.4365153369726613,"[750, 750, 750, 750]","[[150, 188, 154, 280, 298, 221, 187, 264, 165, 231, 237, 183, 198, 246, 210, 152, 153, 176, 263, 163, 227, 211, 292, 223, 160, 248, 195, 247, 222, 167, 156, 230, 240, 283, 177, 289, 178, 295, 180, 272, 200, 291, 202, 217, 220, 213, 235, 259, 279, 281, 166, 268, 293, 173, 278, 284, 194, 209, 229, 266, 245, 155, 249, 197, 181, 207, 215, 253, 161, 224, 267, 162, 262, 290, 157, 236, 265, 233, 170, 184, 185, 179, 190, 276, 182, 270, 212, 214, 158, 169, 191, 232, 203, 252, 255, 168, 277, 299, 254, 269, 206, 296, 297, 250, 258, 288, 196, 226, 238, 204, 256, 205, 239, 242, 159, 287, 274, 186, 225, 282, 294, 171, 172, 244, 192, 286, 228, 174, 271, 201, 216, 273, 175, 260, 189, 257, 193, 151, 234, 275, 241, 218, 285, 219, 243, 251, 164, 199, 261, 208], [450, 452, 455, 552, 459, 551, 596, 494, 505, 506, 519, 586, 542, 570, 523, 538, 562, 565, 461, 555, 536, 557, 463, 572, 467, 554, 493, 540, 475, 590, 504, 518, 573, 469, 479, 563, 472, 451, 594, 521, 582, 456, 576, 584, 478, 561, 581, 548, 454, 480, 533, 464, 490, 543, 589, 567, 595, 577, 486, 544, 457, 534, 529, 535, 571, 460, 492, 496, 566, 574, 579, 453, 500, 525, 481, 507, 550, 592, 470, 509, 515, 474, 503, 524, 471, 520, 458, 527, 487, 476, 575, 477, 528, 560, 537, 564, 585, 483, 568, 522, 485, 491, 526, 465, 501, 489, 499, 516, 598, 588, 498, 558, 559, 466, 495, 578, 532, 580, 556, 587, 473, 482, 541, 597, 508, 488, 513, 530, 510, 514, 484, 547, 553, 546, 517, 599, 512, 531, 545, 497, 539, 462, 468, 593, 502, 591, 549, 511, 569, 583], [0, 146, 48, 57, 100, 32, 128, 58, 117, 144, 84, 99, 95, 16, 35, 69, 80, 82, 18, 76, 64, 111, 135, 28, 63, 121, 51, 105, 118, 14, 60, 90, 66, 136, 27, 98, 33, 93, 36, 115, 126, 40, 78, 39, 34, 85, 86, 107, 134, 1, 13, 110, 103, 97, 137, 5, 81, 96, 3, 124, 11, 148, 133, 26, 72, 91, 123, 42, 59, 68, 89, 79, 2, 122, 145, 87, 10, 37, 67, 7, 56, 94, 6, 29, 92, 139, 52, 71, 130, 138, 4, 50, 77, 102, 142, 31, 44, 101, 106, 88, 127, 108, 125, 25, 65, 46, 21, 147, 24, 23, 55, 131, 12, 49, 22, 47, 141, 75, 140, 143, 120, 8, 20, 17, 38, 70, 114, 149, 104, 116, 15, 109, 19, 41, 112, 54, 43, 30, 45, 73, 119, 132, 129, 9, 62, 74, 61, 53, 83, 113], [300, 410, 307, 437, 321, 358, 332, 416, 427, 441, 418, 302, 352, 383, 439, 316, 388, 324, 429, 326, 409, 373, 393, 305, 317, 428, 356, 412, 398, 440, 406, 315, 312, 337, 348, 417, 390, 301, 345, 407, 306, 313, 320, 360, 423, 333, 425, 400, 355, 330, 361, 377, 394, 353, 434, 342, 448, 368, 396, 369, 374, 365, 311, 442, 363, 375, 444, 401, 318, 435, 331, 371, 329, 343, 413, 376, 322, 426, 327, 384, 403, 420, 323, 349, 357, 334, 446, 351, 370, 399, 432, 304, 405, 314, 391, 379, 395, 381, 347, 389, 392, 433, 308, 338, 424, 382, 438, 328, 404, 402, 346, 354, 430, 372, 385, 387, 335, 336, 350, 378, 367, 431, 303, 397, 447, 319, 309, 422, 436, 445, 339, 408, 449, 419, 359, 366, 386, 411, 340, 362, 364, 443, 414, 310, 344, 325, 415, 341, 380, 421]]","[0.12440352997509763, 0.11637708201305941, 0.3264259090065025, 0.122122451022733]","[8.040491038991604, 3.989947857975494, 4.311394650023431, 8.772227075998671]","[""OPTIMAL"", ""OPTIMAL"", ""OPTIMAL"", ""OPTIMAL""]","[103.99999962040259, 103.0, 155.0, 82.0]","[103.99999962025414, 103.0, 155.0, 82.0]",[0.06402127799810842],,0.0,,,,,443.9999996204026,443.9999996202541,444.0,444.0,0.0,26.86515527096344
41,4,150,3000,750,-1,10,11,1800,3.3859011049498804,[0.6929223720217124],[353.45052815502277],OPTIMAL,371.0,371.0,0.0,"[4.635146582964808, 4.8109283649828285, 5.355065050011035, 5.356451772968285, 5.357188784983009, 5.3591178900096565, 6.158937548985705, 6.160131717973854, 6.161701920966152, 9.466864846996032, 9.761380998999812, 9.77539138298016, 9.77647631498985, 10.043889071966987, 10.044945380999707, 10.051480849971995, 10.05251823400613, 10.243365443020593, 10.244424993987195, 10.790281857014634, 10.791163566987962, 10.791958810994402, 10.808467157999985, 10.85978693200741, 10.860688539978582, 10.883272289007436, 10.925767330976669, 10.940527009021025, 11.109222899016459, 11.11010814801557, 11.187577258970123, 11.286464312986936, 11.287335265020374, 11.288157610979397, 11.289008140971418, 11.35993283399148, 11.45458006998524, 11.455570161982905, 11.482736748002935, 11.524650402017869, 11.525525614968501, 11.526351675973274, 11.65144261601381, 11.729371360968798, 13.825088059995323, 17.133515919966158, 26.992496964987367, 28.005924141965806, 53.279199380020145, 56.79031002597185, 209.63989562401548, 353.4275283109746, 353.44910860300297]","[1957.0, 1924.0, 1491.0, 1485.0, 1384.0, 1144.0, 1108.0, 1104.0, 1007.0, 853.0, 852.0, 839.0, 804.0, 526.0, 499.0, 498.0, 495.0, 494.0, 490.0, 461.0, 456.0, 446.0, 440.0, 438.0, 437.0, 436.0, 432.0, 431.0, 426.0, 421.0, 414.0, 413.0, 411.0, 407.0, 404.0, 398.0, 397.0, 396.0, 395.0, 394.0, 393.0, 390.0, 388.0, 385.0, 382.0, 381.0, 376.0, 375.0, 374.0, 373.0, 372.0, 371.0, 371.0]",354.1434505270445,4,1.0,"[1.0, 1.0, 1.0, 1.0]","[0.40329785284661446, 0.20520351709482146, 0.2005891515044834, 0.39425067778449785]","[302.4733896349608, 153.9026378211161, 150.44186362836254, 295.6880083383734]","[2.140909090909091, 1.9922459893048128, 1.95, 2.281818181818182]",902.5058994228132,2.273736754432321e-13,2.281818181818182,7.579122514774402e-17,2.5193594367460013e-16,0.6121828930336051,0.4287845080252737,"[750, 750, 750, 750]","[[300, 301, 408, 306, 411, 401, 336, 407, 342, 363, 367, 379, 370, 427, 444, 376, 393, 309, 445, 365, 422, 315, 420, 352, 364, 413, 381, 378, 415, 317, 320, 384, 449, 395, 425, 347, 375, 426, 323, 410, 328, 303, 398, 380, 314, 344, 385, 435, 350, 400, 353, 443, 327, 368, 414, 372, 447, 325, 369, 337, 383, 302, 316, 418, 311, 394, 423, 436, 330, 416, 338, 349, 358, 345, 406, 360, 355, 382, 405, 389, 304, 377, 313, 326, 332, 310, 340, 331, 354, 388, 308, 339, 391, 346, 351, 356, 319, 334, 341, 442, 361, 437, 312, 392, 324, 318, 335, 359, 397, 428, 387, 322, 373, 386, 421, 343, 439, 396, 409, 441, 305, 402, 417, 307, 434, 399, 321, 374, 333, 348, 440, 371, 362, 404, 366, 448, 429, 329, 424, 357, 403, 412, 432, 419, 433, 431, 430, 390, 438, 446], [0, 41, 58, 77, 37, 125, 69, 112, 28, 94, 80, 52, 128, 107, 6, 70, 74, 84, 140, 44, 83, 142, 126, 1, 32, 78, 25, 117, 22, 24, 39, 42, 127, 48, 2, 8, 18, 139, 99, 92, 17, 148, 81, 136, 30, 31, 147, 68, 93, 60, 9, 14, 124, 40, 91, 118, 61, 132, 114, 82, 100, 115, 96, 11, 34, 46, 134, 7, 102, 13, 110, 86, 88, 122, 149, 47, 116, 101, 129, 27, 51, 79, 95, 57, 130, 72, 76, 66, 113, 143, 33, 53, 64, 97, 62, 144, 71, 141, 55, 105, 43, 146, 87, 138, 133, 45, 89, 75, 50, 123, 49, 119, 120, 73, 63, 85, 137, 3, 4, 19, 59, 108, 54, 67, 5, 145, 10, 29, 103, 131, 23, 15, 106, 16, 98, 12, 20, 90, 109, 56, 21, 35, 26, 104, 36, 38, 65, 135, 111, 121], [450, 459, 455, 582, 523, 542, 487, 531, 594, 574, 454, 508, 467, 586, 535, 544, 476, 595, 539, 460, 521, 530, 578, 556, 588, 469, 513, 478, 580, 593, 472, 551, 572, 514, 597, 537, 451, 490, 495, 457, 584, 528, 560, 461, 598, 524, 506, 480, 516, 452, 590, 473, 492, 571, 532, 463, 501, 538, 453, 475, 465, 592, 466, 470, 503, 520, 550, 462, 570, 488, 511, 527, 504, 496, 583, 485, 558, 591, 522, 573, 471, 484, 479, 564, 498, 599, 581, 505, 546, 557, 525, 456, 534, 477, 540, 519, 543, 468, 548, 563, 555, 526, 541, 576, 552, 579, 585, 474, 575, 489, 493, 497, 481, 553, 500, 507, 518, 458, 515, 486, 464, 509, 569, 567, 547, 568, 491, 510, 499, 502, 482, 483, 549, 577, 554, 494, 596, 545, 566, 536, 587, 565, 533, 559, 561, 589, 512, 517, 562, 529], [150, 152, 177, 258, 191, 192, 214, 287, 201, 230, 169, 241, 180, 243, 207, 254, 151, 222, 256, 271, 218, 154, 205, 279, 210, 204, 155, 263, 270, 286, 179, 284, 219, 245, 183, 225, 198, 282, 187, 296, 298, 165, 269, 223, 278, 174, 276, 156, 295, 159, 255, 206, 253, 291, 161, 251, 288, 250, 167, 227, 229, 277, 153, 220, 235, 172, 209, 176, 213, 290, 188, 236, 196, 208, 289, 171, 175, 185, 217, 261, 158, 262, 226, 232, 260, 266, 178, 234, 211, 294, 292, 197, 228, 299, 257, 274, 162, 202, 182, 280, 189, 252, 249, 259, 194, 267, 212, 203, 233, 248, 160, 168, 264, 293, 173, 190, 163, 216, 242, 164, 265, 246, 221, 184, 195, 281, 285, 215, 237, 186, 273, 272, 247, 238, 297, 199, 224, 240, 268, 275, 283, 200, 231, 157, 193, 166, 239, 244, 181, 170]]","[0.11787301598815247, 0.11840540601406246, 0.3618882190203294, 0.11486530600814149]","[81.3743255440495, 1.5579268070287071, 8.123448811995331, 161.27037102001486]","[""OPTIMAL"", ""OPTIMAL"", ""OPTIMAL"", ""OPTIMAL""]","[103.0, 92.0, 62.0, 114.0]","[103.0, 92.0, 62.0, 114.0]",[0.061676017998252064],,0.0,,,,,371.0,371.0,371.0,371.0,0.0,254.14174754917624
41,4,150,3000,750,-1,10,12,1800,3.328929473995231,[0.8958862340077758],[64.5815824290039],OPTIMAL,379.0,379.0,0.0,"[3.9459047279669903, 3.946379392000381, 3.9468011729768477, 3.9472452689660713, 3.947696493996773, 3.948135092970915, 3.9485761940013617, 3.949014581972733, 3.949450670974329, 4.148713764967397, 4.152649506984744, 4.153727685974445, 4.155227095994633, 4.156622662965674, 4.684912707016338, 4.689279932004865, 4.691527571005281, 5.102225821989123, 5.106289662013296, 5.467852893983945, 5.468388925015461, 5.727126054000109, 5.72844840498874, 5.771621456020512, 5.772150329023134, 5.772699802007992, 6.203268903016578, 6.58203076000791, 9.787509030022193, 10.57886182301445, 10.782894094008952, 13.302963363996241, 13.303882143984083, 13.326884536014404, 15.505021761986427, 20.934563690971117, 22.808964290015865, 27.56514108000556, 28.051403308985755, 37.47076253598789, 64.58018804399762]","[648.0, 571.0, 495.0, 491.0, 447.0, 446.0, 445.0, 444.0, 438.0, 427.0, 423.0, 419.0, 417.0, 416.0, 415.0, 414.0, 413.0, 412.0, 411.0, 405.0, 403.0, 402.0, 401.0, 400.0, 399.0, 398.0, 397.0, 394.0, 393.0, 392.0, 390.0, 389.0, 388.0, 387.0, 384.0, 383.0, 382.0, 381.0, 380.0, 379.0, 379.0]",65.47746866301168,4,0.999834277072024,"[0.9995633863533365, 0.9995379927833303, 0.999766698551198, 0.9997946632991448]","[0.28759960687186753, 0.23360989358751513, 0.26123109434138847, 0.27695338920338924]","[215.69970515390065, 175.20742019063636, 195.92332075604133, 207.7150419025419]","[2.0166666666666666, 2.15, 1.9345765345765344, 2.5636363636363635]",794.5454880031203,1.1368683772161605e-13,2.5636363636363635,3.789561257387201e-17,1.4308411467692643e-16,0.620518637006171,0.4321719229919836,"[750, 750, 750, 750]","[[300, 379, 435, 448, 414, 449, 418, 433, 311, 436, 325, 317, 319, 323, 344, 352, 409, 347, 322, 388, 353, 373, 329, 349, 399, 392, 438, 422, 338, 364, 437, 443, 326, 408, 341, 367, 407, 416, 332, 395, 445, 351, 343, 377, 346, 380, 385, 405, 421, 390, 394, 301, 327, 337, 362, 360, 398, 442, 336, 382, 386, 387, 359, 420, 340, 318, 430, 303, 335, 350, 374, 361, 306, 334, 441, 313, 309, 396, 333, 324, 370, 389, 411, 427, 321, 391, 415, 365, 410, 412, 383, 368, 304, 431, 316, 400, 432, 357, 402, 404, 307, 428, 320, 369, 330, 425, 315, 413, 354, 339, 356, 401, 355, 429, 439, 358, 406, 308, 348, 440, 426, 434, 447, 375, 302, 345, 378, 376, 393, 419, 314, 424, 342, 366, 305, 372, 363, 444, 310, 312, 331, 403, 371, 423, 328, 397, 417, 381, 446, 384], [0, 98, 147, 35, 45, 13, 103, 38, 132, 55, 94, 142, 3, 17, 25, 88, 1, 51, 105, 128, 42, 58, 107, 124, 23, 29, 24, 33, 66, 116, 113, 46, 62, 68, 70, 6, 64, 74, 31, 120, 37, 117, 44, 80, 123, 61, 96, 102, 2, 145, 11, 82, 129, 10, 57, 50, 136, 59, 67, 149, 76, 90, 134, 140, 27, 101, 127, 122, 148, 8, 21, 144, 52, 77, 72, 126, 40, 83, 91, 75, 131, 4, 118, 86, 89, 133, 48, 54, 139, 63, 85, 100, 130, 20, 5, 106, 112, 135, 146, 16, 28, 34, 15, 47, 79, 92, 95, 30, 65, 39, 43, 111, 7, 99, 60, 19, 71, 81, 114, 14, 69, 109, 36, 125, 141, 56, 22, 108, 104, 143, 119, 49, 12, 97, 110, 41, 53, 84, 18, 73, 26, 9, 93, 87, 115, 137, 78, 121, 32, 138], [150, 261, 209, 256, 167, 237, 192, 270, 224, 242, 286, 285, 163, 292, 293, 185, 279, 186, 197, 277, 200, 258, 191, 208, 249, 177, 260, 233, 238, 295, 232, 240, 247, 241, 195, 297, 199, 267, 257, 219, 223, 230, 152, 165, 161, 250, 290, 272, 275, 157, 207, 160, 248, 226, 203, 170, 179, 216, 210, 274, 193, 235, 299, 259, 298, 181, 252, 228, 281, 151, 229, 172, 282, 278, 284, 156, 263, 164, 189, 221, 205, 159, 276, 168, 220, 294, 204, 236, 213, 239, 155, 201, 166, 180, 251, 174, 215, 171, 280, 287, 227, 266, 154, 183, 222, 175, 269, 291, 158, 246, 283, 162, 169, 212, 265, 271, 187, 196, 254, 153, 243, 255, 273, 176, 234, 184, 211, 214, 231, 244, 262, 253, 288, 173, 206, 264, 289, 182, 225, 198, 296, 178, 190, 188, 194, 202, 217, 218, 245, 268], [450, 532, 546, 451, 473, 492, 569, 482, 490, 572, 519, 575, 587, 589, 479, 529, 510, 558, 477, 539, 597, 478, 487, 512, 583, 452, 570, 467, 457, 484, 495, 524, 540, 462, 585, 525, 530, 453, 564, 494, 531, 596, 579, 581, 458, 463, 542, 475, 493, 568, 486, 527, 521, 586, 460, 499, 507, 465, 503, 489, 511, 580, 593, 464, 533, 577, 599, 534, 595, 535, 544, 554, 573, 480, 545, 509, 522, 591, 561, 582, 454, 476, 515, 498, 516, 562, 598, 567, 459, 553, 526, 552, 588, 517, 590, 518, 470, 491, 571, 456, 566, 488, 555, 469, 547, 474, 501, 576, 500, 537, 565, 574, 483, 592, 506, 543, 551, 455, 538, 504, 513, 563, 466, 508, 548, 549, 536, 550, 559, 502, 523, 461, 471, 505, 560, 472, 541, 481, 497, 557, 496, 514, 485, 594, 528, 556, 584, 520, 578, 468]]","[0.12216930696740746, 0.11466772801941261, 0.11936886003240943, 0.3628766430192627]","[5.964095425035339, 21.500718939991202, 3.245125952991657, 17.03614863799885]","[""OPTIMAL"", ""OPTIMAL"", ""OPTIMAL"", ""OPTIMAL""]","[100.0, 92.0, 98.0, 89.0]","[100.0, 92.0, 98.0, 89.0]",[0.06249647896038368],,0.0,,,,,379.0,379.0,379.0,379.0,0.0,49.58035853301408
41,4,150,3000,750,-1,10,13,1800,3.826500939961989,[0.7212317730300128],[445.65203346899943],OPTIMAL,417.0,417.0,0.0,"[3.868277264991775, 3.902792167966254, 3.93285720795393, 3.9692072150064632, 3.973080415977165, 4.107418869971298, 4.108277502993587, 4.14138979598647, 4.188595574989449, 4.301160662958864, 4.325603379984386, 4.664898524992168, 5.331960980955046, 5.333600387966726, 5.335100137977861, 5.336564778990578, 5.338590430968907, 5.340074540989008, 5.341540511988569, 5.343013570003677, 5.344484733010177, 5.345956181001384, 5.347429310961161, 5.3488933889893815, 5.350363829988055, 5.351886759977788, 5.631690693960991, 5.7270209469716065, 5.729504860006273, 6.149833766976371, 6.150393580959644, 6.8567036999738775, 7.003358616959304, 7.10023010300938, 7.243996570992749, 7.24539224099135, 7.759701524977572, 7.770855021954048, 12.42999608698301, 12.554405230970588, 12.630635159963276, 12.661404173006304, 12.675771900976542, 12.78415976697579, 12.860440648975782, 12.884491316974163, 13.000975729955826, 13.001906308985781, 17.15307792200474, 23.84054816700518, 28.322758791968226, 30.23805608099792, 41.65000387397595, 52.677864580997266, 53.158425986999646, 445.65057273197453]","[719.0, 630.0, 614.0, 522.0, 520.0, 513.0, 511.0, 507.0, 499.0, 498.0, 493.0, 490.0, 489.0, 488.0, 486.0, 484.0, 483.0, 477.0, 474.0, 473.0, 470.0, 469.0, 467.0, 466.0, 465.0, 462.0, 460.0, 456.0, 455.0, 452.0, 451.0, 445.0, 444.0, 443.0, 442.0, 439.0, 438.0, 437.0, 436.0, 435.0, 434.0, 432.0, 431.0, 430.0, 428.0, 427.0, 426.0, 425.0, 424.0, 423.0, 421.0, 420.0, 419.0, 418.0, 417.0, 417.0]",446.3732652420295,4,0.9999755938160152,"[0.9999945048302542, 1.0, 0.9999003802155108, 0.999912525341923]","[0.28817492486674073, 0.2726200073034606, 0.3089543095556523, 0.3413720039078096]","[216.13119365005556, 204.46500547759544, 231.71573216673923, 256.0290029308572]","[2.0, 2.0, 2.65, 2.2032085561497325]",908.340934225247,0.0,2.65,0.0,0.0,0.6348654820467345,0.4274727249867283,"[750, 750, 750, 750]","[[0, 19, 82, 30, 89, 28, 75, 88, 12, 102, 27, 125, 22, 62, 55, 42, 60, 128, 10, 15, 16, 56, 99, 1, 132, 20, 26, 48, 2, 14, 3, 83, 90, 121, 69, 124, 136, 113, 35, 146, 81, 137, 41, 108, 78, 43, 70, 51, 59, 4, 54, 74, 24, 76, 52, 110, 38, 92, 63, 129, 25, 142, 127, 122, 17, 138, 29, 50, 105, 66, 45, 58, 86, 32, 139, 84, 134, 85, 97, 115, 96, 131, 135, 147, 119, 5, 33, 149, 7, 8, 80, 18, 73, 93, 46, 79, 140, 101, 130, 23, 31, 98, 141, 77, 65, 106, 114, 148, 6, 104, 112, 21, 53, 72, 34, 120, 94, 57, 36, 61, 111, 64, 123, 109, 144, 9, 68, 67, 13, 87, 47, 107, 49, 118, 103, 126, 91, 37, 39, 143, 40, 11, 145, 116, 100, 44, 133, 71, 95, 117], [300, 306, 322, 317, 410, 378, 443, 404, 414, 320, 324, 370, 423, 349, 397, 327, 346, 428, 367, 411, 418, 301, 434, 353, 439, 442, 313, 413, 343, 361, 303, 342, 395, 307, 448, 304, 440, 350, 365, 446, 316, 337, 369, 392, 422, 309, 400, 421, 333, 380, 382, 340, 430, 427, 383, 398, 314, 323, 328, 379, 315, 319, 334, 326, 377, 330, 351, 363, 373, 376, 389, 409, 305, 318, 364, 368, 341, 375, 388, 406, 432, 444, 445, 321, 435, 431, 335, 347, 419, 357, 311, 401, 405, 433, 449, 312, 408, 438, 355, 356, 374, 407, 371, 339, 412, 302, 437, 415, 352, 359, 396, 447, 362, 358, 403, 386, 390, 336, 385, 399, 348, 425, 345, 354, 387, 381, 308, 325, 391, 416, 360, 310, 384, 394, 393, 372, 402, 426, 424, 329, 417, 332, 338, 344, 436, 420, 366, 429, 331, 441], [150, 222, 197, 288, 245, 291, 210, 248, 268, 220, 285, 162, 183, 221, 289, 260, 191, 231, 195, 254, 287, 263, 278, 158, 273, 262, 239, 261, 166, 167, 203, 256, 201, 250, 270, 172, 179, 188, 298, 233, 251, 240, 276, 225, 227, 234, 272, 290, 151, 169, 226, 163, 177, 204, 208, 181, 205, 294, 274, 153, 282, 293, 223, 232, 244, 155, 267, 246, 247, 171, 242, 295, 187, 271, 152, 266, 185, 216, 160, 161, 281, 207, 258, 198, 264, 189, 257, 279, 174, 212, 211, 218, 186, 249, 229, 192, 259, 184, 269, 217, 241, 286, 224, 154, 206, 215, 280, 297, 180, 292, 209, 284, 296, 156, 252, 165, 230, 170, 193, 159, 213, 228, 243, 168, 173, 190, 238, 255, 176, 214, 178, 219, 283, 200, 277, 164, 235, 265, 275, 175, 236, 194, 253, 299, 157, 182, 202, 237, 199, 196], [450, 595, 589, 499, 461, 522, 540, 559, 572, 451, 519, 546, 498, 515, 452, 549, 577, 599, 555, 492, 528, 550, 593, 479, 576, 592, 453, 517, 561, 579, 490, 574, 493, 524, 523, 511, 562, 457, 495, 505, 481, 565, 514, 567, 506, 597, 470, 494, 459, 489, 484, 586, 488, 578, 474, 485, 501, 527, 537, 547, 585, 476, 503, 541, 575, 573, 455, 535, 465, 554, 538, 580, 460, 509, 536, 542, 472, 463, 478, 512, 530, 571, 491, 526, 544, 581, 468, 569, 497, 477, 594, 473, 510, 456, 539, 590, 502, 556, 513, 566, 466, 486, 518, 525, 568, 563, 458, 534, 483, 588, 587, 454, 553, 533, 591, 508, 462, 516, 596, 475, 507, 482, 598, 531, 552, 548, 558, 532, 521, 551, 560, 469, 504, 496, 545, 570, 582, 464, 471, 584, 500, 520, 543, 564, 583, 557, 467, 487, 480, 529]]","[0.3605376460473053, 0.11624040297465399, 0.12072413699934259, 0.36700910003855824]","[153.50909894198412, 3.0393240160192363, 271.56255567102926, 2.157183661009185]","[""OPTIMAL"", ""OPTIMAL"", ""OPTIMAL"", ""OPTIMAL""]","[102.0, 82.0, 132.0, 101.0]","[102.0, 81.99999999999999, 131.99999999999997, 101.0]",[0.06372937100240961],,0.0,,,,,417.0,417.0,417.0,417.0,0.0,432.35874115413753
41,4,150,3000,750,-1,10,14,1800,3.407809594005812,[0.7264210620196536],[111.94981142604956],OPTIMAL,459.0,459.0,0.0,"[4.832636025967076, 4.87693363399012, 4.950152406003326, 4.951004672970157, 4.952518215985037, 5.952094130974729, 5.953682649997063, 6.491443761973642, 6.494019722973462, 7.058699377987068, 7.071714183955919, 7.075537072960287, 7.076417635951657, 7.091401339974254, 7.09230281697819, 7.105286712991074, 7.106215515988879, 7.119725140975788, 7.194963196001481, 7.19875136698829, 10.509323064005002, 10.915340058971196, 10.931156273989473, 10.932309516996611, 11.284471171966288, 11.285675514955074, 11.57497566397069, 11.576194420980755, 11.811175404000096, 11.812347826955374, 12.063886479998473, 12.065051732992288, 12.190296724962536, 12.191448361962102, 12.310741377004888, 12.31190551695181, 12.42258310096804, 12.42375593597535, 12.7138140599709, 12.715007055958267, 12.843320769956335, 12.896508235950023, 13.083485229988582, 13.105973859957885, 13.19004578795284, 13.213041256996803, 13.298931444995105, 13.299840066989418, 13.300661693967413, 13.301490131998435, 13.321163176966365, 13.55424506397685, 13.575478290964384, 13.696394423954189, 13.697308252973016, 13.698143035988323, 13.736053147003986, 15.718869825999718, 17.610991761961486, 19.57195325900102, 24.303260809974745, 30.397434626996983, 32.54803517495748, 32.93619284196757, 33.70866629900411, 42.74472687696107, 111.94846472598147]","[2096.0, 2066.0, 1617.0, 1607.0, 1344.0, 1301.0, 1190.0, 1147.0, 1102.0, 901.0, 900.0, 897.0, 896.0, 894.0, 893.0, 832.0, 831.0, 830.0, 829.0, 797.0, 795.0, 794.0, 788.0, 773.0, 771.0, 769.0, 766.0, 765.0, 749.0, 738.0, 733.0, 727.0, 722.0, 716.0, 708.0, 704.0, 699.0, 693.0, 676.0, 669.0, 662.0, 657.0, 648.0, 644.0, 611.0, 608.0, 603.0, 600.0, 599.0, 598.0, 596.0, 566.0, 560.0, 540.0, 538.0, 532.0, 531.0, 528.0, 526.0, 518.0, 517.0, 474.0, 471.0, 470.0, 460.0, 459.0, 459.0]",112.67623248806922,4,0.9999518871923706,"[1.0, 1.0, 0.9997876370315101, 0.9998162266868652]","[0.3407134753361534, 0.36434607351712606, 0.28361872926694903, 0.41840327249576476]","[255.53510650211507, 273.25955513784453, 212.71404695021178, 313.80245437182356]","[2.2055555555555557, 2.8696969696969696, 2.2, 2.1]",1058.8165217663427,4.547473508864641e-13,2.8696969696969696,1.5158245029548803e-16,4.2948645165397907e-16,0.6402756330207922,0.4270051260245964,"[750, 750, 750, 750]","[[150, 151, 209, 163, 215, 280, 241, 237, 257, 187, 252, 219, 270, 235, 166, 213, 228, 250, 206, 224, 208, 225, 232, 247, 293, 248, 175, 273, 186, 193, 271, 152, 176, 221, 238, 204, 184, 194, 217, 272, 214, 198, 242, 275, 244, 266, 290, 153, 288, 197, 262, 190, 296, 205, 226, 255, 158, 165, 229, 179, 231, 196, 299, 183, 285, 239, 167, 279, 189, 210, 220, 278, 212, 162, 173, 287, 253, 260, 154, 192, 234, 286, 274, 159, 233, 259, 161, 182, 295, 263, 168, 289, 240, 294, 246, 282, 164, 191, 207, 181, 268, 269, 157, 267, 227, 298, 169, 249, 230, 170, 185, 281, 177, 195, 276, 254, 188, 174, 256, 223, 245, 155, 297, 180, 178, 291, 156, 160, 251, 202, 201, 283, 243, 199, 236, 200, 203, 277, 171, 284, 211, 216, 218, 172, 292, 222, 258, 261, 264, 265], [450, 470, 520, 569, 451, 531, 484, 545, 552, 518, 541, 458, 471, 549, 488, 560, 511, 486, 554, 461, 464, 566, 472, 475, 457, 500, 503, 519, 463, 468, 482, 574, 525, 515, 517, 587, 459, 547, 563, 589, 592, 462, 494, 599, 596, 473, 491, 582, 512, 568, 479, 537, 578, 467, 593, 497, 583, 490, 546, 567, 481, 570, 483, 544, 514, 580, 558, 584, 585, 505, 510, 456, 487, 562, 469, 499, 535, 551, 506, 453, 513, 576, 480, 597, 577, 572, 598, 454, 586, 524, 590, 565, 452, 476, 526, 509, 561, 455, 575, 485, 507, 474, 532, 460, 501, 489, 523, 539, 478, 498, 495, 465, 588, 540, 516, 595, 581, 529, 550, 538, 571, 591, 542, 594, 466, 534, 502, 508, 564, 573, 477, 492, 533, 555, 559, 579, 493, 522, 496, 504, 536, 543, 557, 521, 553, 527, 528, 530, 556, 548], [0, 59, 132, 74, 22, 93, 18, 37, 95, 109, 8, 146, 66, 103, 128, 79, 35, 75, 88, 121, 9, 73, 48, 46, 98, 10, 123, 7, 102, 50, 72, 83, 14, 62, 120, 140, 91, 138, 144, 124, 29, 114, 39, 143, 2, 57, 25, 64, 15, 40, 49, 60, 28, 47, 149, 85, 133, 11, 27, 119, 129, 135, 78, 122, 65, 90, 141, 17, 106, 68, 16, 19, 134, 52, 45, 104, 21, 36, 32, 30, 145, 125, 105, 69, 94, 82, 80, 101, 31, 86, 96, 1, 110, 107, 137, 20, 53, 126, 3, 130, 131, 142, 70, 136, 100, 58, 61, 84, 89, 81, 108, 24, 116, 43, 26, 34, 92, 147, 38, 4, 44, 139, 54, 13, 113, 23, 42, 76, 118, 127, 41, 97, 56, 99, 112, 63, 111, 6, 51, 87, 12, 55, 33, 77, 71, 5, 67, 115, 117, 148], [300, 319, 340, 427, 431, 429, 301, 329, 384, 394, 418, 333, 348, 378, 410, 305, 436, 328, 337, 415, 400, 346, 374, 397, 396, 435, 323, 354, 303, 438, 391, 411, 320, 352, 365, 371, 399, 404, 440, 314, 449, 315, 321, 304, 324, 331, 332, 407, 370, 335, 406, 309, 334, 448, 326, 361, 437, 342, 367, 428, 302, 424, 433, 345, 393, 318, 339, 376, 416, 403, 359, 362, 422, 395, 308, 425, 426, 445, 311, 372, 439, 398, 432, 447, 349, 385, 363, 383, 420, 310, 341, 344, 375, 444, 312, 316, 368, 417, 338, 389, 414, 306, 325, 366, 379, 380, 413, 322, 446, 382, 353, 441, 351, 442, 421, 401, 430, 336, 373, 388, 347, 358, 390, 356, 360, 387, 392, 405, 419, 434, 313, 357, 327, 386, 350, 409, 317, 355, 381, 423, 330, 408, 343, 364, 377, 412, 402, 443, 307, 369]]","[0.1275822750176303, 0.37409574002958834, 0.11717894999310374, 0.11757234501419589]","[3.342898859991692, 9.816943351004738, 115.47990248404676, 15.157535049016587]","[""OPTIMAL"", ""OPTIMAL"", ""OPTIMAL"", ""OPTIMAL""]","[103.0, 110.0, 129.0, 117.0]","[103.0, 110.0, 129.0, 117.0]",[0.06286810501478612],,0.0,,,,,459.0,459.0,459.0,459.0,0.0,145.66385791817447
62,6,150,4500,750,-1,10,655,1800,4.010994728654623,[1.1926369140855968],[62.37904299609363],OPTIMAL,513.0,513.0,0.0,"[4.560191696044058, 4.609578677918762, 4.6600895202718675, 4.661988899111748, 4.663060260005295, 4.6650659423321486, 4.972094647120684, 4.972858346067369, 4.9738238719291985, 5.352171763312072, 5.357741175219417, 5.359289988875389, 5.365884406957775, 5.368019002024084, 6.359071234241128, 6.612560451030731, 6.614633946213871, 7.563739316072315, 7.566427213139832, 13.059897615108639, 13.192047562915832, 13.237327703274786, 13.409515634179115, 16.207358629908413, 16.331512277945876, 18.47814930509776, 20.348270548973233, 23.785749677103013, 30.33117299992591, 32.47253179224208, 35.927795018069446, 39.71944400994107]","[740.0, 663.0, 592.0, 590.0, 580.0, 575.0, 573.0, 570.0, 568.0, 557.0, 556.0, 555.0, 552.0, 551.0, 542.0, 540.0, 538.0, 535.0, 534.0, 533.0, 532.0, 531.0, 530.0, 529.0, 528.0, 527.0, 525.0, 523.0, 520.0, 519.0, 515.0, 513.0]",63.57167991017923,6,0.9999839234377365,"[1.0, 1.0, 0.9998996464011428, 1.0, 1.0, 0.9998989922996483]","[0.3095404755608178, 0.2639818905811636, 0.20975345706426599, 0.2752485004376579, 0.2046061282261309, 0.22242035901847115]","[232.15535667061337, 197.9864179358727, 157.3150927981995, 206.43637532824343, 153.45459616959818, 166.81526926385337]","[2.2, 1.881818181818182, 1.8654605263157893, 1.8444444444444443, 1.9358288770053478, 2.0521756021756024]",1114.1631081663802,0.0,2.2,0.0,0.0,1.0365824443288147,0.6430594981648028,"[750, 750, 750, 750, 750, 750]","[[150, 153, 272, 252, 178, 253, 260, 254, 164, 172, 183, 197, 200, 215, 231, 226, 292, 246, 152, 162, 204, 196, 240, 165, 235, 277, 221, 228, 233, 249, 269, 239, 267, 166, 207, 208, 243, 294, 237, 189, 229, 298, 286, 203, 157, 283, 264, 232, 299, 185, 158, 191, 193, 248, 163, 174, 177, 250, 288, 160, 194, 223, 280, 217, 219, 291, 256, 151, 187, 202, 173, 236, 159, 295, 290, 227, 242, 216, 225, 271, 181, 195, 188, 266, 284, 276, 156, 241, 209, 270, 287, 281, 184, 186, 190, 198, 161, 238, 262, 273, 199, 213, 247, 220, 218, 201, 274, 222, 154, 214, 268, 169, 170, 224, 179, 251, 167, 245, 258, 171, 180, 211, 257, 168, 263, 175, 155, 234, 297, 176, 279, 182, 205, 275, 206, 278, 212, 296, 230, 265, 261, 255, 289, 192, 244, 293, 210, 282, 285, 259], [0, 82, 125, 109, 63, 111, 12, 64, 32, 132, 81, 130, 106, 2, 37, 66, 71, 104, 5, 8, 80, 84, 119, 9, 45, 127, 59, 95, 100, 116, 142, 17, 28, 26, 72, 47, 88, 86, 146, 19, 29, 68, 124, 126, 133, 16, 118, 97, 149, 55, 30, 65, 77, 78, 51, 143, 54, 107, 135, 69, 148, 1, 7, 90, 27, 120, 96, 70, 4, 44, 39, 138, 46, 93, 11, 23, 75, 76, 21, 56, 57, 73, 102, 103, 101, 50, 62, 67, 123, 3, 13, 74, 140, 34, 114, 48, 94, 6, 10, 105, 22, 20, 91, 113, 129, 40, 137, 122, 41, 136, 60, 83, 14, 18, 52, 110, 43, 115, 24, 49, 42, 98, 15, 25, 36, 79, 141, 145, 33, 99, 112, 53, 89, 85, 31, 87, 61, 147, 128, 35, 117, 38, 108, 58, 134, 92, 121, 131, 139, 144], [750, 819, 766, 896, 796, 793, 803, 876, 756, 816, 779, 817, 871, 887, 881, 847, 869, 758, 761, 897, 856, 773, 857, 826, 849, 754, 851, 805, 877, 767, 867, 792, 840, 811, 809, 866, 848, 875, 789, 893, 771, 861, 833, 870, 777, 820, 765, 774, 830, 842, 781, 860, 890, 782, 810, 882, 843, 785, 751, 762, 772, 854, 891, 755, 859, 775, 852, 759, 895, 769, 822, 850, 814, 839, 831, 752, 768, 786, 838, 835, 868, 889, 753, 776, 799, 780, 834, 863, 757, 812, 787, 899, 804, 801, 802, 894, 862, 885, 760, 763, 827, 873, 788, 797, 883, 798, 825, 800, 898, 841, 853, 844, 879, 764, 864, 818, 846, 865, 770, 783, 836, 878, 791, 794, 778, 821, 807, 806, 813, 815, 872, 784, 832, 837, 823, 855, 888, 892, 824, 828, 790, 858, 808, 880, 845, 795, 884, 886, 829, 874], [450, 547, 470, 553, 481, 599, 503, 524, 545, 511, 574, 515, 548, 455, 506, 568, 581, 565, 567, 476, 501, 594, 542, 454, 523, 516, 459, 497, 571, 465, 483, 519, 494, 485, 527, 554, 456, 597, 468, 471, 498, 537, 540, 592, 586, 484, 546, 593, 556, 487, 577, 551, 493, 490, 502, 518, 587, 512, 573, 570, 451, 575, 472, 572, 473, 520, 541, 466, 552, 528, 589, 504, 525, 563, 457, 557, 460, 480, 517, 514, 580, 539, 474, 534, 509, 591, 555, 559, 453, 461, 532, 583, 596, 488, 578, 543, 530, 550, 531, 463, 561, 576, 585, 482, 496, 521, 562, 538, 569, 452, 475, 560, 477, 564, 495, 590, 536, 558, 544, 462, 513, 464, 507, 486, 508, 535, 499, 582, 588, 529, 478, 584, 458, 500, 467, 579, 492, 469, 479, 526, 598, 489, 566, 491, 510, 522, 595, 505, 533, 549], [300, 334, 360, 367, 306, 314, 366, 396, 330, 414, 418, 419, 365, 397, 424, 310, 446, 345, 407, 433, 376, 390, 315, 405, 350, 331, 387, 357, 317, 436, 435, 381, 421, 301, 442, 403, 445, 313, 443, 323, 411, 341, 346, 375, 307, 319, 399, 347, 311, 351, 378, 427, 318, 316, 422, 369, 388, 402, 321, 406, 349, 374, 400, 429, 336, 356, 395, 342, 437, 372, 382, 364, 385, 303, 410, 305, 428, 326, 447, 389, 432, 304, 408, 383, 391, 344, 370, 420, 355, 425, 328, 444, 335, 358, 379, 308, 348, 352, 309, 361, 373, 413, 439, 440, 449, 322, 324, 392, 426, 416, 438, 320, 329, 353, 340, 412, 384, 312, 333, 354, 359, 398, 377, 423, 448, 417, 302, 431, 441, 332, 401, 325, 404, 368, 393, 415, 327, 430, 337, 362, 434, 338, 343, 380, 394, 409, 371, 386, 339, 363], [600, 615, 621, 675, 746, 725, 743, 601, 658, 697, 638, 740, 616, 679, 620, 719, 647, 693, 732, 602, 634, 739, 683, 747, 642, 705, 738, 607, 676, 648, 612, 659, 668, 692, 674, 712, 627, 749, 744, 637, 641, 682, 661, 713, 685, 645, 646, 709, 695, 663, 701, 734, 699, 604, 678, 656, 681, 690, 686, 610, 650, 691, 714, 618, 720, 737, 622, 625, 707, 629, 603, 669, 609, 672, 631, 689, 715, 730, 723, 729, 605, 702, 632, 635, 670, 636, 640, 617, 665, 628, 742, 698, 623, 704, 644, 655, 731, 748, 671, 696, 703, 711, 716, 606, 639, 652, 633, 687, 741, 653, 684, 673, 614, 710, 745, 611, 626, 722, 724, 733, 608, 643, 694, 708, 613, 718, 619, 630, 649, 664, 700, 736, 717, 727, 624, 688, 651, 728, 680, 657, 677, 662, 735, 721, 654, 726, 660, 667, 666, 706]]","[0.3716197768226266, 0.12302835704758763, 0.1276540090329945, 0.13276259321719408, 0.37814608914777637, 0.12770060496404767]","[3.3390782717615366, 17.091879854910076, 2.8582501728087664, 19.852558962069452, 2.4571692841127515, 1.5803338936530054]","[""OPTIMAL"", ""OPTIMAL"", ""OPTIMAL"", ""OPTIMAL"", ""OPTIMAL"", ""OPTIMAL""]","[76.0, 88.0, 69.0, 133.0, 81.0, 66.0]","[76.0, 88.0, 69.0, 133.0, 81.0, 66.0]",[0.09548493521288037],,0.0,,,,,513.0,513.0,513.0,513.0,0.0,50.21530874725431
62,6,150,4500,750,-1,10,656,1800,4.357873746659607,[1.3067918550223112],[1800.8753054128028],TIME_LIMIT,525.0,520.0,0.0095238095238095,"[4.7686852482147515, 4.823138409294188, 4.874297452159226, 4.893250338267535, 4.897079320158809, 4.898345281835645, 4.969770093914121, 4.971003875136375, 4.973575876094401, 5.031559469178319, 5.045569831971079, 5.046875919215381, 5.091290541924536, 5.20237344596535, 5.203624195884913, 5.205093556083739, 5.23113367985934, 5.251816253177822, 5.254769287072122, 5.880762143991888, 5.881584656890482, 5.882334650028497, 5.8830637112259865, 5.883773688226938, 6.044914972037077, 6.047842963133007, 6.052364584989846, 7.487338460981846, 7.49588376423344, 7.5054099089466035, 7.50780309503898, 7.936762405093759, 7.9375529969111085, 8.012004852294922, 8.01283474219963, 8.469142192043364, 8.472859302069992, 12.173554025124758, 15.578213822096586, 16.306252066977322, 16.432565566152334, 16.67921886127442, 16.68045827606693, 18.819179606158286, 20.633827378973365, 22.69404952088371, 24.52109642792493, 26.65239617228508, 31.53862418513745, 41.877578262239695, 46.22712096106261, 51.5224861712195, 85.97427111724392, 103.2564174872823, 104.59281341684982, 1800.7092827120796]","[813.0, 723.0, 675.0, 668.0, 663.0, 659.0, 644.0, 642.0, 641.0, 630.0, 627.0, 626.0, 625.0, 624.0, 623.0, 622.0, 621.0, 620.0, 614.0, 613.0, 612.0, 594.0, 593.0, 588.0, 572.0, 571.0, 570.0, 565.0, 564.0, 563.0, 562.0, 561.0, 559.0, 552.0, 551.0, 550.0, 549.0, 548.0, 547.0, 546.0, 545.0, 544.0, 543.0, 542.0, 540.0, 539.0, 537.0, 536.0, 535.0, 530.0, 529.0, 528.0, 527.0, 526.0, 525.0, 525.0]",1802.1820972678247,6,0.9999720928415348,"[0.9999888852457194, 1.0, 0.9999880052057407, 0.9998601223929062, 1.0, 0.9998393684886869]","[0.18228252297960526, 0.22629915983282847, 0.2166961664066927, 0.4000207081503521, 0.2548292728544445, 0.24164101044867303]","[136.71189223470395, 169.72436987462135, 162.52212480501953, 300.0155311127641, 191.12195464083337, 181.23075783650478]","[1.7954545454545454, 2.1, 1.840909090909091, 2.257894736842105, 2.1214285714285714, 1.8564859117490695]",1141.3266305044478,6.821210263296962e-13,2.257894736842105,1.5158245029548803e-16,5.976562783150097e-16,1.1508130859583616,0.6488873143680394,"[750, 750, 750, 750, 750, 750]","[[450, 577, 461, 595, 498, 599, 553, 594, 452, 539, 457, 561, 463, 556, 528, 537, 535, 484, 586, 525, 496, 520, 531, 470, 483, 516, 583, 575, 582, 451, 569, 492, 513, 518, 593, 523, 473, 490, 508, 545, 494, 536, 581, 541, 584, 544, 566, 591, 454, 467, 493, 527, 456, 542, 592, 572, 497, 546, 588, 519, 565, 512, 557, 597, 517, 555, 596, 562, 462, 559, 469, 587, 590, 468, 574, 589, 534, 560, 475, 514, 453, 471, 558, 543, 465, 533, 504, 576, 550, 567, 458, 532, 502, 485, 564, 529, 499, 500, 459, 511, 552, 474, 521, 585, 563, 480, 501, 530, 507, 549, 477, 489, 524, 491, 455, 472, 506, 540, 510, 476, 478, 460, 568, 538, 479, 482, 481, 488, 571, 495, 509, 548, 505, 570, 464, 503, 486, 487, 526, 522, 551, 466, 515, 547, 598, 554, 573, 578, 579, 580], [750, 823, 857, 846, 803, 813, 833, 781, 870, 772, 793, 848, 768, 785, 864, 865, 782, 854, 863, 800, 820, 754, 786, 787, 761, 815, 764, 893, 841, 759, 765, 794, 831, 862, 784, 822, 897, 760, 860, 875, 810, 872, 882, 891, 799, 894, 836, 847, 855, 769, 774, 866, 874, 827, 755, 849, 756, 871, 885, 881, 763, 834, 877, 890, 770, 898, 751, 776, 804, 757, 778, 896, 771, 814, 818, 832, 806, 807, 880, 853, 892, 752, 798, 888, 895, 819, 788, 886, 850, 856, 758, 899, 826, 828, 867, 775, 861, 789, 809, 843, 762, 829, 805, 837, 808, 873, 773, 876, 889, 879, 812, 838, 844, 859, 869, 753, 868, 796, 858, 783, 817, 790, 845, 767, 816, 825, 851, 830, 766, 811, 777, 780, 839, 821, 884, 801, 835, 840, 883, 824, 792, 852, 802, 878, 795, 842, 797, 779, 887, 791], [0, 20, 78, 82, 147, 23, 70, 85, 108, 94, 14, 55, 80, 41, 142, 140, 72, 88, 26, 63, 74, 64, 132, 133, 9, 84, 128, 54, 75, 19, 127, 31, 51, 59, 39, 125, 22, 122, 1, 38, 71, 89, 6, 66, 101, 136, 5, 15, 62, 86, 30, 87, 81, 2, 11, 144, 3, 116, 126, 18, 76, 112, 118, 97, 130, 95, 149, 135, 4, 77, 68, 117, 16, 65, 56, 7, 34, 49, 12, 134, 17, 73, 61, 109, 27, 93, 96, 106, 110, 100, 141, 46, 115, 146, 58, 8, 36, 42, 52, 113, 60, 111, 25, 124, 28, 83, 29, 35, 105, 138, 43, 99, 10, 45, 57, 24, 33, 91, 69, 98, 13, 48, 92, 67, 40, 79, 131, 114, 148, 21, 90, 102, 129, 139, 37, 47, 50, 103, 32, 44, 137, 53, 143, 107, 121, 104, 120, 145, 119, 123], [150, 197, 160, 181, 223, 282, 296, 175, 283, 180, 269, 184, 222, 202, 235, 258, 167, 172, 249, 224, 285, 163, 250, 274, 265, 256, 276, 191, 218, 273, 238, 166, 169, 217, 215, 275, 267, 291, 177, 208, 297, 151, 247, 199, 206, 214, 168, 212, 196, 231, 257, 161, 290, 193, 213, 292, 254, 248, 162, 211, 232, 237, 234, 270, 279, 154, 178, 277, 287, 165, 226, 189, 204, 228, 155, 245, 201, 268, 281, 299, 176, 259, 156, 164, 260, 225, 171, 170, 190, 263, 294, 158, 220, 183, 174, 203, 205, 261, 264, 298, 173, 251, 262, 179, 295, 157, 192, 198, 210, 241, 159, 242, 289, 194, 182, 200, 252, 272, 236, 186, 271, 239, 255, 187, 246, 280, 195, 216, 227, 229, 244, 253, 221, 152, 207, 185, 243, 209, 188, 230, 278, 219, 284, 240, 286, 153, 233, 288, 266, 293], [600, 704, 740, 631, 602, 657, 683, 691, 604, 612, 651, 617, 644, 643, 623, 693, 662, 706, 635, 699, 721, 605, 661, 608, 655, 664, 682, 613, 739, 716, 725, 660, 680, 702, 665, 686, 609, 731, 621, 749, 663, 695, 708, 616, 647, 618, 679, 626, 619, 667, 732, 685, 710, 646, 687, 675, 738, 614, 668, 636, 669, 746, 681, 607, 734, 741, 630, 628, 696, 743, 688, 689, 712, 672, 698, 736, 713, 620, 673, 622, 642, 692, 707, 640, 728, 723, 652, 717, 641, 690, 601, 730, 745, 720, 722, 737, 603, 711, 611, 671, 624, 666, 697, 606, 610, 629, 658, 659, 744, 733, 625, 648, 654, 700, 633, 678, 634, 639, 729, 677, 694, 727, 645, 718, 714, 670, 674, 653, 701, 724, 627, 656, 684, 650, 726, 638, 632, 676, 748, 735, 615, 719, 637, 709, 715, 649, 703, 747, 705, 742], [300, 327, 396, 424, 305, 318, 328, 330, 427, 358, 380, 428, 441, 336, 337, 339, 394, 341, 362, 364, 321, 371, 422, 366, 303, 313, 402, 404, 372, 306, 340, 350, 360, 376, 314, 320, 315, 390, 438, 410, 325, 347, 367, 343, 421, 316, 423, 378, 426, 429, 434, 344, 381, 383, 395, 415, 373, 437, 354, 433, 392, 443, 304, 332, 440, 413, 377, 414, 418, 326, 407, 425, 365, 375, 398, 412, 312, 329, 356, 335, 322, 431, 349, 442, 351, 400, 342, 357, 361, 385, 399, 416, 406, 446, 319, 417, 346, 401, 391, 308, 352, 370, 382, 420, 447, 345, 430, 419, 359, 386, 432, 353, 393, 444, 368, 387, 369, 435, 388, 389, 448, 348, 409, 408, 301, 311, 323, 374, 384, 333, 379, 436, 302, 397, 309, 439, 363, 449, 317, 324, 445, 338, 355, 405, 331, 334, 403, 310, 411, 307]]","[0.13424324709922075, 0.1305250721052289, 0.4462998886592686, 0.12877996917814016, 0.13220362924039364, 0.12125704297795892]","[5.190850528888404, 6.381391109898686, 10.47167298104614, 164.45234640687704, 10.02493899827823, 33.59757627919316]","[""OPTIMAL"", ""OPTIMAL"", ""OPTIMAL"", ""OPTIMAL"", ""OPTIMAL"", ""OPTIMAL""]","[102.0, 75.0, 77.0, 112.0, 60.0, 97.0]","[102.0, 75.0, 77.0, 112.0, 60.0, 97.0]",[0.09369529178366065],,0.0,,,,,523.0,523.0,523.0,523.0,-0.3824091778202677,233.105480845552
62,6,150,4500,750,-1,10,657,1800,4.4732684711925685,"[1.0829952480271459, 1.612737838178873]","[0.6953581338748336, 259.65969962999225]",OPTIMAL,590.0,590.0,0.0,"[8.729395592585206, 8.793889347929507, 8.94264954002574, 8.96935876365751, 8.970946402754635, 9.005244907923043, 9.006877707783133, 9.03701552376151, 9.054134378675371, 9.23244313057512, 9.23395275278017, 9.254753906745464, 9.29027813859284, 9.331391078885645, 9.434502567630261, 10.009536898694932, 10.010632989928126, 10.011697372887284, 10.832598121836782, 10.992973120883107, 11.195462446659803, 11.197220359928906, 11.348312616813928, 11.999991556629539, 12.10042070876807, 12.102287666872144, 12.161027980968356, 12.23156595788896, 12.26976351859048, 12.292756164912134, 12.333037459757179, 12.378224771935493, 12.422117246780545, 12.546401576604694, 12.707916916813701, 18.053201869595796, 25.603148257825524, 29.38735173176974, 32.386724232696, 39.880440370645374, 43.51319907978177, 50.11139627965167, 68.81424795091152, 95.12544216075912, 98.85516437375918, 105.62861600983888, 259.655250640586]","[840.0, 722.0, 660.0, 658.0, 657.0, 653.0, 651.0, 650.0, 646.0, 645.0, 643.0, 640.0, 639.0, 638.0, 637.0, 636.0, 633.0, 632.0, 627.0, 626.0, 625.0, 623.0, 619.0, 618.0, 617.0, 616.0, 613.0, 612.0, 611.0, 610.0, 609.0, 608.0, 607.0, 606.0, 605.0, 602.0, 601.0, 600.0, 598.0, 597.0, 596.0, 595.0, 594.0, 593.0, 591.0, 590.0, 590.0]",263.0507908500731,7,0.9761550126066632,"[1.0, 0.9999943162764791, 1.0, 0.9999944819061704, 0.9999279322563209, 0.7676481394006194, 0.7742743805584106]","[0.11311298090417074, 0.09352626978990444, 0.10841057312252968, 0.08099966098821934, 0.08227471734730267, 0.14666486100982667, 0.16228068309546945]","[84.83473567812806, 70.14470234242833, 81.30792984189726, 60.74974574116451, 61.29466442374049, 57.199295793832405, 59.23244932984635]","[1.664393939393939, 1.4930735930735932, 1.719047619047619, 1.53125, 1.5569444444444445, 1.6691729323308269, 1.6666666666666665]",536.7403265726354,61.976803421597936,1.75,0.0137726229825773,0.1154688782511208,1.1497419797815382,0.7201387849636376,"[750, 750, 750, 750, 745, 390, 365]","[[600, 628, 601, 684, 609, 663, 616, 669, 625, 644, 687, 694, 603, 699, 701, 629, 720, 736, 695, 733, 714, 619, 713, 622, 743, 724, 627, 631, 633, 640, 650, 658, 666, 703, 639, 704, 707, 718, 654, 659, 739, 638, 655, 719, 604, 632, 617, 716, 675, 723, 693, 676, 706, 647, 671, 665, 606, 715, 610, 660, 661, 700, 677, 728, 653, 748, 602, 649, 681, 612, 667, 726, 620, 727, 698, 641, 643, 648, 680, 712, 635, 642, 735, 737, 656, 697, 708, 668, 742, 717, 605, 614, 618, 623, 682, 624, 652, 664, 670, 679, 662, 688, 744, 607, 725, 747, 608, 732, 651, 696, 657, 734, 615, 645, 722, 702, 611, 613, 749, 711, 740, 626, 636, 678, 731, 673, 705, 745, 730, 741, 746, 621, 692, 683, 685, 691, 738, 630, 686, 709, 672, 646, 721, 674, 729, 690, 634, 689, 710, 637], [300, 322, 343, 422, 379, 365, 378, 301, 347, 307, 337, 363, 400, 312, 327, 445, 330, 446, 371, 306, 358, 374, 436, 345, 411, 426, 373, 416, 308, 407, 349, 351, 393, 392, 410, 443, 370, 402, 394, 405, 428, 399, 304, 381, 415, 334, 429, 325, 440, 377, 385, 316, 364, 318, 335, 401, 362, 408, 323, 412, 357, 368, 444, 305, 409, 424, 309, 387, 376, 430, 317, 320, 328, 331, 389, 310, 391, 435, 403, 439, 329, 367, 342, 333, 396, 437, 336, 434, 448, 360, 388, 366, 432, 413, 355, 398, 384, 313, 375, 427, 383, 386, 326, 338, 339, 319, 382, 406, 421, 442, 302, 324, 369, 340, 348, 346, 418, 414, 449, 350, 303, 404, 419, 311, 420, 438, 447, 441, 352, 354, 359, 380, 361, 425, 397, 314, 315, 344, 321, 417, 433, 341, 390, 353, 372, 395, 431, 423, 332, 356], [450, 477, 533, 467, 555, 476, 516, 530, 502, 505, 510, 547, 478, 486, 577, 540, 593, 453, 458, 585, 465, 490, 471, 575, 587, 586, 591, 469, 507, 542, 479, 483, 588, 497, 468, 558, 518, 570, 579, 496, 535, 466, 554, 511, 565, 562, 470, 534, 545, 592, 537, 578, 508, 521, 564, 500, 583, 532, 576, 472, 474, 550, 491, 553, 451, 541, 512, 596, 513, 456, 515, 538, 460, 493, 594, 461, 506, 484, 599, 523, 528, 457, 595, 488, 597, 580, 464, 529, 590, 559, 582, 563, 487, 581, 526, 536, 454, 489, 473, 543, 503, 573, 463, 551, 556, 495, 517, 520, 459, 557, 462, 549, 492, 514, 560, 552, 480, 509, 568, 572, 475, 501, 571, 482, 494, 504, 522, 544, 481, 539, 498, 485, 519, 527, 569, 525, 531, 546, 566, 499, 589, 524, 548, 561, 452, 567, 574, 598, 584, 455], [750, 768, 774, 779, 780, 882, 761, 821, 781, 798, 832, 769, 899, 822, 855, 864, 886, 830, 758, 802, 872, 823, 764, 890, 851, 871, 807, 849, 771, 795, 860, 778, 880, 881, 885, 773, 838, 831, 865, 883, 775, 805, 809, 840, 752, 818, 841, 867, 754, 757, 756, 794, 763, 797, 788, 803, 770, 874, 843, 846, 891, 767, 858, 782, 859, 786, 808, 789, 753, 814, 893, 793, 857, 862, 760, 762, 897, 804, 863, 835, 861, 800, 815, 824, 879, 755, 766, 852, 892, 889, 898, 790, 817, 765, 792, 833, 777, 842, 845, 868, 783, 828, 856, 801, 806, 870, 875, 825, 884, 816, 896, 853, 829, 837, 887, 894, 751, 895, 772, 850, 784, 796, 813, 812, 877, 847, 873, 834, 839, 776, 759, 791, 848, 785, 827, 876, 854, 826, 869, 878, 888, 799, 819, 810, 811, 836, 820, 844, 866, 787], [150, 224, 268, 294, 219, 276, 208, 223, 197, 239, 249, 163, 171, 221, 205, 175, 191, 285, 286, 151, 160, 236, 178, 247, 180, 233, 216, 206, 172, 186, 210, 225, 195, 298, 257, 255, 296, 282, 204, 207, 228, 159, 181, 185, 265, 297, 238, 274, 202, 258, 230, 237, 165, 173, 203, 259, 213, 193, 261, 283, 287, 201, 217, 226, 289, 152, 234, 264, 168, 292, 170, 293, 153, 288, 291, 212, 174, 177, 242, 182, 253, 176, 254, 229, 196, 235, 222, 299, 157, 295, 256, 262, 158, 162, 251, 277, 169, 227, 167, 192, 278, 154, 266, 272, 279, 215, 269, 209, 156, 164, 190, 161, 220, 231, 260, 189, 200, 188, 232, 284, 211, 252, 184, 218, 245, 270, 155, 243, 214, 240, 281, 271, 273, 187, 246, 166, 290, 263, 194, 241, 244, 250, 198, 199, 248, 179, 275, 183, 267], [0, 71, 116, 17, 19, 11, 40, 38, 91, 5, 23, 53, 33, 78, 90, 111, 51, 55, 100, 113, 84, 141, 140, 3, 7, 57, 118, 42, 69, 82, 108, 37, 106, 44, 101, 134, 6, 59, 87, 122, 43, 104, 103, 34, 46, 148, 73, 123, 74, 80, 8, 124, 146, 143, 9, 41, 86, 13, 76, 52, 88, 119, 24, 109, 20, 114, 12, 63, 93, 64, 81, 96, 149, 67, 97, 72, 107, 85], [1, 125, 21, 32, 112, 14, 50, 127, 94, 120, 135, 4, 121, 79, 128, 126, 75, 110, 133, 2, 99, 61, 16, 92, 30, 26, 39, 45, 95, 28, 56, 89, 137, 144, 48, 139, 58, 105, 136, 68, 102, 54, 66, 15, 98, 18, 36, 29, 31, 62, 132, 147, 27, 142, 35, 60, 70, 130, 129, 83, 49, 115, 10, 65, 22, 47, 25, 131, 145, 77, 117, 138, 280]]","[0.5231141769327223, 0.16725023929029703, 0.17001412203535438, 0.16879500402137637, 0.5213027219288051, 0.09350009867921472, 0.09370179520919919]","[4.586212656926364, 2.6312215281650424, 40.66827996680513, 1.4973155381157994, 5.282669932115823, 0.16249340400099754, 1.0367726744152606]","[""OPTIMAL"", ""OPTIMAL"", ""OPTIMAL"", ""OPTIMAL"", ""OPTIMAL"", ""OPTIMAL"", ""OPTIMAL""]","[83.0, 113.0, 97.0, 88.0, 63.0, 51.0, 51.0]","[83.0, 113.0, 97.0, 88.0, 63.0, 51.0, 51.0]","[0.12951822765171528, 0.010701322928071022, 0.011086076963692904]","[118, 254, 380]",380.0,"[0.09497276600450277, 0.06827971804887056, 0.061065223067998886]","[0.03666230710223317, 0.1906241192482412, 0.20192850707098842]","[0.0009924806654453278, 0.024311577901244164, 2.5987212248146534]",OPTIMAL,546.0,546.0,610.0,610.0,3.278688524590164,62.90138817485422
62,6,150,4500,750,-1,10,658,1800,4.678498459048569,[0.8236751486547291],[1799.0238280748017],OPTIMAL,635.0,635.0,0.0,"[8.647116204723716, 8.831799186766148, 9.567266986705363, 9.568596083670855, 9.57070255279541, 9.571936591994017, 10.7906662276946, 10.791933306958526, 10.794056199956685, 10.795298976823688, 11.404916326981038, 11.406538554932922, 11.407895349897444, 11.409926974680275, 12.187066297978163, 12.211165828630328, 12.212342723738402, 12.247787549626082, 12.248909533955157, 12.251192890573293, 12.349280873779207, 12.350427432917058, 12.35696217091754, 12.496683531906456, 18.199979123659432, 19.041560862679034, 19.06295151496306, 19.064481438603252, 19.604440301656723, 19.606083765625954, 19.99710387084633, 19.99871400464326, 20.58333710161969, 20.584924835711718, 20.776522045955062, 20.80773291364312, 20.957323076669127, 20.958568037021905, 21.00547044398263, 21.124350959900767, 21.162810836918652, 21.241283929906785, 21.24248484382406, 21.243561542592943, 21.290324474684894, 21.35811970802024, 21.359287687577307, 21.36036442872137, 21.36145324865356, 21.398683622013777, 21.550646943971515, 21.6183195929043, 21.619512327946723, 21.620602652896196, 21.62169616483152, 21.65256814379245, 21.744752645026892, 21.745912965852767, 21.746992237865925, 21.859009279869497, 21.860269833821803, 21.898427727632225, 21.989238380920142, 21.990414851810783, 21.991519793868065, 21.992600644938648, 22.401341682765633, 22.4025524337776, 22.40368238463998, 22.45972971478477, 22.558174350764602, 22.659123925026506, 22.660331392660737, 22.76559561677277, 22.874497341923416, 25.19929035194218, 29.620272025931627, 31.909642049577087, 38.69699181476608, 47.08437994867563, 49.850046357605606, 52.68095231289044, 54.07942221686244, 69.43613185174763, 96.05688594980165, 103.1806201217696, 122.06259548291564, 1799.0142338420264]","[2670.0, 2663.0, 2035.0, 2004.0, 1714.0, 1707.0, 1660.0, 1657.0, 1544.0, 1543.0, 1503.0, 1501.0, 1500.0, 1444.0, 1188.0, 1183.0, 1181.0, 1116.0, 1115.0, 1114.0, 1111.0, 1109.0, 1107.0, 1066.0, 1065.0, 1063.0, 1054.0, 1035.0, 1027.0, 1023.0, 1018.0, 1010.0, 994.0, 984.0, 973.0, 967.0, 956.0, 953.0, 948.0, 910.0, 901.0, 879.0, 877.0, 870.0, 861.0, 855.0, 854.0, 851.0, 849.0, 847.0, 764.0, 762.0, 752.0, 748.0, 747.0, 744.0, 738.0, 734.0, 709.0, 704.0, 699.0, 698.0, 696.0, 695.0, 692.0, 691.0, 688.0, 682.0, 678.0, 677.0, 671.0, 670.0, 666.0, 665.0, 664.0, 655.0, 654.0, 650.0, 649.0, 644.0, 641.0, 640.0, 639.0, 638.0, 637.0, 636.0, 635.0, 635.0]",1799.8475032234564,6,0.9999928667981554,"[1.0, 1.0, 0.9999533647344122, 1.0, 1.0, 0.9999585908465066]","[0.31507040348139426, 0.428806088590918, 0.32595350703672815, 0.36100567107184756, 0.25155752824173866, 0.29092515898075194]","[236.3028026110457, 321.6045664431885, 244.4651302775461, 270.75425330388566, 188.668146181304, 218.19386923556394]","[2.4, 2.002840909090909, 2.422727272727273, 1.95, 2.081818181818182, 2.2846153846153845]",1487.8587914488835,1.8189894035458565e-12,2.4,4.042198674546348e-16,1.222555133591202e-15,1.1678869989700615,1.031738482415676,"[750, 750, 750, 750, 750, 750]","[[300, 334, 318, 308, 401, 394, 431, 302, 409, 333, 436, 443, 303, 410, 380, 363, 432, 312, 387, 317, 372, 339, 349, 406, 393, 352, 365, 425, 320, 370, 382, 428, 429, 321, 354, 400, 445, 338, 396, 353, 355, 384, 360, 419, 305, 315, 446, 329, 332, 375, 351, 313, 327, 449, 319, 347, 373, 414, 420, 385, 397, 346, 437, 301, 367, 316, 391, 323, 392, 402, 328, 304, 417, 336, 405, 395, 422, 309, 441, 374, 314, 326, 386, 442, 340, 364, 435, 418, 424, 434, 439, 306, 366, 371, 390, 433, 311, 378, 407, 408, 430, 448, 444, 362, 421, 310, 348, 344, 350, 324, 423, 358, 343, 398, 337, 411, 447, 325, 415, 359, 383, 440, 342, 389, 341, 427, 368, 438, 307, 330, 331, 412, 356, 377, 322, 403, 357, 335, 361, 376, 404, 379, 413, 426, 345, 369, 388, 399, 381, 416], [0, 16, 57, 125, 97, 20, 56, 88, 91, 28, 147, 41, 135, 54, 140, 27, 84, 65, 33, 100, 1, 71, 12, 114, 142, 95, 115, 81, 6, 25, 52, 53, 85, 107, 109, 43, 80, 15, 55, 40, 93, 74, 117, 32, 106, 48, 23, 131, 44, 136, 129, 96, 2, 38, 5, 68, 3, 78, 90, 104, 29, 60, 66, 73, 18, 99, 61, 146, 102, 130, 145, 51, 139, 128, 83, 113, 82, 75, 108, 133, 143, 11, 24, 87, 103, 149, 101, 110, 14, 39, 116, 22, 94, 137, 37, 76, 4, 49, 79, 8, 105, 119, 112, 67, 19, 21, 92, 86, 9, 89, 59, 63, 69, 72, 98, 26, 50, 148, 62, 120, 35, 46, 58, 45, 42, 124, 144, 7, 10, 31, 141, 36, 47, 121, 134, 30, 126, 34, 13, 123, 64, 132, 127, 111, 70, 122, 17, 118, 138, 77], [450, 505, 525, 457, 529, 464, 560, 452, 470, 590, 511, 515, 518, 533, 482, 556, 506, 547, 453, 532, 581, 503, 558, 589, 458, 504, 531, 584, 501, 554, 568, 588, 522, 567, 454, 545, 465, 530, 488, 580, 459, 462, 468, 520, 494, 509, 543, 513, 566, 585, 461, 573, 549, 559, 596, 571, 490, 508, 510, 499, 550, 562, 577, 552, 572, 587, 455, 500, 591, 514, 526, 456, 597, 466, 479, 489, 497, 534, 575, 474, 599, 496, 551, 524, 451, 463, 555, 569, 472, 507, 582, 478, 477, 592, 553, 523, 480, 483, 578, 485, 548, 521, 570, 471, 595, 484, 593, 493, 546, 535, 541, 544, 469, 539, 517, 537, 519, 467, 538, 527, 475, 487, 594, 476, 512, 579, 492, 557, 495, 565, 473, 583, 460, 540, 498, 576, 586, 561, 481, 598, 486, 542, 516, 491, 574, 502, 564, 563, 528, 536], [750, 886, 849, 878, 801, 812, 757, 766, 813, 794, 899, 861, 866, 769, 887, 779, 795, 835, 814, 876, 833, 863, 868, 774, 862, 809, 881, 818, 891, 888, 753, 790, 859, 758, 852, 777, 836, 896, 764, 856, 877, 811, 870, 894, 785, 854, 820, 822, 829, 860, 874, 825, 845, 839, 755, 853, 781, 780, 892, 848, 897, 802, 824, 765, 850, 799, 759, 760, 793, 787, 772, 867, 816, 857, 784, 872, 754, 803, 767, 807, 889, 792, 817, 840, 796, 756, 875, 798, 804, 763, 834, 838, 776, 890, 773, 851, 864, 782, 880, 843, 832, 800, 837, 752, 791, 844, 770, 783, 805, 871, 771, 858, 883, 786, 788, 898, 827, 846, 761, 823, 828, 885, 869, 893, 762, 797, 855, 775, 808, 815, 895, 879, 882, 821, 873, 810, 842, 830, 841, 884, 768, 806, 847, 826, 831, 778, 819, 789, 751, 865], [150, 259, 156, 293, 152, 285, 284, 229, 210, 280, 226, 272, 282, 295, 167, 204, 217, 188, 275, 191, 214, 256, 160, 288, 240, 233, 244, 151, 185, 223, 271, 266, 190, 298, 232, 158, 200, 277, 292, 235, 241, 268, 187, 260, 189, 199, 245, 208, 251, 257, 165, 231, 169, 224, 211, 273, 172, 218, 184, 178, 219, 236, 238, 194, 255, 296, 175, 291, 182, 179, 270, 197, 205, 234, 215, 287, 225, 276, 243, 269, 195, 207, 246, 253, 250, 249, 252, 294, 209, 153, 265, 261, 174, 286, 239, 157, 161, 163, 281, 176, 267, 228, 201, 213, 155, 258, 220, 159, 248, 168, 173, 264, 181, 198, 290, 166, 203, 263, 227, 171, 180, 206, 154, 242, 221, 279, 274, 299, 289, 237, 164, 222, 192, 196, 170, 193, 162, 247, 283, 183, 202, 262, 212, 177, 186, 230, 216, 278, 297, 254], [600, 636, 605, 635, 649, 686, 602, 639, 661, 731, 614, 720, 611, 613, 730, 723, 724, 606, 692, 608, 631, 634, 747, 673, 653, 721, 749, 641, 656, 670, 676, 739, 607, 675, 712, 624, 685, 709, 654, 729, 647, 741, 695, 663, 715, 702, 604, 710, 700, 703, 704, 740, 722, 633, 678, 672, 716, 728, 617, 623, 628, 638, 736, 662, 669, 667, 609, 725, 690, 711, 696, 726, 657, 683, 738, 693, 601, 646, 743, 622, 626, 664, 612, 644, 637, 650, 660, 618, 699, 694, 610, 621, 651, 616, 687, 630, 643, 718, 706, 713, 719, 665, 682, 668, 684, 737, 691, 603, 708, 697, 620, 748, 727, 733, 744, 615, 655, 677, 645, 674, 705, 627, 732, 742, 625, 746, 652, 658, 717, 745, 619, 642, 671, 681, 735, 689, 632, 666, 640, 648, 659, 679, 707, 680, 701, 629, 688, 734, 698, 714]]","[0.1286163884215057, 0.13287047389894724, 0.12889576377347112, 0.13438681978732347, 0.11995698558166623, 0.5007995329797268]","[8.594595083966851, 1474.1059940429404, 35.70648278808221, 38.49158798716962, 2.58562695980072, 40.95065855560824]","[""OPTIMAL"", ""OPTIMAL"", ""OPTIMAL"", ""OPTIMAL"", ""OPTIMAL"", ""OPTIMAL""]","[101.0, 140.0, 113.0, 123.0, 87.0, 71.0]","[101.0, 140.0, 113.0, 123.0, 87.0, 71.0]",[0.09995466377586126],,0.0,,,,,635.0,635.0,635.0,635.0,0.0,1603.8800515271723
62,6,150,4500,750,-1,10,659,1800,4.354329638183117,"[1.111460146959871, 1.6557507291436195]","[4.620063534006476, 343.42006035521626]",OPTIMAL,591.0,591.0,0.0,"[9.186870872974396, 9.253007519058883, 9.532516033388674, 9.565272639039904, 9.568279100116342, 9.570865593384951, 9.62862131698057, 9.630205480381846, 9.664857969153672, 9.666468968149275, 9.669658098369837, 9.671268698293716, 9.69152884511277, 9.693049115128815, 9.695862795226276, 9.89978620922193, 9.938586791045964, 9.940207588952035, 9.976233689114451, 10.154944227077067, 10.26202797004953, 11.339653121307492, 11.371352734975517, 11.837384079117328, 12.606726779136807, 13.01812305022031, 13.019726538099349, 13.097860147245228, 13.240856625139713, 13.242552225012332, 13.257210166193545, 13.309046001173556, 13.389853701926768, 13.480167485307902, 13.575797236990184, 13.67769406735897, 13.723644980229437, 13.941227287054062, 14.707144376356155, 15.157112421002239, 19.379090380389243, 19.413232308346778, 19.414931314066052, 19.872503908351064, 29.077133168000728, 32.125524634029716, 34.584298344329, 43.384082089178264, 56.05932714231312, 98.54581400519237, 103.96108005009592, 124.60471581202, 125.88767719827592, 343.41765868803486]","[904.0, 807.0, 719.0, 707.0, 704.0, 699.0, 690.0, 689.0, 686.0, 684.0, 683.0, 681.0, 677.0, 675.0, 667.0, 666.0, 665.0, 661.0, 660.0, 658.0, 654.0, 645.0, 643.0, 636.0, 634.0, 633.0, 632.0, 629.0, 626.0, 624.0, 622.0, 621.0, 620.0, 618.0, 616.0, 614.0, 613.0, 612.0, 611.0, 610.0, 608.0, 607.0, 606.0, 603.9999999999999, 602.9999999999999, 598.9999999999999, 597.0, 596.0, 595.0, 594.0, 593.0, 592.0, 591.0, 591.0]",350.80733476532623,6,0.9999874745801076,"[1.0, 1.0, 0.9999107637981477, 1.0, 0.9999204527375622, 1.0]","[0.1572680478369838, 0.25965124617098306, 0.05306424080623166, 0.10915020547085766, 0.10695508437871136, 0.21658145212063976]","[117.95103587773785, 194.7384346282373, 39.798180604673746, 81.86265410314324, 80.21631328403352, 162.4360890904798]","[1.7325181159420289, 1.9277777777777783, 1.5771929824561404, 1.7447420634920632, 1.4833333333333334, 1.8619047619047617]",677.0027075883064,1.0231815394945445e-12,1.9277777777777785,2.2737367544323206e-16,1.5113403949858973e-15,1.172399730887264,0.7138923360034823,"[750, 750, 750, 750, 750, 750]","[[750, 797, 757, 761, 791, 807, 751, 813, 760, 777, 828, 839, 753, 762, 769, 783, 808, 878, 789, 812, 872, 792, 806, 829, 754, 889, 755, 844, 879, 763, 770, 752, 804, 859, 778, 869, 782, 826, 863, 833, 852, 886, 837, 850, 786, 788, 798, 836, 855, 898, 764, 851, 775, 864, 838, 862, 866, 840, 848, 884, 768, 899, 799, 818, 841, 849, 861, 873, 856, 888, 787, 858, 895, 827, 819, 853, 867, 854, 823, 825, 765, 832, 820, 780, 843, 801, 875, 883, 773, 816, 785, 793, 815, 857, 890, 774, 794, 831, 887, 880, 790, 846, 756, 817, 842, 800, 876, 803, 892, 893, 766, 771, 767, 874, 894, 830, 772, 868, 796, 779, 821, 776, 781, 795, 881, 834, 877, 805, 835, 847, 758, 845, 860, 885, 759, 809, 865, 814, 897, 784, 802, 896, 810, 824, 882, 871, 811, 870, 822, 891], [0, 103, 118, 107, 98, 114, 16, 86, 20, 85, 55, 109, 108, 1, 19, 26, 79, 99, 76, 89, 4, 57, 33, 88, 91, 122, 36, 117, 68, 59, 144, 2, 128, 73, 94, 6, 139, 53, 104, 3, 38, 9, 42, 44, 46, 80, 143, 146, 49, 58, 125, 111, 135, 71, 17, 54, 119, 29, 124, 149, 32, 113, 147, 133, 65, 115, 101, 5, 70, 100, 97, 63, 136, 47, 77, 7, 62, 102, 45, 120, 148, 24, 140, 84, 30, 69, 106, 66, 83, 48, 138, 8, 93, 12, 132, 127, 18, 61, 87, 78, 130, 90, 105, 95, 112, 96, 123, 82, 14, 43, 81, 15, 35, 145, 37, 75, 60, 22, 28, 134, 92, 52, 72, 31, 40, 56, 131, 39, 137, 141, 10, 64, 142, 41, 50, 126, 23, 110, 67, 11, 116, 13, 21, 25, 51, 27, 74, 121, 34, 129], [150, 172, 236, 208, 220, 282, 182, 228, 265, 288, 151, 275, 164, 178, 238, 281, 196, 245, 248, 257, 163, 297, 166, 255, 233, 271, 177, 296, 219, 299, 157, 165, 173, 287, 253, 215, 277, 231, 174, 201, 243, 169, 175, 185, 198, 269, 280, 225, 293, 193, 266, 212, 161, 195, 224, 167, 268, 279, 168, 207, 292, 180, 200, 254, 289, 298, 171, 230, 211, 214, 192, 240, 276, 222, 284, 223, 232, 264, 227, 244, 295, 152, 262, 184, 213, 160, 258, 204, 153, 290, 242, 183, 221, 194, 188, 250, 273, 260, 272, 155, 197, 286, 218, 234, 189, 239, 199, 259, 263, 154, 249, 210, 261, 285, 159, 206, 190, 203, 235, 156, 283, 186, 241, 202, 205, 247, 256, 158, 191, 187, 252, 217, 162, 226, 170, 176, 274, 237, 294, 246, 251, 291, 270, 179, 278, 229, 181, 216, 267, 209], [450, 455, 454, 488, 590, 494, 487, 595, 527, 491, 538, 552, 540, 553, 510, 529, 586, 534, 572, 522, 588, 583, 452, 503, 486, 499, 463, 531, 555, 484, 516, 451, 598, 567, 548, 453, 530, 492, 593, 495, 597, 541, 581, 472, 580, 477, 485, 517, 564, 596, 566, 457, 466, 479, 549, 515, 458, 475, 539, 544, 480, 512, 571, 456, 469, 584, 574, 474, 518, 482, 506, 508, 569, 496, 526, 579, 594, 550, 568, 459, 493, 523, 589, 460, 468, 498, 462, 533, 536, 559, 537, 551, 558, 478, 519, 542, 525, 490, 535, 554, 562, 587, 505, 532, 560, 511, 513, 524, 585, 464, 545, 502, 565, 497, 582, 599, 476, 520, 481, 591, 465, 557, 470, 514, 576, 592, 473, 570, 483, 521, 507, 561, 573, 528, 575, 556, 461, 471, 547, 578, 467, 489, 500, 501, 577, 509, 543, 546, 563, 504], [300, 371, 335, 361, 360, 413, 433, 354, 432, 409, 363, 368, 375, 399, 410, 437, 443, 304, 329, 366, 312, 318, 429, 320, 328, 420, 428, 386, 401, 301, 367, 387, 306, 359, 362, 391, 412, 333, 339, 422, 314, 415, 323, 358, 372, 309, 430, 397, 310, 407, 417, 388, 344, 392, 414, 327, 345, 383, 435, 376, 343, 389, 404, 347, 418, 308, 374, 390, 431, 315, 340, 317, 364, 448, 427, 396, 439, 313, 353, 405, 394, 436, 449, 408, 416, 322, 356, 330, 400, 326, 346, 365, 370, 442, 303, 307, 337, 377, 441, 393, 445, 352, 398, 444, 421, 425, 311, 324, 332, 316, 321, 378, 380, 319, 382, 331, 338, 385, 369, 440, 447, 305, 381, 423, 402, 403, 350, 336, 351, 334, 446, 406, 384, 325, 357, 426, 419, 424, 349, 379, 342, 395, 438, 302, 341, 355, 373, 348, 411, 434], [600, 686, 713, 630, 697, 633, 670, 640, 703, 733, 609, 656, 659, 661, 680, 667, 734, 720, 619, 714, 628, 665, 694, 707, 635, 731, 730, 608, 737, 650, 662, 685, 699, 687, 601, 644, 663, 616, 709, 648, 693, 681, 698, 682, 740, 660, 729, 620, 627, 704, 692, 639, 715, 664, 641, 717, 621, 636, 606, 613, 642, 747, 718, 741, 701, 708, 607, 658, 716, 611, 725, 738, 691, 719, 629, 748, 655, 742, 615, 645, 696, 724, 602, 634, 727, 702, 721, 710, 614, 674, 637, 678, 689, 654, 712, 745, 604, 605, 649, 695, 651, 638, 700, 653, 617, 625, 646, 723, 624, 728, 677, 739, 626, 671, 652, 679, 705, 618, 631, 736, 666, 668, 672, 706, 610, 643, 711, 726, 746, 676, 735, 744, 657, 690, 722, 743, 683, 612, 623, 669, 684, 622, 673, 675, 688, 647, 732, 632, 603, 749]]","[0.16737995482981205, 0.16288548475131392, 0.5486778817139566, 0.1593327852897346, 0.16760760312899947, 0.16893378598615527]","[20.8394376039505, 249.47296911571175, 13.43120709899813, 1.6563152610324323, 13.718783309683204, 2.2615415938198566]","[""OPTIMAL"", ""OPTIMAL"", ""OPTIMAL"", ""OPTIMAL"", ""OPTIMAL"", ""OPTIMAL""]","[115.0, 130.0, 110.0, 74.0, 102.0, 60.0]","[115.0, 130.0, 110.0, 74.0, 102.0, 60.0]",[0.12157014990225434],,0.0,,,,,591.0,591.0,591.0,591.0,0.0,304.76293369568884
62,7,150,5250,750,-1,10,20,1800,4.983874369994737,[1.4318620639969595],[71.14020321698627],OPTIMAL,640.0,640.0,0.0,"[4.88668159901863, 4.948574832989834, 5.015720208990388, 5.021979844023008, 5.023345520021394, 5.024998973007314, 5.092677540029399, 5.095371611008886, 5.430669630004559, 5.4315839750343, 5.432438229036052, 5.4332660820218734, 5.434093379997648, 5.9689968440216035, 6.002040443010628, 6.00347616703948, 6.0132435240084305, 6.047687768004835, 6.079107269993983, 6.357653943996411, 6.358582260028925, 7.250087367021479, 7.625191545987036, 7.631018751999363, 8.140177332039457, 8.849539569986518, 9.98502812901279, 11.353269641986117, 11.354738233028911, 11.498259917018004, 13.086753430019598, 21.057689798006322, 21.25735282403184, 24.22621240001172, 27.98037332802778, 29.984557310002856, 31.89318989298772, 33.94070199498674, 36.20980700402288, 38.78519933501957, 44.56440751301125, 46.62770012504188, 54.49711843300611, 58.13555850303965, 58.59720220102463]","[987.0, 897.0, 783.0, 782.0, 744.0, 743.0, 741.0, 736.0, 725.0, 724.0, 722.0, 717.0, 712.0, 698.0, 694.0, 693.0, 692.0, 689.0, 688.0, 687.0, 685.0, 678.0, 675.0, 674.0, 673.0, 672.0, 667.0, 666.0, 663.0, 661.0, 660.0, 659.0, 658.0, 656.0, 655.0, 653.0, 651.0, 649.0, 647.0, 646.0, 645.0, 644.0, 642.0, 641.0, 640.0]",72.57206528098322,7,0.999972479646733,"[1.0, 1.0, 0.9999891132763595, 0.9998061651238194, 0.9998152192172014, 1.0, 0.9999887236273836]","[0.2666580773214908, 0.27008474027231605, 0.28900137077691257, 0.28555345666943793, 0.29268096903868873, 0.3483473759493076, 0.21671481813393584]","[199.9935579911181, 202.56355520423702, 216.75102808268443, 214.16509250207847, 219.51072677901655, 261.2605319619807, 162.53611360045187]","[2.3, 2.35, 2.1, 2.0727272727272728, 2.6363636363636362, 2.426388888888889, 1.9954545454545454]",1476.780606121568,6.821210263296962e-13,2.636363636363636,1.2992781453898976e-16,4.618973349878096e-16,1.186231974978,0.7741820510127582,"[750, 750, 750, 750, 750, 750, 750]","[[750, 869, 847, 773, 822, 886, 781, 837, 806, 881, 770, 789, 824, 815, 792, 861, 839, 884, 873, 862, 829, 852, 753, 832, 896, 768, 776, 779, 848, 872, 866, 777, 797, 799, 788, 865, 833, 795, 834, 893, 755, 771, 765, 787, 828, 772, 871, 756, 783, 803, 880, 840, 875, 846, 851, 892, 760, 825, 887, 899, 766, 790, 826, 786, 807, 878, 819, 857, 855, 754, 814, 812, 793, 885, 808, 895, 889, 763, 818, 890, 859, 882, 835, 751, 809, 774, 798, 850, 867, 811, 816, 898, 762, 830, 794, 805, 831, 877, 843, 785, 796, 820, 858, 853, 845, 854, 860, 864, 757, 870, 827, 810, 868, 764, 888, 769, 801, 836, 821, 838, 778, 817, 891, 804, 841, 761, 759, 782, 784, 802, 874, 813, 897, 775, 863, 844, 876, 894, 879, 800, 883, 752, 856, 791, 823, 842, 758, 780, 767, 849], [300, 324, 318, 401, 364, 423, 397, 425, 379, 313, 335, 340, 305, 403, 334, 326, 420, 314, 411, 370, 417, 320, 339, 352, 394, 442, 303, 332, 371, 349, 357, 375, 441, 304, 416, 376, 390, 437, 407, 430, 432, 317, 319, 387, 431, 310, 399, 345, 348, 363, 415, 346, 381, 396, 374, 410, 393, 392, 398, 447, 306, 424, 422, 331, 354, 351, 395, 436, 309, 359, 356, 383, 408, 448, 368, 406, 414, 315, 361, 443, 366, 378, 342, 330, 369, 435, 439, 412, 434, 301, 321, 362, 419, 413, 421, 307, 316, 343, 347, 391, 302, 445, 384, 333, 350, 438, 382, 311, 329, 336, 373, 355, 444, 385, 402, 418, 440, 344, 389, 388, 405, 358, 449, 409, 400, 427, 312, 327, 377, 322, 386, 338, 341, 367, 372, 429, 446, 308, 404, 426, 323, 428, 325, 365, 360, 328, 337, 353, 380, 433], [450, 502, 550, 459, 509, 473, 474, 518, 581, 464, 505, 491, 598, 481, 549, 501, 530, 593, 510, 542, 489, 535, 527, 563, 499, 525, 583, 451, 479, 574, 453, 573, 498, 572, 541, 556, 557, 560, 559, 471, 497, 468, 579, 564, 472, 492, 546, 485, 545, 516, 562, 532, 533, 514, 538, 523, 575, 531, 569, 599, 452, 580, 455, 506, 568, 588, 512, 590, 466, 584, 469, 507, 567, 508, 582, 454, 548, 529, 555, 576, 540, 570, 457, 513, 554, 537, 465, 488, 578, 585, 596, 475, 544, 486, 494, 526, 528, 458, 551, 461, 487, 571, 460, 534, 484, 597, 482, 456, 522, 478, 589, 592, 587, 462, 515, 500, 521, 517, 539, 467, 566, 480, 594, 552, 565, 520, 536, 558, 595, 547, 476, 496, 553, 511, 493, 495, 503, 524, 561, 463, 490, 470, 586, 519, 577, 591, 477, 483, 504, 543], [0, 24, 100, 26, 59, 68, 81, 16, 99, 1, 105, 97, 53, 4, 133, 44, 60, 47, 9, 114, 79, 143, 31, 78, 136, 49, 6, 111, 121, 32, 42, 129, 128, 23, 116, 148, 12, 15, 89, 51, 88, 28, 91, 2, 38, 72, 107, 17, 130, 54, 84, 144, 122, 3, 110, 22, 61, 125, 43, 76, 98, 7, 19, 124, 27, 62, 115, 29, 94, 139, 142, 5, 82, 10, 134, 56, 74, 36, 77, 92, 102, 109, 117, 126, 123, 39, 132, 46, 41, 131, 69, 80, 90, 8, 83, 11, 52, 55, 137, 112, 14, 48, 34, 106, 135, 18, 118, 33, 95, 35, 70, 37, 75, 63, 103, 20, 120, 140, 147, 87, 138, 25, 40, 30, 127, 85, 65, 149, 21, 93, 13, 104, 146, 58, 113, 57, 66, 108, 145, 73, 119, 141, 50, 64, 96, 45, 71, 67, 86, 101], [150, 205, 197, 164, 207, 287, 238, 299, 170, 196, 260, 274, 246, 171, 213, 186, 290, 230, 265, 155, 294, 253, 218, 297, 194, 220, 273, 163, 280, 183, 247, 181, 202, 223, 201, 270, 193, 219, 266, 279, 162, 204, 151, 192, 157, 275, 286, 165, 242, 261, 156, 210, 240, 285, 178, 206, 263, 153, 214, 217, 296, 284, 191, 211, 167, 169, 173, 235, 182, 236, 267, 175, 249, 189, 264, 200, 239, 234, 282, 209, 185, 250, 262, 203, 257, 190, 289, 152, 243, 277, 168, 283, 172, 188, 176, 245, 288, 293, 174, 278, 254, 180, 221, 232, 255, 154, 208, 252, 184, 298, 229, 195, 241, 268, 276, 271, 215, 224, 227, 259, 291, 244, 281, 158, 166, 233, 177, 231, 198, 212, 295, 179, 216, 258, 187, 272, 159, 161, 226, 256, 237, 251, 228, 160, 222, 199, 248, 292, 225, 269], [600, 605, 612, 604, 711, 727, 662, 654, 629, 675, 683, 625, 652, 663, 704, 606, 616, 610, 647, 687, 723, 714, 749, 728, 744, 601, 743, 682, 709, 713, 626, 627, 602, 619, 621, 669, 633, 609, 702, 622, 623, 628, 676, 706, 618, 699, 645, 724, 671, 638, 703, 615, 665, 697, 748, 650, 664, 603, 672, 739, 632, 640, 690, 701, 644, 653, 736, 738, 696, 717, 718, 634, 660, 637, 731, 639, 688, 648, 741, 607, 745, 670, 641, 707, 729, 678, 691, 726, 611, 686, 694, 720, 721, 659, 692, 734, 695, 651, 730, 613, 642, 673, 656, 657, 716, 617, 649, 712, 636, 746, 661, 677, 680, 710, 740, 674, 698, 624, 732, 631, 722, 689, 715, 705, 719, 667, 708, 679, 733, 608, 666, 668, 685, 747, 620, 658, 635, 693, 735, 737, 643, 646, 655, 725, 742, 700, 614, 630, 684, 681], [900, 1007, 1030, 939, 1039, 1001, 933, 958, 1000, 957, 1026, 967, 902, 955, 935, 962, 942, 1010, 936, 1018, 948, 1011, 1017, 1041, 940, 969, 989, 1022, 1037, 954, 997, 1016, 1046, 977, 1004, 1042, 904, 986, 973, 1032, 920, 945, 1038, 906, 1005, 910, 921, 976, 928, 929, 1023, 923, 960, 931, 941, 905, 917, 947, 938, 924, 961, 959, 1006, 1012, 965, 934, 943, 952, 1031, 1034, 950, 1049, 925, 999, 926, 983, 953, 946, 987, 974, 903, 988, 963, 1014, 996, 1035, 912, 1029, 914, 922, 979, 1040, 1002, 907, 964, 968, 1028, 984, 1008, 1043, 911, 1025, 918, 966, 981, 995, 949, 951, 1015, 956, 1003, 1036, 916, 919, 937, 1021, 901, 913, 1019, 1027, 1048, 909, 908, 982, 970, 975, 994, 1047, 1013, 1044, 1033, 915, 985, 1024, 972, 930, 1045, 944, 992, 980, 991, 932, 1009, 993, 1020, 971, 990, 978, 998, 927]]","[0.12627557601081207, 0.12339110503671691, 0.12256606400478631, 0.4389904370182194, 0.12350803398294374, 0.12623655301285908, 0.11973035498522222]","[5.420733507955447, 2.6531299889902584, 3.941098704992328, 2.064757673011627, 7.0710157040157355, 4.186185319966171, 12.874855845002457]","[""OPTIMAL"", ""OPTIMAL"", ""OPTIMAL"", ""OPTIMAL"", ""OPTIMAL"", ""OPTIMAL"", ""OPTIMAL""]","[76.0, 92.0, 104.0, 80.0, 109.0, 89.0, 90.0]","[76.0, 92.0, 104.0, 80.0, 109.0, 89.0, 90.0]",[0.11171808699145913],,0.0,,,,,640.0,640.0,640.0,640.0,0.0,41.4646069809678
62,7,150,5250,750,-1,10,21,1800,5.059230507002212,[1.2196847389568575],[128.90696228999877],OPTIMAL,611.0,611.0,0.0,"[5.6405433409963734, 5.90309320302913, 6.662695996987168, 6.718455273017753, 6.811782254022546, 6.81861143297283, 6.820511070021894, 6.827319950971287, 6.830163298000116, 6.831659030984156, 6.854413359018508, 6.856965404993389, 7.833073729008902, 7.841475698980503, 7.84330599202076, 7.905296562996227, 7.998139831004664, 8.81110260100104, 9.338036726985592, 9.341784522985108, 10.234782520972658, 10.25585693801986, 11.809255815984216, 12.729360679979436, 13.477839318977203, 14.276407499972265, 14.27801523800008, 14.54847925901413, 14.563304721028544, 14.675390467979014, 14.761414802982472, 14.837443912983872, 15.010829514008947, 15.25098741299007, 23.753973181999754, 25.810821090009995, 29.72480322199408, 31.402352239005268, 33.52700108499266, 37.95882131002145, 40.14390931802336, 46.22320625901921, 51.88916619500378, 58.38870988599956, 62.32035789801739, 77.85066354001174, 90.12589408899657, 103.01103476801654, 128.90498236601707]","[3509.0, 3411.0, 1030.0, 919.0, 772.0, 721.0, 717.0, 716.0, 713.0, 712.0, 711.0, 707.0, 674.0, 670.0, 669.0, 668.0, 665.0, 664.0, 656.0, 655.0, 654.0, 653.0, 648.0, 647.0, 646.0, 645.0, 644.0, 643.0, 642.0, 641.0, 640.0, 636.0, 631.0, 630.0, 629.0, 628.0, 626.0, 624.0, 622.0, 620.0, 619.0, 618.0, 616.0, 615.0, 614.0, 613.0, 612.0, 611.0, 611.0]",130.12664702895563,7,0.9999946361386328,"[1.0, 0.9999897860692198, 0.9999891630633853, 0.9999752787322934, 1.0, 0.9999720866875831, 1.0]","[0.22975539952823246, 0.28887481298956613, 0.22793542813769288, 0.3290149296120489, 0.3037311359664301, 0.24002483606005282, 0.2807416967084655]","[172.31654964617434, 216.65610974217458, 170.95157110326966, 246.76119720903668, 227.79835197482257, 180.0186270450396, 210.55627253134912]","[1.725579322638146, 1.8605263157894736, 2.2301136363636362, 2.031578947368421, 2.327777777777778, 1.8833333333333335, 1.8]",1425.0586792518668,2.273736754432321e-13,2.327777777777778,4.330927151299658e-17,1.595539038170976e-16,1.222253497049678,0.7751567380037159,"[750, 750, 750, 750, 750, 750, 750]","[[900, 914, 949, 960, 972, 903, 923, 936, 934, 1002, 933, 948, 981, 1033, 906, 973, 1037, 932, 961, 964, 985, 904, 919, 1043, 998, 968, 977, 905, 953, 931, 1019, 1028, 929, 997, 975, 1039, 1029, 907, 1021, 1038, 943, 1015, 989, 987, 966, 1024, 996, 901, 963, 1027, 993, 1047, 927, 1000, 939, 918, 935, 944, 994, 1025, 962, 1044, 1036, 902, 938, 1030, 957, 1031, 1045, 955, 912, 1032, 945, 971, 1005, 908, 910, 1003, 928, 991, 909, 1046, 925, 1014, 930, 946, 967, 1017, 947, 970, 974, 958, 1041, 915, 980, 1001, 921, 950, 940, 990, 917, 937, 1010, 924, 1042, 965, 1007, 1040, 941, 1008, 1022, 911, 1018, 1035, 984, 920, 1020, 988, 992, 1023, 916, 999, 1006, 954, 1013, 1049, 913, 995, 922, 959, 926, 978, 979, 969, 982, 1004, 1016, 1034, 1009, 1011, 1048, 942, 956, 983, 1012, 986, 951, 976, 952, 1026], [300, 438, 386, 323, 359, 330, 423, 306, 363, 384, 447, 362, 302, 440, 402, 442, 420, 312, 316, 349, 325, 303, 317, 357, 416, 395, 419, 398, 412, 337, 385, 313, 407, 318, 320, 334, 429, 435, 304, 406, 347, 389, 422, 444, 338, 365, 374, 425, 343, 428, 394, 424, 426, 310, 411, 414, 372, 393, 443, 433, 396, 404, 405, 315, 331, 350, 375, 377, 335, 432, 388, 378, 358, 370, 415, 421, 353, 356, 431, 311, 322, 339, 376, 446, 340, 371, 329, 390, 364, 392, 439, 341, 355, 434, 342, 380, 301, 409, 391, 324, 348, 326, 369, 399, 413, 333, 305, 427, 436, 336, 448, 354, 437, 309, 319, 351, 430, 314, 381, 327, 441, 449, 366, 308, 367, 321, 373, 379, 382, 352, 417, 400, 401, 408, 328, 418, 346, 403, 397, 332, 345, 383, 387, 410, 344, 445, 307, 360, 361, 368], [750, 773, 836, 891, 800, 801, 879, 772, 877, 817, 810, 849, 818, 863, 753, 868, 822, 804, 775, 870, 759, 807, 831, 805, 809, 842, 858, 890, 785, 812, 855, 771, 874, 884, 893, 796, 841, 845, 878, 823, 838, 887, 754, 872, 854, 755, 788, 824, 882, 784, 837, 766, 825, 803, 787, 894, 765, 767, 778, 794, 892, 853, 761, 867, 852, 821, 880, 898, 769, 816, 791, 833, 847, 783, 848, 799, 875, 813, 856, 895, 897, 889, 840, 876, 862, 883, 786, 792, 793, 839, 815, 886, 758, 828, 781, 827, 768, 830, 777, 857, 859, 751, 757, 843, 752, 802, 873, 770, 850, 782, 780, 851, 844, 795, 826, 885, 835, 861, 756, 888, 797, 814, 820, 834, 899, 860, 869, 760, 829, 798, 864, 871, 779, 763, 789, 806, 764, 776, 832, 819, 866, 774, 790, 896, 808, 846, 881, 811, 865, 762], [600, 699, 606, 671, 689, 618, 704, 611, 745, 621, 698, 724, 701, 738, 654, 651, 602, 706, 736, 693, 640, 676, 655, 702, 688, 622, 712, 647, 717, 626, 695, 732, 633, 632, 743, 727, 665, 739, 649, 681, 731, 601, 719, 638, 725, 609, 692, 629, 669, 637, 653, 730, 634, 703, 675, 729, 687, 668, 652, 726, 700, 715, 608, 740, 635, 733, 613, 617, 661, 659, 709, 680, 749, 620, 716, 723, 658, 616, 670, 631, 722, 707, 714, 744, 728, 657, 604, 696, 610, 708, 619, 677, 741, 623, 678, 682, 683, 748, 691, 737, 694, 612, 663, 614, 627, 642, 690, 630, 711, 674, 644, 666, 685, 746, 686, 645, 660, 710, 603, 679, 615, 648, 662, 672, 718, 625, 747, 639, 721, 742, 641, 735, 607, 628, 684, 713, 636, 624, 720, 656, 667, 697, 643, 673, 605, 646, 650, 705, 734, 664], [450, 583, 594, 475, 536, 451, 504, 454, 571, 507, 516, 502, 580, 588, 560, 452, 484, 577, 490, 589, 509, 469, 561, 592, 453, 557, 498, 551, 472, 525, 457, 478, 489, 555, 567, 581, 499, 587, 526, 547, 590, 564, 540, 568, 579, 598, 459, 554, 563, 479, 522, 480, 483, 542, 506, 597, 517, 466, 529, 539, 573, 505, 528, 537, 476, 491, 500, 501, 544, 534, 586, 461, 465, 462, 514, 576, 471, 473, 520, 532, 552, 566, 464, 474, 570, 569, 468, 477, 523, 503, 582, 495, 546, 574, 470, 482, 494, 543, 496, 486, 559, 510, 493, 455, 575, 485, 556, 550, 511, 549, 595, 456, 458, 591, 467, 558, 487, 492, 508, 518, 530, 521, 562, 519, 584, 593, 460, 531, 538, 463, 513, 553, 524, 585, 481, 535, 578, 599, 497, 548, 512, 488, 515, 565, 541, 527, 572, 596, 533, 545], [150, 206, 273, 220, 172, 294, 204, 210, 213, 279, 236, 250, 288, 175, 200, 189, 241, 246, 162, 195, 202, 237, 282, 296, 164, 286, 298, 207, 266, 293, 269, 166, 259, 168, 201, 185, 190, 208, 257, 238, 151, 231, 178, 227, 244, 167, 197, 243, 211, 176, 226, 239, 193, 235, 218, 251, 191, 214, 233, 289, 156, 274, 174, 219, 230, 221, 245, 271, 281, 157, 247, 225, 187, 188, 255, 158, 160, 283, 173, 179, 240, 203, 267, 284, 152, 153, 194, 265, 209, 228, 159, 280, 290, 192, 249, 253, 212, 234, 161, 270, 275, 196, 277, 181, 216, 198, 297, 163, 182, 165, 177, 170, 248, 260, 295, 199, 217, 287, 154, 223, 278, 155, 186, 276, 205, 229, 183, 232, 263, 264, 252, 215, 261, 285, 254, 180, 256, 292, 169, 171, 262, 291, 184, 224, 268, 222, 299, 242, 272, 258], [0, 46, 65, 72, 39, 57, 108, 136, 114, 133, 128, 28, 63, 90, 118, 44, 96, 76, 70, 92, 31, 61, 3, 24, 109, 41, 142, 113, 141, 34, 120, 22, 98, 91, 126, 127, 135, 145, 2, 105, 8, 121, 56, 86, 49, 9, 66, 112, 95, 14, 78, 19, 123, 17, 125, 26, 33, 122, 35, 75, 81, 50, 143, 59, 25, 77, 79, 110, 147, 116, 74, 134, 107, 124, 4, 51, 64, 83, 12, 132, 146, 13, 52, 106, 29, 54, 48, 55, 21, 89, 68, 101, 130, 60, 87, 36, 100, 7, 53, 111, 88, 18, 138, 23, 37, 93, 40, 69, 94, 82, 1, 104, 99, 131, 144, 11, 102, 27, 62, 84, 85, 140, 148, 47, 149, 5, 42, 97, 117, 137, 16, 43, 30, 119, 32, 73, 115, 139, 10, 15, 71, 20, 58, 67, 38, 45, 80, 129, 103, 6]]","[0.12826679303543642, 0.4901930610067211, 0.12025003496091813, 0.12425688398070633, 0.12215378397377208, 0.11094719101674855, 0.12161548604490235]","[4.369970466999803, 29.30184690101305, 15.80977954599075, 21.60281168599613, 10.703898621024564, 10.806927282945253, 1.6018720070132986]","[""OPTIMAL"", ""OPTIMAL"", ""OPTIMAL"", ""OPTIMAL"", ""OPTIMAL"", ""OPTIMAL"", ""OPTIMAL""]","[89.0, 79.0, 69.0, 88.0, 109.0, 71.0, 106.0]","[89.0, 79.0, 69.0, 88.0, 108.99999999999997, 71.0, 106.0]",[0.450377918954473],,0.0,,,,,611.0,611.0,611.0,611.0,0.0,97.86257789900992
62,7,150,5250,750,-1,10,22,1800,5.4690841330448166,"[1.2214332909788936, 1.8785958960070275]","[3.561849004996475, 1800.6487975630444]",TIME_LIMIT,657.0,655.0,0.0030441400304414,"[8.06616062100511, 8.200663088995498, 8.510274116008077, 8.52155159699032, 8.524307381012477, 8.536925724009052, 8.538903250999283, 8.54140957799973, 8.554649666999467, 8.580044121015817, 8.583817269012798, 9.085653850983363, 10.164619235962164, 10.311534675012808, 10.48090174299432, 10.892931644979399, 11.241632930003107, 11.63566908397479, 11.638215693004895, 12.045198174018878, 12.210320901998784, 12.212445086974185, 12.296404380002059, 12.298570525017567, 12.405140585964546, 12.715469540969934, 12.792907726019621, 13.597675568016712, 13.599050943972543, 14.193961522018071, 14.76035790197784, 14.761786777002271, 22.26426032400923, 23.02929266501451, 23.470575790968724, 23.985227931989357, 26.27017336396966, 26.27400515996851, 26.278536049998365, 26.283152927993797, 26.287702019966673, 26.292216725007165, 29.112195930967573, 42.58903210499557, 45.49764731200412, 60.1948121250025, 66.06174484500661, 79.2288974969997, 80.36305362696294, 82.74234324001009, 138.251699875982, 166.1234228889807, 194.96256774500944, 431.53868287196383, 1800.523902060988]","[1000.0, 887.0, 761.0, 744.0, 738.0, 735.0, 734.0, 732.0, 731.0, 729.0, 727.0, 726.0, 723.0, 722.0, 720.0, 714.0, 712.0, 711.0, 710.0, 709.0, 708.0, 707.0, 703.0, 702.0, 701.0, 699.0, 698.0, 697.0, 696.0, 695.0, 694.0, 693.0, 690.0, 689.0, 688.0, 685.0, 684.0, 677.0, 675.0, 674.0, 673.0, 672.0, 671.0, 669.0, 668.0, 667.0, 666.0, 664.0, 662.0, 661.0, 660.0, 659.0, 658.0, 657.0, 657.0]",1807.3106757550268,7,0.999990341204983,"[0.9999339919470175, 1.0, 1.0, 1.0, 0.9999297876075127, 1.0, 1.0]","[0.18531208827404475, 0.11991924984287684, 0.10885872454522341, 0.1338529475863572, 0.06582726070226069, 0.17493578120752026, 0.1044951304733913]","[138.98406620553357, 89.93943738215764, 81.64404340891755, 100.38971068976791, 49.37044552669552, 131.2018359056402, 78.37134785504348]","[1.6744177018633537, 1.8124999999999996, 1.625, 1.7666666666666668, 1.5000000000000002, 1.7604166666666667, 1.6407196969696969]",669.9008869737554,0.0,1.8125,0.0,0.0,1.5769865479669534,0.8559606929775327,"[750, 750, 750, 750, 750, 750, 750]","[[450, 496, 586, 532, 470, 542, 588, 459, 478, 506, 477, 580, 489, 501, 579, 543, 463, 530, 497, 560, 594, 458, 578, 503, 518, 475, 544, 572, 552, 531, 466, 491, 565, 507, 509, 529, 533, 555, 590, 537, 548, 575, 571, 535, 593, 568, 541, 546, 569, 591, 473, 481, 567, 545, 499, 457, 573, 502, 504, 539, 597, 562, 564, 451, 596, 476, 485, 486, 488, 462, 468, 512, 487, 495, 505, 471, 547, 511, 561, 595, 480, 483, 526, 534, 553, 550, 556, 453, 510, 460, 464, 589, 461, 522, 514, 558, 484, 536, 581, 517, 490, 452, 520, 515, 583, 599, 454, 498, 482, 576, 513, 587, 592, 472, 566, 577, 523, 551, 574, 456, 521, 524, 527, 465, 557, 554, 467, 494, 570, 479, 598, 500, 582, 492, 563, 585, 528, 540, 469, 538, 474, 584, 493, 455, 525, 519, 508, 559, 516, 549], [150, 201, 151, 156, 227, 171, 231, 253, 175, 212, 154, 207, 162, 275, 241, 159, 258, 273, 180, 249, 238, 296, 178, 261, 233, 193, 280, 221, 278, 158, 299, 220, 251, 291, 189, 268, 196, 236, 271, 267, 208, 286, 293, 163, 247, 176, 259, 254, 166, 250, 256, 264, 174, 211, 285, 172, 198, 186, 192, 199, 237, 228, 283, 152, 177, 215, 223, 263, 252, 181, 262, 255, 219, 234, 235, 257, 160, 222, 224, 269, 270, 232, 282, 266, 276, 165, 288, 167, 248, 173, 290, 205, 194, 246, 161, 206, 240, 281, 284, 230, 279, 183, 298, 245, 272, 195, 184, 225, 260, 197, 187, 204, 216, 185, 243, 200, 210, 202, 274, 297, 155, 169, 182, 168, 218, 229, 217, 179, 213, 157, 239, 190, 292, 214, 188, 295, 287, 203, 294, 265, 242, 289, 153, 191, 244, 164, 277, 170, 209, 226], [900, 979, 912, 980, 1013, 964, 972, 1037, 974, 975, 909, 1021, 1033, 997, 1008, 932, 904, 985, 923, 921, 926, 935, 981, 915, 916, 969, 1025, 1047, 1004, 1015, 946, 1005, 1042, 1048, 949, 1029, 1046, 994, 1001, 1044, 906, 925, 968, 998, 931, 924, 1040, 1049, 934, 947, 1035, 940, 960, 967, 936, 976, 908, 919, 977, 945, 911, 913, 971, 990, 1038, 953, 1019, 957, 996, 944, 999, 917, 982, 986, 992, 956, 933, 950, 961, 989, 1010, 954, 922, 937, 943, 1020, 948, 983, 901, 951, 995, 1039, 929, 1043, 938, 959, 914, 941, 963, 1006, 1041, 942, 1002, 910, 952, 965, 1045, 902, 920, 1012, 1028, 905, 1000, 903, 1003, 1009, 1031, 918, 962, 1027, 1034, 966, 927, 1007, 1022, 1032, 958, 991, 1018, 993, 1011, 978, 1030, 1023, 955, 973, 1014, 1016, 928, 984, 988, 930, 1017, 987, 970, 1024, 1026, 907, 939, 1036], [750, 794, 824, 816, 767, 890, 784, 854, 817, 856, 751, 768, 801, 832, 887, 783, 846, 895, 797, 881, 880, 785, 821, 809, 866, 828, 791, 812, 798, 877, 796, 872, 759, 894, 848, 780, 779, 858, 788, 802, 814, 818, 825, 761, 777, 770, 870, 756, 886, 758, 865, 849, 869, 763, 878, 850, 893, 807, 831, 847, 827, 810, 811, 774, 826, 838, 863, 882, 806, 819, 754, 765, 898, 833, 889, 830, 769, 764, 799, 776, 786, 853, 766, 795, 835, 896, 899, 793, 840, 855, 868, 781, 857, 871, 803, 834, 841, 852, 845, 860, 771, 891, 851, 888, 752, 874, 859, 773, 864, 839, 883, 823, 844, 897, 842, 805, 876, 755, 790, 867, 815, 885, 879, 760, 800, 861, 804, 873, 762, 782, 778, 822, 753, 787, 829, 875, 884, 792, 772, 775, 813, 820, 837, 892, 789, 808, 757, 836, 862, 843], [600, 625, 671, 696, 615, 687, 665, 697, 724, 685, 607, 706, 642, 684, 698, 746, 639, 691, 703, 744, 646, 677, 663, 619, 686, 676, 683, 601, 654, 742, 632, 718, 722, 604, 648, 645, 664, 692, 609, 682, 638, 716, 732, 616, 675, 672, 608, 626, 628, 673, 635, 745, 636, 666, 669, 622, 721, 701, 711, 712, 717, 602, 748, 623, 670, 650, 610, 729, 631, 678, 627, 688, 652, 661, 735, 667, 614, 620, 641, 730, 643, 714, 651, 662, 617, 693, 704, 731, 658, 634, 747, 640, 680, 655, 726, 736, 649, 709, 624, 679, 741, 629, 657, 739, 707, 700, 653, 708, 710, 603, 681, 621, 727, 738, 644, 656, 611, 734, 720, 605, 633, 715, 723, 618, 725, 719, 733, 612, 637, 749, 659, 702, 694, 674, 713, 743, 705, 737, 606, 740, 668, 613, 690, 728, 630, 647, 660, 699, 689, 695], [300, 411, 413, 428, 319, 322, 444, 432, 341, 361, 370, 431, 400, 313, 443, 392, 384, 323, 366, 375, 327, 364, 343, 314, 337, 446, 325, 429, 306, 402, 374, 399, 317, 356, 330, 318, 420, 424, 352, 349, 350, 440, 367, 395, 301, 333, 427, 320, 355, 329, 378, 348, 358, 312, 360, 345, 417, 391, 304, 305, 416, 426, 438, 442, 394, 448, 436, 309, 346, 433, 408, 353, 311, 340, 423, 326, 421, 339, 447, 435, 372, 381, 425, 335, 383, 393, 419, 385, 388, 445, 303, 390, 405, 354, 362, 418, 324, 342, 387, 389, 302, 382, 316, 373, 376, 401, 347, 379, 334, 338, 359, 365, 434, 307, 368, 386, 398, 422, 321, 403, 336, 415, 377, 410, 412, 449, 414, 437, 310, 371, 315, 380, 328, 363, 404, 441, 430, 439, 332, 406, 409, 357, 369, 308, 331, 397, 396, 351, 344, 407], [0, 101, 131, 87, 95, 97, 15, 78, 41, 50, 42, 56, 6, 109, 134, 38, 20, 100, 129, 137, 79, 121, 89, 92, 54, 138, 76, 2, 88, 46, 136, 18, 66, 28, 33, 61, 32, 91, 132, 147, 72, 104, 118, 105, 139, 110, 93, 123, 4, 98, 11, 22, 48, 112, 133, 143, 10, 13, 17, 114, 63, 140, 7, 108, 14, 122, 23, 75, 27, 57, 106, 19, 125, 43, 135, 64, 3, 148, 130, 84, 51, 74, 77, 70, 71, 81, 149, 30, 39, 126, 127, 44, 85, 113, 145, 12, 73, 47, 59, 117, 29, 146, 36, 69, 62, 99, 1, 5, 107, 49, 67, 55, 21, 102, 25, 94, 8, 26, 52, 53, 86, 24, 80, 60, 83, 35, 115, 82, 141, 45, 116, 96, 144, 103, 9, 65, 142, 31, 40, 16, 128, 90, 120, 34, 124, 111, 37, 58, 68, 119]]","[0.5591909170034342, 0.1560184079571627, 0.16196289501385763, 0.16050974902464077, 0.1690857099601999, 0.5646369479945861, 0.15453964204061776]","[54.455039723950904, 5.569173448020592, 4.645778045000043, 171.3938091750024, 4.319934717030264, 86.64627359103179, 4.632558381010313]","[""OPTIMAL"", ""OPTIMAL"", ""OPTIMAL"", ""OPTIMAL"", ""OPTIMAL"", ""OPTIMAL"", ""OPTIMAL""]","[78.0, 82.0, 76.0, 112.0, 62.0, 131.0, 115.0]","[78.0, 82.0, 76.0, 112.0, 62.0, 131.0, 115.0]",[0.1434283729759045],,0.0,,,,,656.0,656.0,656.0,656.0,-0.1524390243902439,336.1648869639612
62,7,150,5250,750,-1,10,23,1800,5.140828657022212,[1.2636342630139552],[208.7145428369986],OPTIMAL,673.0,673.0,0.0,"[6.445011772040743, 6.651580004021525, 7.336856735055335, 7.3385422640130855, 7.33978483901592, 7.342412889003754, 7.979710302024614, 8.028254906006623, 8.494245230045635, 8.508284809009638, 8.50957350502722, 8.511485982045997, 8.534362862003036, 10.48330729000736, 10.485659972007852, 10.693132825021166, 13.19783170800656, 13.212086967017967, 13.439775408012792, 15.402627610019408, 17.263780582055915, 19.071119911037385, 19.596111994003877, 21.88394083402818, 28.171997091034427, 35.768362755014095, 36.113103407027666, 37.99269817903405, 42.485398174030706, 49.88530627003638, 81.77554448205046, 84.54556349402992, 163.71274970500963, 208.71250743302517]","[3119.0, 3056.0, 2409.0, 2401.0, 2290.0, 1871.0, 1016.0, 915.0, 782.0, 778.0, 714.0, 713.0, 711.0, 709.0, 706.0, 705.0, 700.0, 699.0, 698.0, 695.0, 692.0, 688.0, 686.0, 684.0, 683.0, 680.0, 679.0, 678.0, 677.0, 676.0, 675.0, 674.0, 673.0, 673.0]",209.9781771000125,7,0.9999953438634448,"[1.0, 1.0, 0.9999633112793357, 0.9999713187632651, 1.0, 1.0, 1.0]","[0.2319670464554366, 0.49891601273683317, 0.2548082094777141, 0.3534748917090248, 0.35066782610471203, 0.21854424013092755, 0.2368578874610979]","[173.97528484157743, 374.1870095526249, 191.10615710828557, 265.1061687817686, 263.00086957853404, 163.90818009819566, 177.64341559582343]","[1.8578947368421055, 2.3, 1.9939560439560438, 2.6741626794258373, 2.75, 1.9051948051948053, 1.907894736842105]",1604.1022583372471,2.0463630789890885e-12,2.75,3.897834436169692e-16,1.2757061268082726e-15,1.476648423995357,0.779038519016467,"[750, 750, 750, 750, 750, 750, 750]","[[0, 47, 96, 20, 90, 92, 91, 24, 28, 33, 99, 148, 66, 143, 108, 2, 94, 17, 140, 116, 5, 18, 58, 19, 36, 119, 127, 103, 14, 22, 57, 50, 83, 63, 55, 126, 21, 48, 78, 112, 131, 80, 73, 77, 93, 84, 123, 128, 132, 43, 72, 6, 102, 122, 56, 88, 149, 11, 34, 51, 98, 147, 9, 52, 60, 125, 44, 65, 64, 133, 118, 135, 146, 68, 100, 114, 120, 39, 61, 74, 40, 145, 107, 142, 45, 139, 54, 46, 89, 95, 1, 32, 141, 27, 113, 38, 35, 86, 101, 71, 81, 106, 137, 41, 3, 85, 130, 31, 67, 82, 75, 129, 26, 42, 124, 87, 105, 30, 29, 117, 104, 134, 7, 13, 70, 25, 138, 109, 111, 121, 8, 59, 12, 110, 53, 115, 15, 49, 10, 16, 4, 97, 37, 144, 23, 69, 76, 62, 79, 136], [900, 972, 1026, 901, 1006, 1035, 930, 1046, 1010, 933, 1016, 981, 936, 1020, 970, 1030, 916, 931, 968, 1007, 988, 1017, 903, 1018, 955, 922, 961, 943, 944, 1034, 905, 921, 918, 912, 1029, 917, 924, 1003, 963, 980, 1027, 920, 942, 1041, 993, 996, 938, 967, 1037, 952, 1023, 1049, 948, 983, 1038, 991, 904, 969, 1031, 911, 1011, 932, 959, 919, 1044, 914, 971, 1014, 977, 957, 1005, 985, 1039, 1040, 906, 990, 908, 945, 986, 1028, 935, 950, 953, 1043, 1045, 984, 954, 1047, 989, 1036, 915, 926, 937, 925, 1004, 978, 964, 992, 929, 939, 946, 1024, 974, 1002, 941, 995, 1000, 956, 966, 1042, 997, 1001, 1013, 1008, 902, 999, 1032, 927, 965, 1022, 1033, 1019, 909, 907, 1025, 979, 951, 934, 960, 1012, 1015, 949, 962, 976, 910, 998, 1009, 1048, 982, 913, 923, 940, 928, 958, 975, 994, 947, 987, 1021, 973], [150, 265, 280, 154, 211, 285, 158, 248, 213, 218, 290, 268, 219, 250, 196, 255, 206, 258, 281, 231, 266, 276, 151, 160, 263, 166, 254, 184, 242, 178, 288, 233, 234, 238, 179, 194, 201, 251, 199, 200, 208, 270, 273, 204, 224, 202, 235, 247, 153, 187, 209, 156, 162, 172, 294, 155, 243, 232, 182, 267, 275, 161, 216, 214, 257, 245, 295, 163, 228, 198, 203, 210, 217, 205, 212, 207, 237, 164, 244, 292, 181, 220, 222, 293, 230, 252, 260, 221, 286, 225, 167, 169, 277, 177, 215, 171, 173, 296, 175, 180, 193, 256, 190, 195, 283, 269, 226, 240, 197, 152, 272, 246, 262, 278, 188, 279, 261, 159, 241, 223, 174, 291, 264, 227, 274, 183, 239, 186, 191, 168, 192, 253, 170, 176, 284, 157, 299, 289, 297, 236, 282, 189, 271, 165, 249, 259, 185, 298, 229, 287], [600, 643, 687, 625, 684, 609, 662, 667, 733, 749, 652, 693, 605, 640, 718, 649, 664, 669, 678, 728, 736, 611, 683, 742, 657, 688, 703, 706, 603, 702, 635, 674, 744, 616, 622, 655, 711, 713, 748, 720, 710, 628, 654, 666, 738, 645, 723, 602, 675, 721, 726, 747, 732, 618, 740, 629, 650, 651, 734, 606, 743, 658, 634, 676, 617, 624, 719, 715, 697, 712, 633, 673, 685, 691, 601, 729, 641, 677, 663, 701, 725, 604, 632, 690, 659, 661, 647, 692, 700, 608, 642, 620, 610, 614, 724, 656, 694, 717, 730, 746, 665, 680, 739, 623, 607, 696, 630, 672, 612, 695, 626, 615, 671, 638, 621, 648, 714, 660, 639, 681, 670, 653, 705, 716, 707, 686, 613, 722, 731, 627, 698, 699, 644, 708, 709, 737, 735, 741, 619, 631, 679, 636, 637, 646, 682, 745, 668, 689, 727, 704], [750, 790, 776, 768, 869, 829, 847, 856, 843, 873, 783, 787, 752, 896, 875, 781, 751, 868, 788, 882, 840, 792, 800, 876, 815, 807, 897, 756, 779, 890, 794, 803, 822, 895, 832, 898, 845, 759, 775, 795, 761, 824, 816, 762, 863, 872, 786, 830, 878, 802, 808, 883, 763, 864, 849, 888, 881, 884, 804, 887, 866, 805, 809, 819, 857, 818, 754, 848, 771, 753, 837, 799, 889, 828, 894, 825, 755, 766, 772, 793, 865, 839, 880, 853, 789, 842, 801, 757, 838, 811, 834, 784, 806, 859, 758, 765, 777, 796, 871, 767, 773, 836, 844, 861, 851, 760, 823, 891, 769, 877, 778, 780, 860, 817, 810, 812, 813, 852, 879, 770, 870, 785, 874, 893, 858, 885, 850, 855, 867, 782, 862, 841, 764, 827, 797, 886, 846, 821, 826, 892, 831, 774, 791, 854, 798, 833, 814, 820, 835, 899], [450, 567, 464, 488, 569, 548, 581, 565, 456, 466, 562, 470, 597, 487, 518, 481, 563, 511, 508, 552, 459, 483, 485, 536, 477, 512, 492, 465, 463, 493, 479, 505, 510, 539, 525, 455, 498, 471, 473, 538, 571, 484, 547, 514, 564, 534, 482, 554, 451, 515, 559, 478, 594, 489, 452, 575, 585, 509, 530, 462, 555, 497, 586, 469, 504, 537, 517, 502, 577, 467, 551, 584, 527, 583, 453, 588, 513, 524, 553, 520, 574, 472, 503, 590, 480, 541, 523, 486, 557, 495, 540, 528, 579, 589, 599, 526, 580, 582, 458, 531, 501, 519, 566, 522, 533, 529, 573, 454, 457, 549, 591, 468, 542, 598, 570, 474, 544, 543, 545, 491, 561, 499, 506, 587, 460, 507, 596, 461, 560, 516, 550, 576, 475, 494, 595, 521, 496, 558, 476, 490, 500, 568, 572, 535, 556, 593, 578, 592, 532, 546], [300, 364, 306, 449, 320, 403, 330, 309, 402, 392, 434, 319, 356, 341, 443, 371, 343, 405, 414, 373, 397, 355, 301, 380, 350, 448, 324, 409, 418, 428, 426, 439, 308, 360, 406, 413, 415, 378, 401, 316, 349, 340, 366, 390, 404, 305, 337, 381, 365, 375, 446, 325, 353, 440, 311, 321, 347, 323, 444, 376, 416, 422, 346, 357, 431, 369, 425, 438, 326, 362, 408, 429, 359, 435, 385, 313, 361, 338, 314, 437, 327, 419, 388, 317, 421, 389, 352, 399, 430, 302, 333, 344, 387, 393, 312, 345, 396, 334, 336, 424, 328, 412, 427, 348, 351, 417, 329, 395, 307, 411, 441, 377, 445, 354, 442, 310, 400, 433, 386, 318, 322, 331, 358, 303, 423, 335, 370, 374, 447, 304, 391, 315, 436, 384, 407, 410, 420, 367, 372, 398, 332, 368, 342, 394, 379, 383, 363, 339, 432, 382]]","[0.5409183400333859, 0.1149061790201813, 0.12015792599413544, 0.12212529801763594, 0.12177807802800089, 0.1249489999609068, 0.5470895849866793]","[2.9987304960377514, 50.30641994002508, 2.5209901370108128, 24.077349658997264, 4.410151970980223, 1.5356616789940745, 1.2806093110120855]","[""OPTIMAL"", ""OPTIMAL"", ""OPTIMAL"", ""OPTIMAL"", ""OPTIMAL"", ""OPTIMAL"", ""OPTIMAL""]","[102.0, 121.0, 67.0, 125.0, 98.0, 80.0, 80.0]","[102.0, 121.0, 67.0, 125.0, 98.0, 80.0, 80.0]",[0.11397088703233749],,0.0,,,,,673.0,673.0,673.0,673.0,0.0,91.19149542914238
62,7,150,5250,750,-1,10,24,1800,5.250879772996996,[1.2725036700139754],[162.27191382698948],OPTIMAL,656.0,656.0,0.0,"[5.614221267052926, 5.61508096702164, 5.615868152002804, 5.6167381390114315, 5.61758020502748, 5.618416174023878, 5.6192584650125355, 5.620101833017543, 5.620924264017958, 5.8679937880369835, 6.034489416051656, 6.037863902049139, 6.039164595014881, 6.040808376041241, 6.042236394016072, 6.04822321300162, 6.812504732050002, 6.816457229026128, 6.8189948630169965, 7.454059286043048, 7.454993526043836, 7.455870647041593, 7.45672930800356, 7.457571814011317, 7.625992119021248, 7.829028622014448, 7.836095908016432, 8.592838549055159, 9.028704002033919, 9.217357138055377, 10.571101400011685, 10.578096368000843, 10.579888519016095, 15.528809261042625, 16.152703755011316, 16.238177338032983, 16.23966239101719, 16.257714842038695, 16.42146436701296, 16.437127406010404, 16.6221618350246, 16.88817539199954, 19.051295562007, 21.0370817760122, 22.39188141201157, 24.842574161011726, 26.63459196104668, 28.774115180014633, 42.53368588804733, 45.41419608803699, 47.9915575410123, 48.509724875038955, 48.796131068025716, 162.23183648101985, 162.26990017102798]","[1083.0, 983.0, 882.0, 846.0, 838.0, 825.0, 824.0, 797.0, 794.0, 788.0, 737.0, 735.0, 722.0, 721.0, 720.0, 716.0, 713.0, 710.0, 707.0, 703.0, 700.0, 699.0, 698.0, 697.0, 696.0, 692.0, 691.0, 690.0, 689.0, 687.0, 686.0, 685.0, 684.0, 683.0, 682.0, 680.0, 679.0, 678.0, 677.0, 675.0, 674.0, 673.0, 672.0, 669.0, 667.0, 665.0, 663.0, 662.0, 661.0, 660.0, 659.0, 658.0, 657.0, 656.0, 656.0]",163.54441749700345,7,0.999989186675822,"[1.0, 1.0, 0.9999255687346154, 0.9999192767194058, 1.0, 1.0, 1.0]","[0.26297200026931483, 0.18748085000306028, 0.29312408979049837, 0.24926382474208555, 0.263180430603233, 0.3090331102070232, 0.3896371854777091]","[197.2290002019861, 140.61063750229522, 219.84306734287378, 186.94786855656417, 197.38532295242473, 231.77483265526737, 292.22788910828183]","[2.546969696969697, 1.7105263157894737, 2.0375, 2.1, 1.9863636363636363, 2.15, 2.518181818181818]",1474.7219399869032,9.094947017729282e-13,2.546969696969697,1.7323708605198634e-16,6.167228391410442e-16,1.501547103980556,0.7793622249737382,"[750, 750, 750, 750, 750, 750, 750]","[[600, 601, 705, 658, 670, 679, 642, 723, 729, 748, 745, 611, 652, 646, 715, 693, 718, 732, 602, 700, 726, 606, 672, 736, 604, 621, 629, 636, 619, 702, 659, 649, 719, 678, 725, 603, 704, 724, 706, 633, 656, 739, 740, 688, 696, 630, 605, 716, 730, 608, 650, 676, 644, 648, 673, 699, 661, 708, 609, 640, 666, 662, 698, 749, 671, 687, 684, 728, 686, 690, 746, 607, 637, 638, 618, 624, 695, 701, 620, 663, 735, 612, 613, 623, 647, 655, 681, 741, 641, 677, 680, 697, 720, 713, 721, 683, 703, 744, 615, 653, 714, 617, 712, 622, 632, 707, 610, 685, 674, 717, 675, 711, 645, 733, 738, 734, 614, 627, 628, 737, 747, 743, 631, 634, 660, 692, 742, 667, 616, 709, 625, 731, 669, 727, 694, 626, 664, 691, 635, 689, 710, 668, 654, 639, 657, 722, 643, 651, 665, 682], [750, 833, 878, 773, 853, 834, 782, 864, 869, 892, 761, 768, 807, 894, 830, 872, 792, 856, 801, 836, 797, 842, 857, 765, 824, 783, 789, 831, 835, 753, 840, 832, 848, 756, 884, 820, 849, 803, 813, 858, 899, 802, 863, 871, 838, 888, 754, 867, 788, 885, 805, 843, 766, 837, 791, 804, 814, 784, 876, 770, 887, 794, 850, 769, 806, 800, 759, 793, 873, 760, 823, 779, 774, 785, 862, 780, 796, 847, 757, 881, 811, 861, 758, 851, 767, 777, 790, 817, 778, 771, 897, 815, 786, 816, 821, 844, 841, 845, 776, 877, 891, 751, 818, 775, 810, 895, 764, 854, 795, 762, 808, 827, 898, 822, 839, 852, 883, 829, 855, 875, 880, 752, 874, 846, 893, 860, 799, 812, 868, 781, 865, 859, 870, 889, 886, 787, 825, 809, 896, 798, 826, 755, 763, 890, 882, 879, 772, 828, 866, 819], [450, 539, 530, 517, 464, 512, 527, 457, 476, 499, 529, 492, 514, 574, 578, 454, 479, 461, 557, 545, 586, 494, 580, 542, 581, 467, 496, 551, 590, 589, 540, 510, 564, 498, 537, 503, 471, 573, 549, 534, 559, 485, 547, 579, 598, 533, 515, 535, 516, 575, 584, 569, 571, 453, 558, 591, 480, 489, 495, 536, 546, 460, 550, 477, 523, 587, 528, 463, 526, 556, 599, 583, 563, 455, 566, 511, 482, 582, 469, 488, 541, 595, 531, 472, 562, 502, 554, 486, 501, 519, 513, 555, 465, 508, 561, 468, 548, 521, 493, 568, 520, 532, 525, 475, 560, 478, 597, 522, 577, 491, 451, 497, 505, 518, 544, 538, 567, 570, 462, 594, 509, 565, 474, 484, 452, 458, 543, 552, 592, 470, 490, 576, 500, 585, 481, 588, 456, 459, 507, 504, 466, 473, 572, 487, 596, 506, 524, 593, 483, 553], [0, 147, 54, 79, 11, 100, 41, 135, 87, 3, 140, 32, 125, 4, 37, 69, 131, 116, 52, 121, 78, 98, 8, 17, 64, 60, 61, 25, 91, 12, 86, 117, 72, 115, 55, 81, 56, 58, 75, 122, 95, 1, 30, 110, 18, 99, 118, 105, 29, 141, 48, 77, 149, 146, 148, 7, 103, 67, 34, 74, 90, 27, 66, 104, 128, 5, 24, 15, 42, 109, 23, 119, 46, 93, 13, 49, 134, 36, 45, 71, 127, 84, 68, 142, 120, 123, 20, 53, 111, 139, 124, 9, 21, 108, 16, 114, 70, 39, 133, 80, 97, 83, 89, 62, 76, 102, 132, 88, 145, 107, 143, 2, 63, 101, 106, 51, 130, 59, 112, 65, 14, 94, 26, 22, 35, 50, 43, 73, 113, 6, 137, 92, 57, 136, 10, 33, 40, 28, 82, 96, 19, 31, 85, 144, 38, 44, 138, 129, 47, 126], [900, 909, 1009, 1023, 962, 907, 1033, 965, 1014, 1039, 974, 1008, 910, 920, 926, 1005, 924, 1012, 939, 947, 968, 1019, 1042, 949, 1037, 905, 941, 976, 906, 916, 992, 1016, 927, 991, 966, 993, 1031, 938, 1006, 957, 951, 983, 1043, 935, 970, 975, 1011, 1041, 929, 961, 944, 902, 1013, 1003, 933, 969, 953, 978, 997, 982, 1029, 901, 946, 915, 999, 1027, 1038, 1040, 911, 967, 943, 1018, 1024, 1028, 925, 942, 1048, 948, 973, 934, 977, 1000, 1046, 1044, 912, 917, 995, 937, 963, 994, 1001, 1020, 918, 1002, 1025, 998, 972, 1017, 903, 1036, 914, 987, 956, 990, 904, 928, 981, 989, 908, 923, 1049, 1030, 1045, 1047, 922, 950, 952, 919, 964, 959, 985, 945, 954, 921, 971, 984, 986, 1015, 1022, 955, 1034, 931, 979, 960, 996, 1035, 958, 940, 936, 930, 1004, 1026, 913, 988, 932, 1007, 980, 1010, 1021, 1032], [150, 194, 151, 208, 230, 201, 282, 169, 243, 238, 260, 170, 191, 296, 178, 212, 221, 259, 268, 181, 239, 206, 223, 286, 185, 229, 257, 281, 193, 262, 152, 183, 285, 158, 184, 266, 235, 271, 198, 177, 219, 190, 161, 278, 261, 166, 174, 189, 274, 290, 153, 227, 299, 289, 167, 255, 179, 187, 195, 154, 173, 226, 263, 233, 213, 155, 247, 156, 265, 254, 186, 250, 232, 298, 197, 202, 267, 160, 175, 182, 196, 245, 251, 214, 168, 222, 207, 231, 171, 273, 220, 205, 210, 256, 275, 279, 199, 287, 211, 216, 293, 215, 272, 224, 240, 291, 157, 269, 237, 159, 163, 162, 176, 292, 164, 295, 188, 228, 165, 241, 217, 270, 180, 252, 172, 244, 203, 192, 218, 258, 276, 288, 284, 297, 225, 236, 246, 234, 264, 283, 209, 248, 249, 280, 242, 277, 200, 294, 204, 253], [300, 391, 379, 385, 394, 312, 326, 426, 425, 440, 304, 321, 374, 413, 352, 404, 381, 323, 420, 353, 395, 339, 343, 347, 301, 424, 309, 439, 358, 317, 383, 408, 314, 318, 345, 330, 350, 382, 365, 392, 396, 310, 410, 324, 349, 366, 411, 435, 322, 344, 346, 447, 368, 427, 315, 362, 428, 390, 389, 327, 333, 354, 399, 441, 361, 372, 406, 437, 402, 338, 376, 380, 446, 357, 436, 367, 403, 405, 388, 416, 319, 302, 334, 417, 341, 378, 364, 360, 313, 429, 398, 430, 432, 356, 434, 369, 409, 414, 303, 325, 433, 418, 336, 375, 373, 306, 359, 443, 335, 400, 370, 407, 421, 412, 311, 397, 340, 377, 384, 445, 320, 442, 337, 431, 363, 386, 415, 387, 305, 329, 438, 422, 307, 444, 449, 308, 401, 328, 331, 332, 448, 342, 371, 393, 351, 355, 419, 316, 348, 423]]","[0.125654386007227, 0.1280743059469387, 0.5161769890110008, 0.11667792097432539, 0.12393689597956836, 0.12244101404212415, 0.12058927601901814]","[2.1419920890475623, 3.8502030429663137, 3.4003660299931653, 1.3135669819894247, 5.190974033030216, 7.363771958043799, 17.761733211984392]","[""OPTIMAL"", ""OPTIMAL"", ""OPTIMAL"", ""OPTIMAL"", ""OPTIMAL"", ""OPTIMAL"", ""OPTIMAL""]","[98.0, 64.0, 80.0, 107.0, 104.0, 85.0, 118.0]","[98.0, 64.0, 80.0, 107.0, 104.0, 85.0, 118.0]",[0.11333156196633354],,0.0,,,,,656.0,656.0,656.0,656.0,0.0,44.6703990259557
62,9,150,6750,750,-1,10,30,1800,6.123342097038403,[1.5608486279961653],[1403.0021987530054],OPTIMAL,846.0,846.0,0.0,"[7.522076065011788, 7.842627448029816, 8.909604804997798, 8.911800127010792, 8.913606757007074, 8.91715552698588, 11.298059366992675, 11.300154744007159, 11.303668573033065, 17.320281485037412, 18.20529777504271, 18.23845409002388, 18.241118042031303, 18.95750527404016, 18.960009862028528, 18.976535101013724, 18.979143613018095, 19.561257040011697, 19.563911642995663, 20.115351799991913, 20.117982994997874, 20.3624239640194, 20.365009899018332, 20.64659559301799, 20.649207296024542, 20.93360951700015, 21.841175742039923, 22.086436222016346, 22.327405210991856, 22.329406651027966, 22.381088972033467, 22.412774940021336, 22.513807851006277, 22.560351855005138, 22.675416701997165, 22.71837791602593, 22.720424970029853, 22.834342890011612, 22.836309011036064, 23.297345981991384, 23.299341097997967, 23.301211618003435, 23.493943886016496, 23.58660380303627, 23.84325743903173, 23.962654478033073, 23.96478321700124, 24.159992447006516, 24.162015629990492, 24.292224843986332, 27.58693565003341, 29.57203494902933, 31.66627944301581, 33.619577364996076, 35.47031764104031, 37.802297474001534, 39.77246215404011, 41.73105825204402, 44.65597450098721, 46.86377260001609, 57.81936080602463, 64.31191480200505, 66.41166906204307, 105.02403357002186, 107.308859864017, 115.2236664990196, 118.79858990001958, 128.78041991603095, 341.06434535898734, 389.04976941400673, 1402.9961352620157]","[4508.0, 4424.0, 3361.0, 3354.0, 3327.0, 2711.0, 2614.0, 2610.0, 2375.0, 2357.0, 2347.0, 2304.0, 2220.0, 1245.0, 1166.0, 1163.0, 1148.0, 1147.0, 1139.0, 1016.0, 1014.0, 998.0, 995.0, 990.0, 988.0, 980.0, 972.0, 969.0, 961.0, 960.0, 959.0, 957.0, 945.0, 941.0, 934.0, 931.0, 930.0, 929.0, 928.0, 926.0, 925.0, 904.0, 902.0, 900.0, 898.0, 897.0, 895.0, 894.0, 893.0, 891.0, 889.0, 885.0, 878.0, 877.0, 873.0, 871.0, 867.0, 863.0, 862.0, 861.0, 858.0, 855.0, 853.0, 852.0, 851.0, 850.0, 849.0, 848.0, 847.0, 846.0, 846.0]",1404.5630473810015,9,0.9999692273795082,"[0.999822426291056, 1.0, 1.0, 0.9998913467569477, 1.0, 0.9999681373069652, 0.999880251906444, 1.0, 0.999887327406072]","[0.16304501755380071, 0.269146253917707, 0.2876854759634407, 0.4436776452105399, 0.3525331510594668, 0.2928470374411787, 0.30264552869033634, 0.23504007024070295, 0.3807032368216579]","[122.28376316535054, 201.85969043828027, 215.76410697258052, 332.7582339079049, 264.3998632946001, 219.635278080884, 226.98414651775227, 176.2800526805272, 285.5274276162434]","[1.9470588235294115, 1.9, 2.1736842105263157, 2.716666666666667, 2.5, 2.15, 2.3614718614718617, 2.0, 2.036363636363636]",2031.7678946370524,9.094947017729282e-13,2.6166666666666667,1.3473995581821161e-16,4.476371066661379e-16,2.054858135001268,1.0308030449668877,"[750, 750, 750, 750, 750, 750, 750, 750, 750]","[[600, 647, 676, 612, 748, 650, 718, 683, 624, 677, 738, 619, 720, 721, 632, 611, 672, 704, 667, 701, 725, 654, 669, 662, 684, 705, 602, 621, 661, 734, 609, 620, 685, 671, 732, 618, 673, 745, 687, 715, 655, 700, 699, 731, 601, 651, 605, 626, 641, 657, 666, 749, 604, 613, 634, 659, 722, 628, 675, 706, 742, 680, 664, 728, 698, 674, 737, 606, 645, 653, 607, 668, 696, 702, 716, 644, 695, 615, 665, 678, 608, 627, 694, 711, 617, 648, 709, 713, 625, 726, 727, 616, 660, 693, 637, 639, 649, 638, 646, 643, 730, 631, 652, 670, 707, 697, 747, 642, 710, 740, 682, 658, 623, 719, 746, 633, 733, 640, 729, 736, 744, 708, 717, 714, 663, 690, 691, 743, 622, 741, 692, 603, 610, 703, 629, 724, 681, 739, 630, 636, 735, 686, 689, 712, 614, 723, 688, 656, 635, 679], [450, 559, 566, 515, 521, 475, 512, 562, 454, 593, 466, 497, 535, 505, 542, 472, 571, 502, 579, 531, 491, 520, 598, 498, 539, 549, 575, 572, 582, 474, 561, 487, 490, 552, 517, 465, 494, 585, 496, 591, 570, 599, 584, 590, 479, 508, 528, 563, 525, 592, 543, 553, 452, 564, 456, 453, 468, 471, 537, 511, 507, 492, 529, 551, 503, 455, 482, 527, 597, 567, 519, 534, 545, 586, 460, 577, 583, 533, 555, 470, 556, 510, 516, 596, 462, 464, 463, 489, 509, 476, 581, 594, 595, 514, 518, 589, 532, 587, 486, 550, 554, 569, 560, 477, 536, 578, 483, 540, 493, 557, 451, 481, 467, 499, 548, 506, 457, 574, 480, 458, 513, 524, 576, 459, 461, 469, 473, 538, 541, 485, 546, 544, 501, 580, 547, 478, 500, 588, 484, 573, 523, 530, 568, 526, 488, 558, 565, 495, 522, 504], [900, 1030, 1040, 940, 957, 977, 1008, 982, 1034, 969, 1046, 908, 989, 973, 984, 964, 1031, 918, 925, 979, 976, 999, 1018, 956, 970, 988, 922, 949, 1021, 1035, 1044, 1041, 928, 933, 944, 1045, 1001, 967, 983, 971, 996, 1017, 1033, 904, 1029, 1009, 1032, 1039, 920, 993, 1023, 939, 1016, 930, 962, 952, 953, 902, 906, 919, 950, 1000, 1020, 1027, 913, 1028, 995, 1015, 986, 1011, 914, 992, 955, 907, 927, 943, 954, 938, 1037, 923, 972, 1004, 1007, 974, 917, 963, 931, 947, 1026, 912, 915, 960, 975, 978, 1024, 926, 932, 1005, 941, 961, 903, 916, 937, 966, 1019, 921, 987, 968, 905, 985, 948, 1043, 1047, 945, 951, 1010, 910, 998, 929, 934, 980, 1049, 990, 946, 1036, 1042, 901, 991, 1048, 909, 1038, 1002, 942, 958, 997, 994, 959, 1003, 911, 936, 1006, 1013, 924, 965, 935, 981, 1022, 1025, 1012, 1014], [1200, 1297, 1249, 1235, 1280, 1226, 1203, 1253, 1254, 1296, 1206, 1315, 1221, 1330, 1258, 1202, 1220, 1247, 1301, 1277, 1327, 1218, 1217, 1348, 1271, 1244, 1334, 1276, 1344, 1337, 1324, 1219, 1223, 1345, 1240, 1228, 1269, 1201, 1306, 1266, 1225, 1227, 1257, 1285, 1336, 1332, 1313, 1234, 1241, 1331, 1325, 1204, 1294, 1207, 1291, 1290, 1323, 1239, 1222, 1248, 1273, 1339, 1300, 1333, 1208, 1275, 1255, 1299, 1267, 1292, 1268, 1284, 1302, 1316, 1229, 1293, 1251, 1343, 1303, 1286, 1346, 1263, 1283, 1320, 1205, 1250, 1252, 1288, 1264, 1279, 1259, 1341, 1349, 1212, 1304, 1214, 1298, 1287, 1243, 1245, 1211, 1335, 1262, 1242, 1224, 1309, 1265, 1272, 1270, 1305, 1216, 1231, 1308, 1237, 1233, 1295, 1317, 1246, 1210, 1256, 1213, 1289, 1311, 1238, 1261, 1321, 1328, 1232, 1230, 1310, 1340, 1342, 1281, 1236, 1312, 1274, 1326, 1260, 1314, 1318, 1209, 1347, 1322, 1282, 1338, 1215, 1329, 1307, 1278, 1319], [300, 375, 359, 369, 372, 418, 439, 309, 342, 422, 333, 400, 435, 334, 312, 405, 322, 384, 408, 374, 446, 385, 395, 410, 323, 329, 337, 376, 390, 378, 382, 411, 391, 445, 330, 335, 301, 393, 338, 346, 314, 366, 302, 365, 364, 438, 407, 434, 367, 373, 442, 370, 444, 303, 347, 350, 311, 341, 332, 380, 349, 305, 353, 416, 320, 340, 361, 324, 319, 424, 421, 336, 345, 356, 388, 381, 425, 397, 419, 404, 430, 363, 414, 433, 413, 406, 423, 304, 396, 354, 306, 443, 394, 447, 331, 352, 368, 318, 437, 415, 436, 321, 339, 440, 313, 377, 387, 327, 344, 348, 328, 379, 429, 355, 310, 357, 316, 315, 398, 449, 389, 409, 351, 448, 358, 360, 441, 383, 412, 392, 417, 386, 325, 326, 307, 371, 428, 403, 420, 426, 343, 431, 432, 317, 308, 399, 362, 401, 402, 427], [1050, 1125, 1077, 1189, 1144, 1165, 1167, 1193, 1154, 1063, 1092, 1190, 1136, 1197, 1149, 1137, 1163, 1058, 1085, 1053, 1140, 1121, 1082, 1066, 1112, 1152, 1173, 1084, 1086, 1134, 1089, 1061, 1100, 1107, 1064, 1115, 1075, 1192, 1175, 1126, 1133, 1081, 1160, 1183, 1118, 1129, 1161, 1068, 1132, 1148, 1156, 1113, 1170, 1196, 1116, 1198, 1153, 1071, 1097, 1109, 1176, 1091, 1155, 1185, 1051, 1055, 1059, 1169, 1074, 1054, 1158, 1101, 1188, 1124, 1141, 1065, 1199, 1078, 1128, 1114, 1076, 1090, 1143, 1127, 1072, 1139, 1186, 1147, 1157, 1151, 1073, 1094, 1083, 1102, 1080, 1178, 1108, 1120, 1182, 1095, 1098, 1104, 1181, 1171, 1056, 1096, 1087, 1088, 1111, 1130, 1177, 1119, 1060, 1067, 1110, 1164, 1070, 1191, 1093, 1180, 1123, 1146, 1150, 1159, 1062, 1106, 1069, 1099, 1168, 1162, 1166, 1179, 1195, 1103, 1135, 1122, 1172, 1131, 1052, 1194, 1117, 1145, 1184, 1079, 1138, 1187, 1142, 1174, 1057, 1105], [750, 798, 876, 855, 759, 824, 791, 886, 761, 790, 811, 887, 814, 847, 804, 837, 853, 781, 808, 871, 821, 860, 766, 875, 835, 774, 880, 844, 771, 846, 810, 825, 833, 758, 775, 897, 816, 884, 896, 898, 882, 889, 836, 850, 861, 757, 782, 777, 895, 783, 859, 862, 751, 769, 779, 788, 767, 829, 753, 776, 852, 793, 845, 834, 869, 878, 892, 754, 872, 794, 823, 792, 770, 827, 881, 800, 755, 809, 848, 762, 768, 841, 778, 832, 866, 840, 894, 842, 784, 802, 828, 806, 830, 787, 857, 819, 885, 873, 891, 752, 772, 773, 813, 764, 893, 760, 856, 890, 763, 831, 899, 785, 812, 815, 786, 801, 822, 818, 851, 838, 765, 839, 780, 799, 789, 820, 796, 807, 864, 803, 843, 858, 883, 826, 849, 797, 874, 879, 795, 865, 805, 863, 854, 888, 868, 817, 877, 867, 756, 870], [0, 146, 129, 41, 94, 43, 113, 105, 136, 18, 37, 147, 36, 133, 1, 39, 130, 14, 116, 29, 135, 88, 92, 121, 141, 8, 21, 84, 125, 55, 50, 62, 102, 123, 7, 87, 64, 122, 148, 17, 110, 38, 90, 138, 11, 20, 63, 46, 112, 93, 44, 78, 96, 15, 40, 149, 32, 57, 143, 54, 131, 80, 86, 111, 45, 119, 75, 145, 16, 68, 103, 140, 33, 70, 107, 22, 34, 59, 72, 60, 109, 2, 71, 104, 142, 76, 139, 73, 132, 77, 137, 3, 25, 120, 12, 82, 74, 127, 48, 106, 65, 66, 81, 61, 19, 24, 128, 114, 124, 47, 79, 100, 134, 4, 108, 13, 5, 101, 35, 10, 89, 69, 91, 6, 49, 9, 51, 144, 23, 28, 85, 31, 52, 53, 56, 95, 115, 126, 98, 118, 30, 117, 83, 26, 42, 67, 99, 27, 97, 58], [150, 232, 158, 176, 178, 204, 198, 281, 156, 211, 189, 242, 282, 153, 246, 229, 234, 154, 161, 249, 243, 299, 180, 231, 250, 210, 272, 280, 283, 222, 255, 162, 266, 212, 228, 241, 168, 291, 273, 256, 181, 275, 184, 216, 284, 188, 236, 192, 203, 220, 233, 152, 185, 193, 207, 292, 218, 213, 224, 278, 286, 183, 245, 199, 226, 182, 288, 260, 155, 221, 157, 208, 175, 230, 159, 248, 174, 293, 186, 187, 274, 166, 171, 170, 179, 261, 257, 195, 258, 215, 269, 285, 160, 263, 202, 209, 287, 239, 227, 244, 253, 190, 240, 214, 270, 206, 247, 296, 191, 271, 201, 251, 219, 163, 294, 177, 197, 217, 276, 268, 165, 254, 167, 277, 151, 290, 194, 237, 252, 172, 223, 279, 238, 205, 298, 225, 295, 267, 235, 259, 164, 264, 289, 169, 200, 297, 173, 262, 196, 265]]","[0.13208266999572515, 0.5700892339809798, 0.13310619402909651, 0.1159021719940938, 0.11928389698732644, 0.12417623901274055, 0.12283637700602412, 0.5806075310101733, 0.12133688799804077]","[3.8611991140060127, 14.396707313018851, 5.579339927004185, 17.562784806999844, 56.67456278897589, 12.32792618201347, 3.7089180710026994, 2.61177596898051, 1465.3284660889767]","[""OPTIMAL"", ""OPTIMAL"", ""OPTIMAL"", ""OPTIMAL"", ""OPTIMAL"", ""OPTIMAL"", ""OPTIMAL"", ""OPTIMAL"", ""OPTIMAL""]","[74.0, 81.0, 83.0, 161.0, 99.0, 79.0, 106.0, 74.0, 89.0]","[73.99999999999993, 81.0, 83.0, 161.0, 99.0, 79.0, 106.0, 74.0, 89.0]",[0.14692448795540258],,0.0,,,,,846.0,846.0,846.0,846.0,0.0,1587.303687130916
62,9,150,6750,750,-1,10,31,1800,5.924936046008952,[1.9777271149796434],[192.72172669001156],OPTIMAL,846.0,846.0,0.0,"[6.261113860993646, 6.344375311979093, 6.525795339024626, 6.540949567977805, 6.542943525011651, 6.545617163006682, 6.549178303976078, 6.550968486000784, 6.580446933978237, 6.616367616981734, 6.618111170013435, 6.74551124201389, 6.750861579028424, 7.093729501997586, 7.094933352025691, 7.096019994991366, 7.097125681990292, 7.098231133015361, 7.099308251985349, 7.100345995975658, 7.63831502199173, 7.643655883031897, 7.648596310988069, 7.651722518028691, 9.15287533501396, 9.629664784006309, 9.63781858398579, 9.644781620008871, 11.191343724029139, 11.24759941600496, 14.221007486979943, 14.598533053998835, 14.600466799980495, 14.877769944025204, 15.600708439014852, 15.732388815027662, 15.73359908402199, 15.734723954985384, 16.420134323998354, 16.8077599509852, 22.42601093603298, 24.563774748996366, 25.645974855986424, 25.693298452009913, 25.834115381992888, 28.689827455033083, 30.786646233987994, 35.025412301998585, 39.1899585580104, 41.291575207025744, 43.08295867498964, 65.69555484299781, 72.74478991900105, 82.72846293100156, 89.87364013202023, 192.67152893700404, 192.71930873999372]","[1323.0, 1179.0, 1041.0, 1039.0, 1019.0, 1012.0, 1007.0, 1005.0, 998.0, 995.0, 994.0, 992.0, 980.0, 955.0, 954.0, 953.0, 943.0, 942.0, 941.0, 936.0, 913.0, 903.0, 902.0, 901.0, 900.0, 892.0, 885.0, 884.0, 881.0, 880.0, 878.0, 877.0, 875.0, 874.0, 873.0, 871.0, 870.0, 869.0, 868.0, 867.0, 866.0, 865.0, 864.0, 862.0, 861.0, 859.0, 858.0, 855.0, 854.0, 852.0, 851.0, 850.0, 849.0, 848.0, 847.0, 846.0, 846.0]",194.6994538049912,9,0.9999800746897236,"[0.9999888679854393, 0.9999384184744576, 1.0, 0.999969755930358, 1.0, 0.999949825140615, 0.9999098327397322, 0.999976211149834, 0.9999061530478178]","[0.2894458738142949, 0.18600396581726497, 0.2652583917057602, 0.3191233230134158, 0.28797987510886297, 0.31132369679908034, 0.29387429823072236, 0.20339643056748316, 0.2500665952984064]","[217.08440536072115, 139.50297436294872, 198.94379377932017, 239.34249226006185, 215.9849063316472, 233.49277259931026, 220.40572367304176, 152.54732292561238, 187.5499464738048]","[2.128947368421053, 1.8863636363636362, 1.8, 2.0883838383838382, 2.1956027667984186, 1.85, 1.95, 1.85, 1.881818181818182]",1816.177867178233,2.273736754432321e-13,2.1956027667984186,3.3684988954552903e-17,1.251935064027477e-16,2.0554424399742857,1.0263671990251169,"[750, 750, 750, 750, 750, 750, 750, 750, 750]","[[300, 396, 312, 311, 437, 327, 335, 372, 439, 306, 319, 338, 309, 374, 419, 350, 378, 387, 427, 304, 307, 329, 336, 390, 310, 348, 318, 334, 343, 385, 362, 401, 359, 400, 371, 448, 405, 413, 420, 316, 410, 428, 446, 369, 406, 415, 417, 449, 320, 389, 379, 440, 438, 443, 321, 430, 347, 325, 432, 392, 324, 353, 337, 364, 423, 416, 351, 433, 339, 391, 360, 367, 381, 414, 375, 408, 380, 403, 431, 301, 313, 352, 303, 317, 322, 341, 445, 308, 330, 340, 355, 342, 358, 388, 397, 422, 412, 436, 305, 407, 424, 399, 332, 345, 382, 368, 425, 409, 346, 404, 384, 426, 394, 398, 441, 434, 418, 302, 376, 363, 402, 365, 429, 435, 333, 373, 354, 356, 366, 314, 377, 315, 395, 323, 370, 386, 444, 393, 383, 411, 326, 447, 357, 442, 328, 361, 421, 349, 331, 344], [600, 736, 693, 632, 671, 679, 696, 621, 687, 657, 743, 666, 698, 619, 662, 713, 622, 723, 608, 717, 612, 742, 701, 627, 610, 646, 691, 629, 665, 638, 703, 719, 663, 658, 667, 601, 648, 664, 711, 628, 686, 651, 724, 611, 748, 639, 653, 674, 616, 633, 704, 637, 683, 735, 677, 702, 682, 707, 688, 625, 726, 644, 630, 730, 641, 697, 714, 659, 685, 602, 618, 624, 655, 681, 603, 672, 634, 715, 620, 684, 737, 709, 716, 606, 738, 669, 661, 668, 721, 605, 649, 694, 727, 613, 650, 623, 734, 604, 699, 660, 720, 673, 692, 640, 712, 647, 747, 705, 710, 626, 689, 635, 656, 643, 746, 745, 631, 676, 654, 741, 670, 728, 731, 739, 729, 749, 652, 690, 740, 607, 642, 732, 636, 609, 700, 706, 722, 614, 733, 708, 617, 645, 744, 675, 680, 718, 725, 615, 678, 695], [0, 46, 37, 89, 4, 93, 31, 111, 139, 17, 50, 53, 29, 121, 124, 76, 141, 115, 122, 3, 14, 7, 40, 91, 65, 71, 36, 134, 126, 25, 32, 58, 85, 69, 137, 21, 98, 73, 77, 101, 145, 95, 138, 127, 28, 114, 106, 47, 55, 57, 60, 142, 12, 64, 30, 86, 97, 149, 108, 1, 26, 43, 102, 107, 2, 19, 67, 112, 8, 113, 15, 66, 118, 18, 49, 22, 120, 144, 51, 72, 54, 35, 84, 116, 135, 59, 140, 5, 90, 119, 132, 33, 68, 83, 39, 48, 87, 103, 11, 41, 74, 45, 94, 104, 117, 110, 148, 34, 44, 133, 9, 56, 16, 128, 70, 10, 96, 38, 13, 80, 24, 20, 143, 123, 147, 27, 62, 100, 146, 61, 88, 105, 109, 42, 130, 129, 131, 63, 81, 78, 82, 52, 92, 6, 23, 75, 79, 99, 125, 136], [750, 880, 851, 786, 856, 757, 764, 858, 794, 797, 835, 814, 818, 876, 828, 801, 878, 762, 790, 832, 774, 780, 825, 812, 779, 873, 784, 840, 751, 809, 810, 839, 791, 895, 753, 862, 867, 886, 836, 890, 819, 896, 899, 881, 898, 754, 776, 888, 758, 849, 805, 894, 752, 811, 893, 763, 841, 864, 865, 889, 771, 800, 782, 884, 850, 833, 837, 756, 844, 854, 897, 793, 827, 799, 813, 875, 892, 765, 868, 803, 883, 821, 859, 853, 755, 804, 852, 871, 861, 877, 879, 831, 863, 760, 795, 769, 792, 843, 802, 773, 847, 781, 891, 788, 775, 807, 872, 874, 860, 768, 777, 759, 887, 789, 815, 829, 761, 869, 823, 882, 772, 816, 796, 857, 767, 848, 808, 826, 822, 845, 824, 866, 842, 783, 870, 806, 770, 798, 817, 820, 778, 838, 846, 885, 766, 855, 785, 787, 830, 834], [1050, 1067, 1186, 1071, 1079, 1183, 1171, 1193, 1052, 1076, 1120, 1057, 1166, 1129, 1100, 1069, 1093, 1128, 1107, 1149, 1145, 1174, 1160, 1189, 1169, 1109, 1131, 1185, 1162, 1077, 1104, 1127, 1139, 1154, 1178, 1051, 1136, 1146, 1150, 1172, 1065, 1199, 1087, 1096, 1173, 1081, 1130, 1164, 1085, 1118, 1064, 1142, 1068, 1126, 1197, 1056, 1082, 1072, 1116, 1112, 1181, 1194, 1058, 1192, 1159, 1061, 1078, 1147, 1092, 1151, 1177, 1070, 1140, 1066, 1198, 1161, 1059, 1155, 1088, 1141, 1105, 1191, 1080, 1180, 1094, 1083, 1110, 1124, 1054, 1108, 1170, 1165, 1195, 1175, 1060, 1073, 1157, 1111, 1117, 1184, 1103, 1113, 1133, 1188, 1134, 1062, 1123, 1114, 1182, 1115, 1074, 1101, 1179, 1086, 1163, 1053, 1084, 1119, 1138, 1095, 1099, 1143, 1135, 1097, 1106, 1144, 1090, 1153, 1063, 1148, 1091, 1122, 1055, 1167, 1196, 1089, 1075, 1102, 1176, 1168, 1098, 1190, 1187, 1152, 1121, 1156, 1125, 1132, 1137, 1158], [150, 172, 187, 281, 254, 271, 274, 186, 242, 298, 211, 299, 195, 152, 177, 252, 151, 215, 205, 275, 183, 285, 232, 206, 185, 291, 295, 157, 175, 258, 248, 153, 241, 251, 180, 294, 219, 244, 169, 246, 170, 239, 155, 164, 296, 174, 158, 269, 199, 154, 173, 190, 288, 229, 162, 188, 203, 292, 273, 243, 259, 247, 253, 166, 263, 167, 261, 189, 207, 218, 297, 156, 182, 220, 179, 222, 212, 280, 201, 208, 270, 227, 159, 168, 204, 160, 293, 165, 289, 176, 228, 217, 272, 277, 279, 161, 171, 197, 278, 216, 262, 163, 266, 276, 290, 225, 250, 282, 260, 267, 283, 184, 194, 226, 224, 209, 223, 233, 230, 236, 238, 255, 221, 256, 264, 234, 235, 178, 240, 284, 198, 265, 193, 213, 214, 231, 268, 286, 287, 191, 210, 257, 181, 245, 249, 200, 237, 192, 196, 202], [900, 975, 970, 1049, 1043, 902, 952, 1005, 999, 931, 920, 922, 946, 961, 1014, 935, 1003, 1036, 910, 917, 1025, 1044, 1033, 944, 1019, 1039, 915, 928, 965, 1008, 995, 925, 1004, 943, 953, 951, 1023, 938, 974, 991, 901, 911, 1038, 907, 1007, 988, 1035, 909, 932, 967, 1030, 997, 1002, 1016, 1028, 916, 945, 977, 978, 1024, 904, 956, 958, 954, 960, 1022, 983, 973, 1042, 914, 986, 957, 923, 937, 1020, 936, 963, 918, 1034, 929, 921, 994, 971, 919, 992, 1011, 926, 940, 1045, 1018, 1032, 903, 1001, 933, 1027, 927, 1041, 982, 1046, 913, 934, 1013, 939, 962, 969, 930, 1040, 976, 1021, 968, 905, 1031, 1026, 1009, 1010, 906, 989, 966, 941, 972, 1048, 1015, 908, 950, 947, 1006, 924, 949, 987, 979, 998, 990, 996, 955, 993, 912, 981, 1017, 1047, 1012, 942, 959, 985, 1029, 948, 964, 1000, 980, 1037, 984], [1200, 1225, 1235, 1323, 1272, 1347, 1215, 1210, 1254, 1246, 1277, 1289, 1314, 1239, 1264, 1261, 1283, 1274, 1208, 1217, 1327, 1211, 1248, 1319, 1317, 1234, 1245, 1242, 1291, 1238, 1240, 1205, 1266, 1268, 1307, 1236, 1288, 1244, 1270, 1304, 1206, 1247, 1300, 1222, 1285, 1320, 1287, 1337, 1292, 1309, 1330, 1220, 1243, 1256, 1290, 1279, 1315, 1331, 1227, 1231, 1324, 1295, 1316, 1349, 1212, 1329, 1303, 1313, 1213, 1214, 1229, 1299, 1263, 1218, 1271, 1340, 1223, 1308, 1276, 1230, 1253, 1344, 1257, 1312, 1332, 1221, 1297, 1281, 1293, 1305, 1343, 1219, 1228, 1294, 1321, 1232, 1201, 1348, 1284, 1335, 1339, 1318, 1341, 1207, 1346, 1258, 1275, 1250, 1345, 1298, 1334, 1241, 1273, 1336, 1249, 1282, 1278, 1251, 1322, 1202, 1255, 1310, 1325, 1233, 1203, 1204, 1326, 1267, 1286, 1301, 1306, 1209, 1302, 1265, 1280, 1269, 1224, 1226, 1328, 1252, 1237, 1311, 1342, 1216, 1259, 1333, 1260, 1262, 1296, 1338], [450, 517, 538, 584, 529, 594, 469, 481, 598, 551, 591, 482, 485, 545, 524, 585, 554, 553, 501, 537, 526, 530, 588, 497, 504, 552, 522, 558, 547, 490, 493, 498, 562, 592, 567, 453, 500, 503, 468, 483, 499, 477, 494, 512, 557, 484, 527, 543, 479, 454, 597, 535, 502, 593, 488, 578, 464, 582, 472, 577, 459, 566, 576, 556, 590, 455, 471, 491, 599, 574, 587, 467, 534, 532, 489, 559, 506, 573, 495, 596, 546, 515, 528, 533, 586, 507, 509, 575, 508, 473, 536, 511, 520, 521, 568, 570, 487, 510, 549, 565, 579, 516, 531, 550, 513, 540, 571, 523, 496, 505, 451, 581, 519, 580, 463, 564, 514, 541, 569, 478, 492, 548, 544, 452, 480, 470, 525, 456, 476, 583, 457, 595, 572, 458, 560, 462, 466, 555, 563, 460, 461, 465, 539, 486, 542, 474, 518, 561, 589, 475]]","[0.12184981000609696, 0.12841525598196313, 0.11863480199826881, 0.14116096799261868, 0.15238212898839265, 0.6986870319815353, 0.12264934700215235, 0.119913176051341, 0.13192047900520265]","[1.732437819999177, 12.340636390028521, 0.8148381320061162, 5.724379515973851, 2.829709466022905, 3.1523997789481655, 164.36591703502927, 3.3097413500072435, 3.5353247050079517]","[""OPTIMAL"", ""OPTIMAL"", ""OPTIMAL"", ""OPTIMAL"", ""OPTIMAL"", ""OPTIMAL"", ""OPTIMAL"", ""OPTIMAL"", ""OPTIMAL""]","[97.0, 67.0, 73.0, 124.0, 98.0, 97.0, 115.0, 103.0, 72.0]","[97.0, 67.0, 73.0, 124.0, 98.0, 97.0, 115.0, 103.0, 72.0]",[0.14466027601156384],,0.0,,,,,846.0,846.0,846.0,846.0,0.0,202.7674671070417
62,9,150,6750,750,-1,10,32,1800,6.44472653901903,"[2.0354818939813413, 2.6080613429658115]","[1.2218264000257477, 165.912448432995]",OPTIMAL,812.0,812.0,0.0,"[9.585526695009321, 9.755259612982627, 10.407088059990201, 10.4253999349894, 10.428467537974939, 10.45191690401407, 10.454582376987673, 10.470491955988109, 10.473469730000943, 10.492297301010694, 10.51877930801129, 10.521512386971153, 10.525680658989586, 10.52856313396478, 10.592522779013962, 10.595451464003418, 10.667704671970569, 10.672995035012718, 11.182977402000688, 11.184849232959095, 11.186588671989739, 11.188472988957074, 11.190317823959049, 11.192194683011621, 12.531843761971686, 13.838026548968628, 14.086083706002682, 14.08961318898946, 14.81371084798593, 15.072020191000775, 15.075019161973614, 15.100980840972625, 15.21327285800362, 15.24383960396517, 15.356855707999784, 15.359744642977603, 15.397661696013529, 15.503243816958275, 15.50655603397172, 15.693640068988316, 15.696686042996589, 15.781581177958287, 15.867023186001461, 15.962100261996966, 26.572527327982243, 34.57719081500545, 37.54216239898233, 42.606752783991396, 45.343068232003134, 48.06848744995659, 60.04221643798519, 70.9434491439606, 78.78222164697945, 83.5358814909705, 100.632059681986, 100.90404333098559, 114.37577461800538, 136.29730317101348, 165.90926512499573]","[1332.0, 1139.0, 960.0, 956.0, 953.0, 925.0, 921.0, 920.0, 917.0, 914.0, 901.0, 900.0, 899.0, 898.0, 896.0, 895.0, 894.0, 891.0, 890.0, 886.0, 885.0, 881.0, 880.0, 873.0, 871.0, 870.0, 869.0, 867.0, 865.0, 864.0, 862.0, 860.0, 858.0, 857.0, 856.0, 854.0, 853.0, 852.0, 851.0, 850.0, 848.0, 847.0, 846.0, 844.0, 837.0, 835.0, 832.0, 831.0, 828.0, 827.0, 823.0, 820.0, 819.0, 818.0, 817.0, 816.0, 813.0, 812.0, 812.0]",171.7778180699679,9,0.9999513505271646,"[0.9996932455593643, 0.9999328558639212, 1.0, 0.999961276974736, 0.9995870430631494, 0.9999609871369017, 1.0, 1.0, 1.0]","[0.18436577142240765, 0.04144407062341843, 0.2550859061905971, 0.0857586004977309, 0.14032399941076526, 0.11600360750360743, 0.08308616017426086, 0.07071773636991026, 0.20574242974586218]","[138.27432856680574, 31.083052967563823, 191.31442964294786, 64.31895037329818, 105.24299955807395, 87.00270562770557, 62.314620130695644, 53.03830227743269, 154.30682230939664]","[2.1791666666666663, 1.5020833333333334, 2.01875, 1.612202380952381, 1.8666666666666665, 1.8666666666666665, 1.6764163372859024, 1.6392857142857142, 1.7083333333333335]",886.8962114539203,1.1368683772161605e-13,2.1791666666666663,1.684249447727645e-17,1.2818505283173664e-16,2.061783174984157,1.1338716589962132,"[750, 750, 750, 750, 750, 750, 750, 750, 750]","[[1050, 1192, 1197, 1161, 1066, 1147, 1133, 1135, 1070, 1124, 1143, 1088, 1120, 1188, 1095, 1164, 1181, 1110, 1187, 1051, 1190, 1073, 1118, 1063, 1158, 1149, 1185, 1112, 1086, 1090, 1119, 1087, 1125, 1114, 1191, 1101, 1152, 1100, 1144, 1052, 1076, 1057, 1105, 1136, 1179, 1109, 1103, 1089, 1115, 1130, 1183, 1146, 1182, 1150, 1062, 1129, 1160, 1117, 1168, 1165, 1189, 1132, 1175, 1153, 1178, 1071, 1171, 1180, 1053, 1106, 1064, 1127, 1054, 1080, 1068, 1102, 1166, 1077, 1111, 1140, 1137, 1148, 1151, 1156, 1173, 1055, 1059, 1094, 1126, 1195, 1065, 1067, 1139, 1074, 1098, 1145, 1141, 1122, 1142, 1154, 1056, 1167, 1163, 1075, 1123, 1170, 1072, 1159, 1155, 1177, 1194, 1157, 1199, 1198, 1058, 1082, 1099, 1107, 1134, 1097, 1104, 1121, 1113, 1184, 1079, 1162, 1186, 1081, 1128, 1061, 1172, 1083, 1091, 1174, 1092, 1069, 1078, 1084, 1096, 1108, 1169, 1196, 1193, 1138, 1060, 1116, 1131, 1085, 1093, 1176], [300, 385, 302, 340, 415, 357, 381, 424, 400, 449, 432, 359, 392, 438, 446, 317, 354, 327, 328, 348, 365, 387, 398, 447, 325, 369, 370, 442, 320, 339, 372, 341, 355, 368, 445, 414, 407, 301, 390, 322, 336, 313, 423, 305, 314, 429, 338, 401, 436, 310, 335, 417, 311, 397, 444, 356, 333, 430, 419, 448, 364, 366, 439, 411, 435, 307, 403, 443, 331, 346, 441, 360, 394, 405, 412, 315, 433, 399, 326, 406, 422, 321, 428, 337, 353, 342, 303, 304, 426, 418, 350, 410, 343, 308, 358, 362, 318, 396, 316, 383, 332, 347, 408, 427, 312, 334, 404, 395, 420, 324, 388, 382, 376, 351, 421, 384, 393, 440, 345, 352, 363, 367, 374, 425, 391, 306, 319, 389, 416, 323, 431, 344, 349, 361, 413, 373, 379, 402, 329, 380, 371, 377, 378, 409, 309, 375, 386, 434, 330, 437], [900, 958, 955, 1012, 972, 1036, 919, 1000, 995, 1013, 1025, 910, 936, 988, 1034, 916, 960, 974, 1023, 1035, 921, 953, 1009, 942, 1045, 924, 965, 1024, 935, 977, 1016, 982, 1008, 984, 945, 985, 981, 1041, 975, 1033, 914, 925, 1028, 946, 968, 989, 918, 950, 969, 1017, 1040, 998, 1044, 901, 956, 909, 987, 932, 939, 937, 906, 993, 994, 1038, 1047, 1030, 1049, 944, 1010, 915, 920, 952, 999, 902, 1046, 1018, 1032, 929, 992, 1042, 941, 991, 1015, 930, 971, 978, 996, 990, 1019, 954, 1001, 1005, 940, 962, 1048, 947, 1021, 1037, 986, 1004, 1043, 903, 949, 904, 931, 1031, 908, 948, 913, 907, 912, 997, 961, 1007, 967, 1027, 905, 938, 1006, 922, 976, 926, 943, 934, 963, 957, 1014, 964, 980, 1026, 911, 959, 1020, 951, 1002, 1022, 917, 923, 1003, 973, 933, 928, 983, 979, 927, 970, 1011, 966, 1029, 1039], [600, 629, 688, 626, 601, 630, 667, 679, 708, 736, 643, 710, 649, 730, 656, 695, 697, 610, 639, 727, 621, 694, 738, 718, 624, 651, 714, 633, 713, 635, 705, 605, 642, 671, 745, 634, 726, 611, 661, 678, 648, 614, 644, 636, 680, 731, 632, 650, 684, 602, 682, 735, 623, 725, 625, 662, 686, 620, 673, 719, 685, 749, 607, 747, 744, 659, 608, 716, 728, 628, 729, 617, 638, 660, 647, 658, 622, 675, 748, 637, 646, 717, 690, 742, 631, 700, 746, 609, 707, 709, 616, 681, 653, 743, 721, 663, 732, 692, 652, 733, 657, 720, 712, 640, 683, 739, 668, 724, 698, 655, 677, 627, 702, 706, 704, 715, 603, 604, 737, 618, 741, 722, 696, 674, 723, 691, 676, 606, 672, 701, 665, 612, 687, 613, 645, 615, 641, 669, 734, 693, 740, 689, 619, 664, 703, 711, 654, 699, 666, 670], [1200, 1252, 1284, 1203, 1328, 1253, 1255, 1220, 1282, 1309, 1268, 1222, 1329, 1228, 1307, 1246, 1257, 1210, 1283, 1244, 1297, 1231, 1278, 1335, 1280, 1310, 1202, 1292, 1311, 1319, 1254, 1296, 1304, 1334, 1337, 1206, 1348, 1256, 1243, 1260, 1271, 1224, 1234, 1269, 1305, 1326, 1330, 1225, 1240, 1273, 1218, 1333, 1279, 1345, 1219, 1286, 1245, 1221, 1241, 1261, 1272, 1274, 1301, 1230, 1327, 1267, 1294, 1213, 1248, 1314, 1262, 1303, 1270, 1338, 1295, 1276, 1288, 1291, 1321, 1332, 1349, 1201, 1235, 1247, 1242, 1212, 1325, 1343, 1208, 1233, 1312, 1336, 1217, 1306, 1263, 1285, 1215, 1216, 1300, 1324, 1299, 1265, 1315, 1204, 1205, 1323, 1229, 1236, 1293, 1275, 1290, 1316, 1237, 1239, 1251, 1298, 1281, 1339, 1340, 1207, 1232, 1287, 1250, 1346, 1320, 1322, 1289, 1264, 1317, 1347, 1211, 1341, 1226, 1258, 1318, 1238, 1302, 1331, 1249, 1266, 1342, 1209, 1308, 1227, 1259, 1277, 1214, 1223, 1313, 1344], [150, 248, 217, 240, 183, 275, 151, 203, 205, 299, 162, 184, 199, 224, 187, 232, 214, 222, 176, 246, 270, 180, 259, 195, 238, 204, 211, 273, 156, 234, 219, 264, 281, 268, 170, 185, 280, 202, 166, 175, 172, 223, 242, 208, 249, 254, 255, 213, 157, 160, 260, 174, 196, 287, 227, 262, 186, 236, 267, 163, 218, 165, 168, 257, 282, 212, 226, 258, 161, 266, 169, 191, 297, 167, 243, 278, 197, 276, 293, 221, 245, 298, 178, 279, 182, 216, 237, 247, 194, 295, 233, 241, 252, 285, 192, 158, 292, 265, 190, 289, 198, 207, 290, 210, 291, 215, 274, 152, 244, 228, 284, 188, 189, 206, 201, 153, 220, 271, 296, 154, 193, 200, 294, 179, 231, 269, 277, 155, 177, 181, 230, 253, 229, 263, 250, 261, 251, 286, 159, 283, 171, 164, 173, 256, 225, 209, 235, 288, 239, 272], [750, 783, 858, 806, 797, 894, 889, 757, 782, 790, 779, 842, 869, 761, 836, 848, 895, 808, 855, 825, 898, 801, 811, 751, 803, 813, 891, 896, 867, 789, 874, 817, 832, 753, 819, 755, 773, 774, 839, 890, 794, 861, 838, 845, 844, 788, 796, 800, 759, 763, 868, 878, 770, 818, 871, 879, 820, 821, 829, 862, 823, 873, 840, 857, 846, 766, 864, 776, 850, 812, 893, 837, 784, 875, 835, 828, 881, 752, 853, 762, 849, 778, 851, 795, 804, 802, 810, 876, 886, 754, 807, 856, 775, 882, 772, 780, 785, 880, 826, 824, 827, 769, 830, 847, 786, 860, 793, 865, 877, 887, 760, 777, 787, 899, 799, 884, 756, 768, 897, 815, 771, 822, 888, 791, 781, 859, 805, 885, 758, 834, 872, 843, 814, 854, 809, 870, 892, 816, 833, 798, 863, 764, 767, 866, 792, 852, 841, 765, 831, 883], [0, 83, 125, 22, 56, 137, 100, 104, 8, 49, 46, 105, 69, 23, 134, 64, 72, 119, 103, 112, 18, 60, 54, 40, 108, 93, 95, 109, 38, 139, 43, 70, 145, 61, 86, 75, 136, 24, 131, 66, 110, 141, 1, 16, 12, 97, 129, 13, 58, 36, 11, 149, 34, 33, 80, 25, 82, 14, 32, 39, 146, 62, 88, 89, 47, 135, 48, 130, 148, 79, 98, 84, 116, 122, 143, 20, 117, 59, 121, 127, 52, 128, 144, 2, 114, 37, 45, 4, 113, 132, 147, 111, 44, 15, 78, 99, 73, 102, 29, 126, 41, 85, 118, 19, 74, 63, 140, 26, 68, 96, 87, 27, 81, 91, 7, 31, 30, 120, 51, 94, 35, 133, 67, 115, 55, 124, 76, 42, 107, 77, 71, 92, 3, 17, 50, 65, 9, 106, 138, 10, 101, 28, 123, 53, 142, 5, 6, 57, 21, 90], [450, 500, 555, 587, 454, 499, 546, 480, 539, 570, 496, 543, 451, 469, 486, 579, 489, 519, 466, 476, 554, 527, 544, 553, 599, 452, 595, 487, 594, 488, 588, 462, 468, 562, 535, 542, 479, 520, 524, 560, 458, 572, 596, 483, 459, 564, 584, 461, 575, 453, 522, 460, 465, 580, 559, 548, 566, 501, 558, 455, 490, 531, 507, 456, 502, 511, 514, 568, 472, 498, 578, 528, 534, 477, 586, 497, 591, 463, 492, 529, 510, 471, 573, 491, 551, 478, 525, 593, 577, 505, 540, 541, 565, 482, 518, 582, 550, 485, 516, 523, 517, 532, 571, 576, 457, 493, 526, 545, 569, 589, 508, 513, 574, 506, 521, 592, 561, 470, 533, 473, 536, 495, 567, 585, 494, 515, 464, 563, 481, 474, 597, 598, 504, 581, 537, 475, 484, 509, 552, 530, 538, 503, 557, 549, 556, 583, 467, 512, 547, 590]]","[0.6808190830051899, 0.16513757803477347, 0.15347856702283025, 0.17048603697912768, 0.1672353150206618, 0.6888954290188849, 0.1591494139865972, 0.16334307100623846, 0.1615119720227085]","[15.284673599991947, 14.638632854970638, 139.86499528598506, 0.6042056049918756, 1.9884761089924723, 5.160177529032808, 9.58519911300391, 3.84899998299079, 5.39229767001234]","[""OPTIMAL"", ""OPTIMAL"", ""OPTIMAL"", ""OPTIMAL"", ""OPTIMAL"", ""OPTIMAL"", ""OPTIMAL"", ""OPTIMAL"", ""OPTIMAL""]","[86.0, 130.0, 135.0, 45.0, 57.0, 81.0, 102.0, 73.0, 103.0]","[86.0, 130.0, 135.0, 45.0, 57.0, 81.0, 102.0, 73.0, 103.0]",[0.18609920499147847],,0.0,,,,,812.0,812.0,812.0,812.0,0.0,202.2594682550407
62,9,150,6750,750,-1,10,33,1800,6.279810237989295,[2.0534119000076316],[587.0380451619858],OPTIMAL,944.0,944.0,0.0,"[7.886892561975401, 8.246488801960368, 9.44879164599115, 9.450680592970457, 9.454298335011117, 11.758290716970805, 11.760506941005588, 11.764307389967144, 17.76388456497807, 18.666271579975728, 18.689199988963082, 18.691894762974698, 18.705772666959092, 18.70848189399112, 18.710658169991802, 19.453640581981745, 19.45639086898882, 20.069182364968583, 20.072001874970738, 20.367289059970062, 20.369881185004488, 20.741395452001598, 20.745349453995004, 20.98765631095739, 20.990325452003162, 21.496807858988177, 21.499478098005056, 22.003497861966025, 22.250764674972743, 22.253459745959844, 23.31604831496952, 23.344962393981405, 23.49810318701202, 23.500065105967224, 23.50193281698739, 23.552032620995305, 23.554051204002462, 23.858867992006708, 23.860852552985307, 23.905076741008088, 23.907157570996787, 23.953607573988847, 24.025256628985517, 24.027337407984305, 24.057536392007023, 24.12784199201269, 24.12993615301093, 24.202289348992053, 24.20430177199887, 24.315979024977423, 24.318059195007663, 24.43144478200702, 24.46802099701017, 24.556478573998902, 24.80478944198694, 25.067304392985534, 25.0693690389744, 25.40803039795719, 25.41010749398265, 25.567420247010887, 25.640541998960543, 25.765046160959173, 25.938948825991247, 28.501450037991162, 30.375159732007887, 32.544637879007496, 34.792036433005705, 36.84837240097113, 38.859527951979544, 41.124294261971954, 43.24021746398648, 48.39363257295918, 51.344607645994984, 53.92571235500509, 62.02668969298247, 65.67971528798807, 68.84046896500513, 73.09893321798882, 75.23794647899922, 76.1117104489822, 79.7324404270039, 110.64548264798941, 134.56343088997528, 185.71036819397705, 195.34709907800425, 521.8496339789708, 584.9053226980031, 587.0355881910073]","[4618.0, 4493.0, 3398.0, 3390.0, 2792.0, 2683.0, 2678.0, 2446.0, 2435.0, 2430.0, 2428.0, 2361.0, 2318.0, 2274.0, 2272.0, 2260.0, 2234.0, 2207.0, 2178.0, 1361.0, 1277.0, 1147.0, 1141.0, 1132.0, 1130.0, 1120.0, 1116.0, 1108.0, 1106.0, 1103.0, 1098.0, 1097.0, 1096.0, 1094.0, 1092.0, 1091.0, 1078.0, 1068.0, 1064.0, 1063.0, 1062.0, 1060.0, 1059.0, 1056.0, 1054.0, 1053.0, 1050.0, 1049.0, 1048.0, 1046.0, 1045.0, 1044.0, 1043.0, 1042.0, 1040.0, 1035.0, 1028.0, 1025.0, 1024.0, 1019.0, 1018.0, 1010.0, 1009.0, 1003.0, 998.0, 996.0, 987.0, 985.0, 980.0, 973.0, 972.0, 971.0, 969.0, 968.0, 965.0, 964.0, 957.0, 954.0, 953.0, 952.0, 950.0, 949.0, 948.0, 947.0, 946.0, 945.0, 944.0, 944.0]",589.0914570619934,9,0.9999667586344448,"[1.0, 0.9998598900136607, 1.0, 1.0, 0.999692516487478, 1.0, 1.0, 1.0, 0.9998478771252833]","[0.30844262132664013, 0.25432338739131377, 0.3522744669486995, 0.24399608937524542, 0.29089342024292897, 0.3453521899957828, 0.3248681933883511, 0.32457221713689605, 0.4359231182411962]","[231.3319659949801, 190.74254054348532, 264.20585021152465, 182.99706703143406, 218.1700651821967, 259.0141424968371, 243.6511450412633, 243.42916285267205, 326.94233868089714]","[2.220261437908497, 2.0667763157894736, 2.15, 2.029468599033817, 2.226470588235294, 1.9727272727272727, 2.2766556972439327, 1.9, 2.131818181818182]",2160.4842780352915,9.094947017729282e-13,2.2766556972439327,1.3473995581821161e-16,4.209679797344263e-16,2.101334363978822,1.03606283897534,"[750, 750, 750, 750, 750, 750, 750, 750, 750]","[[750, 860, 892, 844, 888, 823, 824, 894, 768, 779, 808, 773, 776, 807, 786, 866, 879, 826, 861, 827, 875, 754, 867, 871, 766, 852, 854, 759, 840, 886, 882, 792, 799, 800, 767, 856, 802, 791, 793, 847, 755, 849, 761, 895, 857, 814, 794, 817, 893, 760, 834, 859, 818, 853, 862, 819, 777, 897, 781, 890, 838, 891, 805, 865, 843, 815, 829, 870, 874, 751, 788, 762, 757, 811, 887, 801, 825, 795, 833, 863, 782, 869, 835, 872, 752, 822, 877, 783, 789, 842, 753, 765, 845, 769, 837, 889, 756, 831, 787, 828, 809, 797, 813, 803, 775, 804, 812, 899, 790, 880, 821, 785, 885, 884, 832, 846, 763, 876, 764, 778, 820, 772, 898, 806, 816, 784, 796, 864, 810, 850, 896, 758, 770, 855, 771, 868, 780, 851, 774, 858, 883, 836, 841, 839, 873, 798, 878, 881, 830, 848], [600, 641, 713, 607, 723, 634, 709, 742, 672, 679, 612, 739, 645, 732, 624, 685, 733, 715, 665, 684, 707, 619, 654, 728, 688, 748, 630, 673, 601, 632, 671, 605, 659, 635, 744, 670, 747, 650, 743, 668, 696, 655, 689, 725, 724, 674, 720, 730, 693, 703, 603, 643, 647, 660, 705, 620, 695, 704, 697, 736, 662, 712, 735, 719, 717, 729, 610, 637, 691, 699, 656, 657, 661, 698, 676, 602, 644, 694, 734, 738, 666, 617, 667, 627, 648, 675, 686, 613, 664, 629, 740, 663, 687, 731, 708, 746, 625, 658, 710, 669, 726, 692, 706, 618, 737, 631, 606, 683, 642, 646, 721, 700, 604, 608, 678, 639, 718, 628, 681, 702, 638, 714, 609, 651, 701, 677, 745, 640, 611, 633, 653, 626, 722, 615, 636, 614, 741, 682, 727, 649, 616, 716, 622, 749, 621, 690, 711, 652, 623, 680], [300, 422, 303, 337, 403, 301, 357, 373, 341, 356, 362, 369, 399, 346, 401, 353, 305, 328, 417, 360, 412, 316, 366, 347, 445, 322, 414, 446, 345, 393, 376, 405, 333, 383, 385, 440, 448, 323, 343, 392, 396, 421, 433, 378, 397, 423, 402, 324, 447, 361, 416, 390, 379, 426, 431, 327, 329, 355, 332, 338, 370, 427, 349, 424, 352, 382, 442, 342, 389, 395, 344, 374, 302, 372, 318, 386, 367, 400, 304, 398, 408, 371, 363, 449, 387, 308, 419, 406, 432, 437, 309, 365, 313, 319, 377, 444, 310, 336, 409, 348, 306, 339, 434, 326, 404, 410, 314, 321, 418, 350, 311, 315, 394, 375, 413, 364, 391, 435, 428, 439, 330, 438, 415, 441, 429, 380, 325, 351, 443, 307, 388, 317, 411, 368, 407, 358, 420, 430, 384, 312, 320, 334, 354, 335, 359, 425, 331, 340, 381, 436], [150, 196, 219, 277, 199, 217, 254, 200, 220, 203, 215, 209, 270, 236, 152, 243, 170, 275, 181, 206, 211, 168, 184, 269, 195, 238, 208, 214, 228, 171, 185, 222, 296, 182, 187, 155, 253, 261, 267, 259, 268, 167, 264, 188, 163, 210, 245, 249, 260, 174, 194, 258, 285, 156, 291, 157, 250, 294, 207, 221, 290, 204, 288, 248, 281, 231, 153, 280, 176, 198, 166, 251, 183, 160, 216, 172, 205, 282, 190, 298, 162, 164, 177, 262, 226, 242, 272, 201, 244, 193, 286, 223, 299, 158, 247, 191, 257, 197, 274, 179, 229, 240, 173, 266, 178, 255, 287, 202, 252, 256, 276, 169, 213, 192, 292, 232, 263, 175, 278, 235, 189, 293, 180, 246, 227, 233, 297, 212, 273, 279, 289, 151, 159, 284, 283, 218, 224, 161, 234, 225, 239, 295, 271, 154, 186, 230, 165, 265, 237, 241], [450, 581, 469, 475, 456, 462, 510, 563, 527, 451, 558, 588, 589, 497, 502, 471, 488, 473, 516, 541, 572, 518, 566, 489, 594, 505, 595, 513, 571, 534, 474, 482, 501, 477, 568, 591, 479, 593, 452, 507, 517, 559, 525, 461, 454, 458, 514, 550, 460, 467, 531, 490, 493, 552, 580, 536, 569, 575, 470, 565, 491, 492, 528, 535, 578, 476, 504, 564, 533, 506, 549, 481, 556, 511, 596, 573, 576, 453, 597, 548, 567, 457, 463, 577, 524, 532, 468, 570, 586, 579, 599, 537, 562, 555, 584, 485, 553, 557, 486, 587, 542, 455, 480, 472, 478, 503, 520, 590, 515, 484, 585, 521, 487, 498, 551, 560, 522, 500, 554, 547, 540, 519, 544, 529, 598, 592, 496, 523, 574, 509, 543, 546, 459, 465, 561, 508, 483, 494, 538, 582, 464, 539, 499, 545, 466, 495, 512, 526, 583, 530], [1050, 1051, 1063, 1068, 1078, 1126, 1156, 1074, 1177, 1097, 1069, 1191, 1075, 1131, 1145, 1101, 1151, 1123, 1053, 1083, 1128, 1182, 1054, 1185, 1110, 1116, 1132, 1114, 1084, 1149, 1144, 1187, 1064, 1104, 1157, 1085, 1155, 1140, 1153, 1147, 1150, 1091, 1138, 1117, 1108, 1172, 1173, 1141, 1175, 1190, 1052, 1164, 1174, 1089, 1093, 1105, 1124, 1142, 1094, 1152, 1100, 1134, 1179, 1111, 1176, 1125, 1181, 1059, 1096, 1113, 1195, 1080, 1135, 1073, 1162, 1109, 1115, 1133, 1143, 1146, 1055, 1130, 1122, 1081, 1197, 1107, 1056, 1060, 1158, 1121, 1193, 1098, 1112, 1057, 1198, 1192, 1139, 1066, 1106, 1079, 1103, 1194, 1102, 1129, 1180, 1061, 1090, 1184, 1166, 1067, 1082, 1088, 1099, 1163, 1170, 1183, 1186, 1137, 1196, 1159, 1188, 1118, 1167, 1127, 1076, 1136, 1120, 1154, 1077, 1169, 1165, 1171, 1092, 1160, 1095, 1058, 1071, 1072, 1189, 1087, 1161, 1199, 1119, 1168, 1178, 1062, 1065, 1070, 1148, 1086], [0, 126, 22, 79, 89, 111, 100, 5, 30, 8, 90, 25, 97, 109, 7, 38, 82, 95, 9, 105, 120, 141, 10, 56, 122, 20, 86, 43, 87, 129, 50, 52, 123, 28, 133, 91, 39, 53, 125, 35, 59, 60, 75, 2, 94, 92, 128, 19, 127, 41, 13, 17, 85, 70, 76, 54, 55, 72, 113, 115, 18, 107, 81, 62, 114, 3, 58, 112, 29, 119, 68, 134, 37, 77, 14, 61, 110, 34, 137, 147, 31, 121, 149, 83, 124, 67, 142, 132, 98, 144, 84, 131, 11, 136, 45, 21, 101, 51, 104, 24, 63, 6, 66, 108, 138, 26, 47, 36, 73, 140, 116, 145, 118, 33, 71, 48, 146, 69, 74, 12, 135, 65, 99, 44, 57, 93, 106, 88, 143, 15, 96, 139, 23, 40, 42, 130, 49, 103, 78, 80, 1, 32, 4, 148, 16, 27, 102, 117, 46, 64], [1200, 1217, 1271, 1297, 1266, 1242, 1264, 1288, 1211, 1226, 1249, 1239, 1256, 1285, 1236, 1283, 1322, 1243, 1287, 1278, 1329, 1284, 1308, 1203, 1233, 1341, 1296, 1238, 1281, 1311, 1235, 1328, 1291, 1340, 1206, 1269, 1326, 1216, 1307, 1219, 1274, 1320, 1255, 1267, 1224, 1259, 1286, 1306, 1201, 1263, 1349, 1230, 1289, 1342, 1347, 1327, 1205, 1319, 1207, 1215, 1300, 1222, 1339, 1294, 1312, 1225, 1251, 1231, 1336, 1232, 1258, 1292, 1268, 1345, 1202, 1305, 1254, 1212, 1223, 1302, 1204, 1220, 1343, 1304, 1244, 1309, 1282, 1316, 1210, 1261, 1298, 1208, 1252, 1295, 1334, 1246, 1335, 1317, 1209, 1227, 1303, 1270, 1301, 1315, 1348, 1221, 1277, 1344, 1245, 1272, 1324, 1241, 1253, 1262, 1299, 1331, 1325, 1323, 1248, 1265, 1247, 1260, 1279, 1213, 1310, 1333, 1337, 1338, 1346, 1229, 1313, 1237, 1257, 1218, 1321, 1240, 1290, 1214, 1234, 1280, 1332, 1275, 1318, 1293, 1330, 1250, 1314, 1273, 1228, 1276], [900, 936, 955, 1042, 903, 925, 1002, 1007, 902, 964, 992, 999, 901, 906, 939, 952, 996, 1000, 947, 995, 1027, 1040, 997, 1034, 914, 993, 1030, 969, 1017, 935, 1043, 986, 988, 966, 967, 1018, 918, 991, 963, 944, 971, 1029, 946, 948, 974, 904, 981, 1026, 919, 932, 1031, 976, 910, 977, 953, 1004, 924, 962, 954, 911, 990, 921, 1005, 934, 917, 1009, 1037, 1035, 942, 982, 951, 912, 979, 989, 927, 984, 959, 972, 929, 1041, 945, 998, 1048, 905, 956, 960, 931, 1021, 1032, 950, 965, 1014, 920, 928, 1044, 909, 1008, 1049, 970, 1022, 980, 1025, 922, 926, 961, 973, 1023, 1046, 915, 1019, 983, 923, 943, 938, 1015, 985, 930, 941, 1036, 994, 1010, 1024, 907, 1020, 913, 937, 978, 1016, 968, 957, 1012, 1003, 1028, 940, 1001, 958, 1045, 933, 975, 1013, 1011, 987, 1006, 1038, 1039, 916, 1033, 949, 1047, 908]]","[0.12664192402735353, 0.13129348802613094, 0.11557627300499007, 0.13009056804003194, 0.6909048550296575, 0.12718187895370647, 0.11528572998940945, 0.12323466897942126, 0.12516055098967627]","[2.744060248020105, 13.214646920037922, 17.14315998897655, 131.65586378000444, 50.065976190031506, 14.38381438003853, 10.22460198099725, 157.151962871023, 109.63994841498788]","[""OPTIMAL"", ""OPTIMAL"", ""OPTIMAL"", ""OPTIMAL"", ""OPTIMAL"", ""OPTIMAL"", ""OPTIMAL"", ""OPTIMAL"", ""OPTIMAL""]","[96.0, 75.0, 127.0, 66.0, 77.0, 92.0, 139.0, 147.0, 125.0]","[96.0, 75.0, 127.0, 66.0, 77.0, 92.0, 139.0, 147.0, 125.0]",[0.15473033802118152],,0.0,,,,,944.0,944.0,944.0,944.0,0.0,511.2015322521329
62,9,150,6750,750,-1,10,34,1800,5.9866088820272125,[1.9057080140337348],[353.2230099129956],OPTIMAL,943.0,943.0,0.0,"[7.722359778999817, 8.07739325799048, 9.165205045021139, 9.167342745990027, 9.170950985979289, 11.416271071007941, 11.41846427298151, 11.42241571500199, 12.541102361981757, 12.543776998005342, 12.547656444017775, 18.221668232989032, 19.204681981995236, 19.237127733998932, 19.239862427988555, 19.99922072800109, 20.001980322005693, 20.663350555987563, 20.666097901004832, 20.951027285016607, 20.95374572701985, 20.955914631020278, 21.252233273000456, 21.255014477996156, 21.811237237008754, 21.814011461974587, 22.32563721900806, 22.32844503602246, 22.572964717983268, 22.575681357004214, 23.472910928016063, 23.477706208999734, 23.961174984986428, 23.963242220983375, 24.02350369899068, 24.02558323001722, 24.066252923978027, 24.16053546097828, 24.162502093007788, 24.20710014901124, 24.3180492320098, 24.359751909971237, 24.417794484004844, 24.454878643970005, 24.482270610984415, 24.56218083499698, 24.56428617797792, 24.56616937101353, 24.605195668002125, 24.667627331975382, 24.709386171016376, 24.86426083697006, 24.909865027992055, 25.255333488981705, 25.257359172974247, 25.259279416990466, 25.308269544970244, 25.52751129999524, 25.529490379965864, 25.531424575019628, 26.283395860984456, 26.285460486018565, 26.28731142199831, 26.50183935899986, 26.97727615799522, 29.935648965009023, 33.985545611009, 36.135836555971764, 38.35968056297861, 40.574007111019455, 42.63123766100034, 43.90716980799334, 47.67154273297638, 53.78554535697913, 64.24289297300857, 68.72309914900688, 71.07639868697152, 76.49080483900616, 77.1140514970175, 78.08524600800592, 84.02606750896666, 103.85491012601415, 119.21421460999409, 157.20827503100736, 198.77333960396936, 230.989371654985, 282.1166104419972, 352.4020059739705, 353.2205648709787]","[4451.0, 4302.0, 3359.0, 3312.0, 2746.0, 2670.0, 2667.0, 2486.0, 2435.0, 2423.0, 2353.0, 2343.0, 2339.0, 2320.0, 2251.0, 2231.0, 2203.0, 2185.0, 2166.0, 2119.0, 2077.0, 2076.0, 2006.0, 1978.0, 1964.0, 1945.0, 1930.0, 1900.0, 1888.0, 1868.0, 1746.0, 1728.0, 1692.0, 1689.0, 1674.0, 1655.0, 1644.0, 1623.0, 1593.0, 1588.0, 1475.0, 1456.0, 1455.0, 1419.0, 1410.0, 1394.0, 1386.0, 1374.0, 1352.0, 1301.0, 1295.0, 1236.0, 1230.0, 1140.0, 1130.0, 1127.0, 1124.0, 1094.0, 1093.0, 1092.0, 1086.0, 1085.0, 1082.0, 1080.0, 1075.0, 1069.0, 1068.0, 1057.0, 1050.0, 1042.0, 1021.0, 1020.0, 1018.0, 1017.0, 991.0, 985.0, 982.0, 981.0, 956.0, 954.0, 953.0, 949.0, 948.0, 947.0, 946.0, 945.0, 944.0, 943.0, 943.0]",355.12871792702936,9,0.999993212024672,"[1.0, 1.0, 0.9999375445645555, 1.0, 1.0, 1.0, 1.0, 0.999941611521993, 1.0]","[0.3300958075740685, 0.49986675980251843, 0.2956017152209105, 0.48736804107198844, 0.33285816252031436, 0.2711418219038356, 0.2138019800609146, 0.378156706039059, 0.3438896884823995]","[247.57185568055135, 374.9000698518888, 221.70128641568286, 365.5260308039913, 249.64362189023578, 203.3563664278767, 160.35148504568596, 283.61752952929425, 257.9172663617996]","[2.3954545454545455, 2.45, 2.0819444444444444, 2.588755980861244, 2.0, 1.95, 1.885574229691877, 2.0545454545454547, 2.325]",2364.585512007005,0.0,2.588755980861244,0.0,0.0,2.075801217055414,1.0402148480061442,"[750, 750, 750, 750, 750, 750, 750, 750, 750]","[[900, 937, 950, 912, 901, 988, 985, 991, 910, 952, 1047, 967, 973, 1009, 1008, 1018, 978, 980, 902, 1046, 1017, 961, 1048, 915, 930, 923, 948, 933, 990, 951, 908, 986, 928, 903, 960, 970, 1006, 962, 913, 954, 914, 1034, 1004, 1038, 959, 1031, 996, 1000, 1013, 975, 1015, 995, 1042, 906, 943, 1010, 992, 1012, 946, 956, 1024, 979, 939, 955, 997, 1027, 1023, 966, 1045, 916, 1026, 926, 1030, 1040, 1035, 934, 981, 909, 969, 972, 917, 931, 1003, 957, 935, 1011, 977, 999, 1025, 1005, 904, 936, 919, 1039, 989, 993, 1032, 953, 963, 1007, 994, 921, 958, 940, 984, 938, 1001, 922, 974, 905, 1016, 929, 1022, 927, 1002, 982, 944, 1043, 1044, 1029, 941, 947, 949, 1041, 942, 1019, 965, 971, 983, 911, 998, 924, 925, 920, 1037, 932, 976, 1014, 987, 1021, 918, 968, 1020, 1028, 1049, 907, 1036, 945, 1033, 964], [1200, 1273, 1330, 1281, 1348, 1208, 1255, 1292, 1325, 1205, 1288, 1219, 1247, 1304, 1240, 1260, 1291, 1307, 1324, 1210, 1226, 1212, 1271, 1301, 1311, 1312, 1233, 1258, 1333, 1237, 1270, 1317, 1331, 1215, 1243, 1322, 1339, 1218, 1343, 1230, 1293, 1262, 1336, 1252, 1261, 1242, 1280, 1286, 1313, 1349, 1201, 1316, 1267, 1203, 1302, 1308, 1211, 1268, 1277, 1295, 1300, 1216, 1303, 1221, 1314, 1253, 1337, 1279, 1320, 1220, 1290, 1227, 1259, 1224, 1248, 1254, 1338, 1284, 1239, 1328, 1257, 1344, 1235, 1282, 1283, 1229, 1340, 1275, 1269, 1231, 1236, 1341, 1266, 1256, 1264, 1305, 1241, 1244, 1272, 1294, 1315, 1202, 1310, 1321, 1206, 1204, 1342, 1213, 1222, 1238, 1319, 1263, 1334, 1309, 1326, 1345, 1232, 1276, 1306, 1297, 1245, 1274, 1296, 1250, 1346, 1251, 1289, 1335, 1347, 1207, 1265, 1299, 1225, 1223, 1246, 1287, 1318, 1323, 1332, 1278, 1298, 1329, 1209, 1249, 1217, 1214, 1234, 1228, 1285, 1327], [600, 731, 645, 716, 682, 642, 710, 715, 628, 686, 677, 611, 744, 602, 722, 660, 616, 714, 720, 617, 672, 702, 712, 718, 728, 632, 662, 687, 706, 748, 695, 701, 604, 658, 697, 733, 606, 643, 633, 607, 679, 694, 625, 709, 657, 640, 736, 684, 668, 723, 613, 618, 621, 742, 650, 732, 699, 674, 601, 605, 740, 635, 717, 665, 692, 729, 669, 724, 693, 700, 671, 603, 654, 678, 620, 688, 704, 610, 749, 637, 644, 703, 675, 624, 649, 743, 630, 739, 711, 745, 651, 661, 670, 614, 623, 719, 707, 639, 648, 683, 615, 721, 622, 634, 676, 738, 659, 673, 608, 667, 647, 713, 638, 737, 626, 666, 663, 708, 609, 619, 636, 691, 690, 612, 655, 656, 629, 631, 725, 696, 730, 726, 627, 705, 646, 685, 681, 734, 641, 652, 727, 664, 698, 653, 735, 680, 689, 741, 746, 747], [750, 803, 858, 794, 800, 812, 757, 779, 844, 823, 892, 790, 810, 869, 893, 850, 865, 761, 852, 846, 866, 753, 786, 767, 781, 828, 859, 771, 808, 826, 861, 811, 827, 775, 760, 890, 795, 845, 894, 815, 897, 872, 878, 764, 837, 848, 875, 853, 818, 888, 754, 777, 816, 857, 821, 762, 847, 774, 851, 895, 814, 882, 752, 766, 789, 798, 831, 868, 889, 755, 884, 780, 880, 792, 756, 806, 864, 829, 877, 899, 758, 834, 843, 879, 793, 841, 883, 849, 768, 871, 773, 751, 876, 809, 784, 824, 874, 881, 769, 891, 840, 759, 801, 867, 870, 788, 887, 785, 898, 842, 896, 763, 819, 776, 825, 770, 778, 817, 833, 885, 822, 791, 796, 820, 886, 807, 873, 765, 805, 832, 838, 783, 835, 772, 856, 782, 787, 797, 802, 860, 804, 813, 830, 862, 799, 836, 854, 855, 863, 839], [450, 545, 511, 549, 480, 515, 548, 563, 531, 537, 573, 589, 454, 524, 554, 569, 577, 522, 527, 451, 557, 570, 506, 486, 459, 516, 452, 559, 468, 546, 510, 460, 482, 552, 462, 532, 587, 492, 521, 535, 456, 588, 591, 592, 471, 477, 581, 528, 580, 493, 583, 508, 567, 472, 565, 578, 575, 485, 490, 501, 541, 496, 505, 514, 538, 453, 499, 566, 582, 533, 518, 558, 519, 590, 526, 529, 539, 487, 574, 455, 597, 500, 504, 540, 555, 585, 470, 595, 475, 520, 457, 463, 594, 481, 586, 536, 458, 495, 556, 465, 498, 512, 544, 551, 513, 593, 461, 467, 476, 525, 491, 572, 509, 571, 523, 562, 596, 599, 469, 502, 568, 576, 598, 494, 507, 542, 550, 473, 534, 488, 484, 547, 543, 553, 579, 497, 530, 503, 560, 464, 561, 489, 584, 466, 517, 478, 564, 474, 479, 483], [150, 263, 214, 213, 167, 241, 223, 188, 215, 221, 290, 271, 249, 174, 186, 224, 226, 247, 151, 179, 211, 225, 298, 285, 163, 202, 239, 256, 155, 244, 240, 153, 250, 264, 220, 262, 299, 237, 257, 286, 242, 284, 253, 258, 157, 269, 172, 200, 204, 209, 261, 212, 203, 175, 193, 217, 169, 222, 207, 173, 194, 243, 270, 235, 275, 166, 189, 231, 177, 252, 280, 246, 281, 152, 176, 248, 181, 260, 293, 192, 272, 182, 282, 289, 228, 170, 171, 184, 210, 230, 279, 183, 274, 273, 265, 156, 229, 191, 195, 236, 268, 294, 178, 197, 227, 233, 251, 219, 232, 291, 295, 283, 165, 180, 196, 185, 266, 255, 297, 168, 288, 201, 206, 205, 158, 190, 159, 287, 198, 208, 160, 216, 161, 292, 164, 277, 187, 218, 267, 238, 254, 278, 296, 234, 259, 154, 162, 245, 199, 276], [300, 306, 382, 379, 414, 343, 401, 307, 415, 310, 417, 334, 302, 351, 388, 305, 321, 308, 313, 335, 333, 365, 360, 340, 396, 427, 428, 350, 362, 408, 405, 421, 323, 370, 349, 373, 397, 332, 438, 337, 430, 314, 449, 402, 318, 444, 342, 303, 374, 357, 377, 385, 406, 330, 356, 320, 338, 411, 326, 327, 437, 434, 440, 442, 301, 347, 431, 329, 386, 309, 416, 418, 380, 387, 389, 394, 419, 312, 375, 325, 352, 376, 367, 395, 353, 398, 446, 443, 412, 346, 432, 435, 436, 366, 404, 315, 420, 400, 316, 409, 378, 381, 424, 336, 392, 348, 363, 422, 403, 331, 354, 391, 410, 439, 304, 372, 399, 341, 311, 425, 355, 447, 358, 359, 344, 413, 393, 429, 433, 371, 317, 441, 384, 426, 322, 369, 328, 345, 390, 361, 383, 423, 319, 324, 364, 368, 448, 339, 445, 407], [1050, 1081, 1164, 1153, 1085, 1186, 1183, 1144, 1065, 1068, 1079, 1175, 1056, 1097, 1057, 1087, 1116, 1107, 1115, 1188, 1090, 1127, 1112, 1120, 1123, 1180, 1158, 1122, 1055, 1067, 1069, 1073, 1092, 1125, 1191, 1157, 1059, 1156, 1147, 1163, 1128, 1193, 1060, 1117, 1124, 1076, 1118, 1088, 1173, 1086, 1178, 1101, 1138, 1066, 1189, 1051, 1129, 1075, 1141, 1054, 1119, 1074, 1181, 1053, 1137, 1058, 1104, 1064, 1195, 1052, 1096, 1131, 1093, 1132, 1184, 1089, 1099, 1177, 1070, 1169, 1102, 1083, 1134, 1082, 1114, 1165, 1071, 1182, 1094, 1170, 1077, 1149, 1133, 1176, 1121, 1171, 1187, 1197, 1080, 1139, 1095, 1084, 1154, 1103, 1098, 1110, 1155, 1100, 1113, 1179, 1190, 1111, 1148, 1140, 1091, 1143, 1106, 1172, 1109, 1174, 1130, 1142, 1159, 1199, 1185, 1166, 1061, 1168, 1161, 1062, 1105, 1146, 1196, 1063, 1126, 1135, 1108, 1072, 1152, 1078, 1194, 1198, 1136, 1145, 1150, 1192, 1151, 1162, 1160, 1167], [0, 54, 8, 105, 10, 53, 30, 19, 76, 61, 74, 43, 75, 69, 107, 80, 114, 98, 13, 44, 64, 82, 111, 16, 90, 29, 133, 24, 55, 78, 32, 57, 27, 42, 41, 142, 65, 62, 141, 124, 68, 112, 140, 104, 31, 73, 1, 23, 118, 39, 100, 123, 99, 121, 139, 12, 84, 120, 26, 103, 34, 135, 35, 149, 3, 48, 11, 14, 81, 101, 40, 83, 7, 25, 117, 21, 50, 51, 72, 18, 85, 60, 126, 138, 95, 52, 88, 144, 92, 119, 145, 2, 9, 63, 20, 6, 108, 49, 109, 59, 106, 17, 66, 96, 128, 33, 115, 70, 113, 46, 131, 86, 125, 148, 146, 28, 122, 143, 77, 97, 36, 45, 47, 93, 94, 136, 116, 4, 71, 67, 91, 22, 127, 129, 132, 58, 37, 38, 5, 15, 134, 79, 87, 110, 147, 102, 56, 137, 89, 130]]","[0.12061078200349584, 0.6089530609897338, 0.12310892896493897, 0.12260717299068347, 0.12193742796080187, 0.12030926800798625, 0.12094228697242215, 0.13164496200624853, 0.6125483360374346]","[33.79213411395904, 34.390615836018696, 15.491545297962148, 308.7770542160142, 14.816754054976627, 15.256661307998002, 2.5059275300009176, 8.777551549021155, 17.93013106798753]","[""OPTIMAL"", ""OPTIMAL"", ""OPTIMAL"", ""OPTIMAL"", ""OPTIMAL"", ""OPTIMAL"", ""OPTIMAL"", ""OPTIMAL"", ""OPTIMAL""]","[111.0, 111.0, 103.0, 137.0, 110.0, 101.0, 68.0, 100.0, 102.0]","[111.0, 110.99999999999999, 103.0, 137.0, 110.0, 101.0, 68.0, 100.0, 102.0]",[0.14871739299269393],,0.0,,,,,943.0,943.0,943.0,943.0,0.0,457.08577065792633
41,2,150,1500,750,0,10,0,1800,3.571804200008046,[0.34715792699716985],[158.0139837099705],OPTIMAL,224.0,224.0,0.0,"[0.8261715430417098, 0.8380222010309808, 0.8503200970008038, 0.8519503410207108, 0.8525596930412576, 0.8543128320015967, 1.0942572689964436, 1.0948550809989683, 1.102324603998568, 1.1026373539934866, 1.2491774150403216, 1.2496283270302229, 1.2525594040052965, 1.4370638240361586, 1.473354991991073, 1.6100499500171281, 2.475622216006741, 2.8201933419913985, 4.361558281991165, 5.585758514003828, 7.20451510802377, 10.288560589018743, 10.289724967035, 158.00673215003917]","[285.0, 270.0, 264.0, 252.0, 251.0, 250.0, 247.0, 243.0, 242.0, 241.0, 239.0, 237.0, 236.0, 233.0, 231.0, 229.0, 228.0, 227.0, 226.0, 225.0, 224.0, 224.0, 225.0, 224.0]",158.36114163696766,3,0.9481258548283114,"[0.9036566426655372, 0.955885768896381, 0.4986685353889278]","[0.25375792099415173, 0.21049399984812978, 0.10016454134101192]","[186.51207193070152, 147.34579989369084, 6.5106951871657746]","[2.45, 1.9045454545454548, 1.4294117647058824]",401.685640012274,53.99355107135432,2.0,0.0359957007142362,0.1344174291855941,0.3006437249714508,0.4340669439989142,"[735, 700, 65]","[[0, 43, 115, 65, 10, 15, 44, 121, 96, 112, 16, 32, 135, 109, 68, 124, 1, 107, 63, 116, 67, 128, 2, 85, 61, 73, 133, 70, 100, 101, 27, 56, 53, 111, 76, 92, 95, 9, 54, 51, 88, 120, 114, 118, 57, 94, 98, 102, 4, 8, 46, 108, 47, 126, 66, 122, 11, 17, 72, 26, 62, 12, 21, 132, 136, 147, 145, 25, 75, 84, 117, 23, 64, 35, 52, 123, 58, 6, 89, 144, 71, 45, 59, 18, 36, 81, 40, 77, 79, 31, 142, 130, 49, 110, 131, 125, 50, 134, 87, 3, 103, 20, 19, 41, 55, 113, 38, 255, 161, 262, 269, 183, 236, 287, 5, 13, 14, 22, 42, 37, 74, 83, 69, 60, 187, 82, 289, 105, 141, 7, 48, 86, 90, 143, 34, 146, 139, 24, 138, 99, 104, 78, 93, 80, 137, 127, 149], [156, 208, 217, 278, 290, 174, 243, 211, 244, 194, 297, 226, 241, 195, 299, 295, 229, 264, 256, 150, 193, 152, 271, 248, 252, 163, 207, 227, 186, 240, 221, 279, 291, 158, 178, 170, 214, 288, 218, 242, 266, 246, 298, 216, 293, 159, 254, 258, 181, 285, 273, 282, 249, 151, 253, 228, 275, 165, 260, 231, 210, 220, 280, 153, 261, 202, 182, 276, 233, 185, 250, 251, 155, 284, 175, 204, 239, 157, 224, 232, 168, 200, 213, 160, 237, 223, 225, 173, 212, 203, 247, 257, 180, 190, 176, 184, 177, 189, 267, 268, 245, 283, 196, 263, 215, 230, 154, 272, 286, 167, 206, 205, 199, 234, 238, 164, 166, 277, 192, 197, 201, 171, 274, 222, 292, 162, 209, 198, 235, 296, 270, 169, 265, 172, 179, 188, 191, 294, 259, 281], [28, 129, 148, 29, 140, 39, 30, 33, 91, 97, 119, 106, 219]]","[0.12779881298774853, 0.229635146970395, 0.013691578002180904]","[2.661841535998974, 2.3348840239923447, 0.006592303980141878]","[""OPTIMAL"", ""OPTIMAL"", ""OPTIMAL""]","[88.0, 110.0, 9.0]","[88.0, 110.0, 9.0]","[0.03428969701053575, 0.003459358005784452, 0.002999106014613062]","[68, 296, 485]",485.0,"[0.038030852971132845, 0.05785582400858402, 0.04617521201726049]","[0.01758042100118473, 0.2842246860382147, 0.2060238670092076]","[0.0005185059853829443, 0.0180733660236001, 0.26106635900214314]",OPTIMAL,207.0,207.0,243.0,243.0,7.818930041152264,7.079451325989794
41,2,150,1500,750,0,10,1,1800,4.0301428160164505,[0.3922413899563253],[1800.0150071950047],TIME_LIMIT,246.0,244.0,0.008130081300813,"[0.7085730070248246, 0.7088144359877333, 0.7090281210257672, 0.7092536960262805, 0.7094819340272807, 0.7097083739936352, 0.8389972409931943, 0.8410138980252668, 0.8417933289892972, 0.8499567519756965, 0.855705946974922, 0.8559716090094298, 0.8562015880015679, 0.8564772250247188, 1.0816932020243257, 1.0830479839933105, 1.452436697029043, 1.596755104023032, 1.5970870929886587, 4.231377287011128, 5.455029391974676, 20.238566225976683, 34.15599474997725, 1800.013815919985]","[352.0, 318.0, 296.0, 290.0, 289.0, 286.0, 282.0, 281.0, 280.0, 278.0, 274.0, 273.0, 268.0, 266.0, 265.0, 264.0, 256.0, 255.0, 250.0, 249.0, 248.0, 246.99999999999994, 246.00000000000003, 246.0]",1800.407248584961,3,0.987211833658945,"[0.9744646978313032, 0.9755440149020319, 0.8639380530973452]","[0.2798249375616742, 0.33103032588326703, 0.0]","[208.4695784834473, 246.61759278303396, 0.0]","[1.98796992481203, 2.25, 0.7727272727272727]",349.4428273917944,63.20328282828302,2.027272727272728,0.042135521885522,0.1808687369543253,0.8920538250240497,0.2142617960344068,"[745, 745, 10]","[[141, 153, 233, 185, 207, 239, 163, 200, 188, 273, 282, 291, 203, 251, 271, 267, 192, 269, 211, 223, 216, 266, 210, 157, 205, 295, 294, 172, 280, 183, 197, 296, 196, 261, 263, 219, 292, 249, 171, 283, 247, 265, 279, 287, 173, 193, 176, 184, 212, 189, 237, 243, 213, 290, 150, 177, 258, 170, 262, 155, 252, 240, 293, 201, 164, 227, 174, 186, 214, 221, 166, 182, 180, 209, 289, 181, 250, 199, 202, 232, 231, 257, 198, 256, 235, 254, 158, 175, 242, 241, 208, 246, 151, 285, 272, 187, 248, 161, 178, 195, 255, 245, 284, 156, 275, 286, 225, 228, 299, 179, 236, 154, 190, 274, 276, 288, 168, 222, 244, 204, 268, 259, 234, 264, 152, 160, 165, 226, 167, 260, 159, 217, 169, 215, 206, 191, 238, 220, 270, 230, 162, 298, 224, 253, 229, 277, 194, 281, 278], [5, 110, 123, 43, 111, 117, 102, 46, 90, 129, 131, 10, 144, 37, 66, 88, 12, 48, 130, 140, 218, 297, 137, 17, 29, 104, 95, 97, 100, 147, 39, 0, 56, 44, 67, 71, 93, 24, 59, 122, 146, 134, 16, 57, 135, 74, 82, 118, 3, 31, 60, 19, 21, 103, 9, 119, 32, 81, 42, 142, 47, 126, 70, 85, 99, 121, 4, 15, 98, 136, 53, 89, 143, 92, 30, 101, 105, 68, 91, 38, 125, 1, 7, 14, 51, 23, 25, 124, 26, 54, 6, 50, 115, 148, 22, 55, 77, 72, 11, 138, 113, 114, 133, 20, 61, 106, 96, 128, 132, 33, 69, 127, 149, 2, 108, 64, 65, 40, 27, 52, 41, 139, 63, 8, 78, 73, 112, 13, 75, 49, 107, 120, 76, 86, 145, 18, 36, 94, 28, 35, 34, 79, 109, 58, 83, 45, 84, 87, 116], [62, 80]]","[0.27392556401900947, 0.12755570805165917, 0.002923862950410694]","[10.240791158983484, 24.458640181983355, 0.001052214007358998]","[""OPTIMAL"", ""OPTIMAL"", ""OPTIMAL""]","[123.0, 120.0, 0.0]","[123.0, 120.0, 0.0]","[0.030342806014232337, 0.003120802983175963]","[14, 71]",71.0,"[0.016862894990481436, 0.02136617695214227]","[0.005144216003827751, 0.04495912400307134]","[0.0003313379711471498, 0.008264960022643209]",OPTIMAL,243.0,243.0,253.0,253.0,2.766798418972332,36.341596629994456
41,2,150,1500,750,0,10,2,1800,4.3956473199650645,"[0.278580404992681, 0.4978549139923416]","[0.20470416598254815, 633.4780302609433]",OPTIMAL,207.0,207.0,0.0,"[0.6788115259842016, 0.7032602819963358, 0.7967390589765273, 0.8042124750209041, 0.8048747690045275, 0.878484582004603, 0.8802945530042052, 1.4138406409765594, 1.4149531010189094, 1.5661693739821203, 2.0006847379845567, 2.495049236982595, 6.626911766012199, 6.708925664017443, 9.81945186498342, 39.878353149979375, 103.2612767930259, 103.26345701800892, 103.26550943497568, 633.4765492180013]","[310.0, 269.0, 241.0, 239.0, 218.0, 217.0, 216.0, 215.0, 214.0, 213.0, 212.0, 211.0, 210.0, 209.0, 208.0, 207.0, 207.0, 208.0, 209.0, 207.0]",634.4591697459109,3,0.997719318712086,"[0.9953651843554228, 0.9955298704119722]","[0.09378974005060961, 0.08240562456866803]","[70.3423050379572, 61.804218426501016]","[1.6666666666666665, 1.6999999999999997]",132.14652346445828,5.684341886080803e-14,1.6999999999999995,3.789561257387201e-17,4.3015447830276293e-16,0.9126693119760604,0.2409809699747711,"[720, 715, 65]","[[135, 232, 160, 230, 258, 262, 216, 225, 231, 171, 185, 212, 182, 242, 237, 264, 150, 189, 163, 263, 226, 277, 154, 176, 215, 291, 200, 152, 198, 251, 209, 290, 169, 203, 172, 175, 151, 252, 165, 181, 268, 233, 261, 206, 256, 167, 280, 195, 220, 196, 250, 153, 235, 293, 155, 211, 297, 158, 174, 260, 254, 208, 278, 199, 205, 236, 217, 273, 275, 159, 224, 202, 156, 157, 276, 168, 219, 188, 281, 238, 287, 186, 213, 228, 289, 162, 210, 183, 241, 243, 292, 192, 255, 286, 214, 221, 164, 239, 267, 234, 253, 279, 166, 240, 184, 173, 178, 296, 283, 229, 285, 222, 170, 284, 180, 288, 177, 179, 265, 201, 299, 295, 247, 187, 223, 269, 298, 190, 249, 194, 257, 266, 282, 294, 197, 248, 259, 204, 227, 271, 274, 207, 272, 245], [4, 25, 20, 63, 17, 39, 55, 21, 42, 49, 16, 74, 145, 23, 34, 41, 127, 133, 6, 19, 54, 96, 103, 56, 147, 100, 86, 90, 12, 69, 59, 113, 122, 72, 118, 141, 38, 44, 68, 60, 105, 64, 71, 106, 18, 65, 117, 30, 130, 76, 46, 148, 58, 77, 125, 107, 149, 138, 29, 97, 108, 134, 36, 112, 1, 15, 102, 2, 33, 92, 124, 67, 95, 5, 7, 26, 13, 62, 101, 94, 114, 126, 146, 3, 9, 53, 82, 109, 11, 14, 31, 88, 10, 132, 139, 142, 47, 66, 83, 123, 98, 27, 45, 78, 128, 73, 121, 37, 91, 116, 119, 50, 143, 52, 85, 35, 75, 89, 161, 270, 191, 193, 244, 246, 218, 8, 80, 99, 111, 43, 136, 120, 24, 144, 28, 93, 104, 32, 110, 115, 70, 84, 79], [0, 40, 57, 129, 61, 140, 137, 131, 22, 48, 81, 87, 51]]","[0.17010905098868534, 0.34151678800117224, 0.019959986966568977]","[3.872443567030132, 4.6340962600079365, 0.008483404002618045]","[""OPTIMAL"", ""OPTIMAL"", ""OPTIMAL""]","[96.0, 107.0, 0.0]","[96.0, 107.0, 0.0]","[0.0444966169889085, 0.003964486997574568]","[59, 261]",261.0,"[0.03959932294674218, 0.06605031702201813]","[0.020707086951006204, 0.3906011519720778]","[0.0006995290168561041, 0.11722245899727568]",OPTIMAL,203.0,203.0,216.0,216.0,4.166666666666667,10.883600309840403
41,2,150,1500,750,0,10,3,1800,4.133843476010952,[0.2680028110044077],[1800.013978952018],TIME_LIMIT,191.0,189.0,0.0104712041884816,"[1.2238283220212907, 1.2548950090422295, 1.4793638820410706, 1.4798457360011525, 1.4806470180046745, 1.5581947489990853, 2.1744506310205907, 2.3523434170056134, 2.357697776053101, 2.3618465900071897, 2.3624796850490384, 2.4592370570171624, 2.459887121047359, 2.7256579200038686, 2.7262494030292146, 2.775020346045494, 2.876517244032584, 3.309504225035198, 3.4185913100373, 3.498748187033925, 4.442148588015698, 6.233290589996614, 6.746375999005977, 8.39136619999772, 8.392745414050296, 10.971955338027328, 11.740646830003243, 1800.0127783880453]","[1094.0, 1066.0, 769.0, 751.0, 680.0, 678.0, 665.0, 268.0, 254.0, 238.0, 232.0, 230.0, 229.0, 228.0, 227.0, 223.0, 220.0, 218.0, 206.0, 205.0, 195.0, 194.0, 193.0, 194.0, 195.0, 192.0, 191.0, 191.0]",1800.2819817630225,3,0.9052831405572151,"[0.9839251663488592, 0.7792228052758474, 0.5827207484673272]","[0.1525817647011311, 0.30139112380149957, 0.16333400350198768]","[113.67341470234268, 161.24425123380226, 35.93348077043729]","[1.8868421052631579, 2.3863636363636362, 1.9035353535353536]",352.5212004814407,43.36658510571544,2.085714285714286,0.0289110567371436,0.1230183746292886,1.0487566359806806,0.2131558699766174,"[745, 535, 220]","[[186, 188, 251, 269, 232, 150, 295, 180, 218, 205, 230, 158, 181, 194, 214, 152, 296, 170, 225, 155, 161, 169, 212, 292, 255, 179, 198, 203, 208, 211, 243, 271, 287, 293, 200, 233, 238, 182, 297, 187, 224, 261, 274, 285, 249, 260, 42, 68, 173, 157, 289, 267, 167, 219, 183, 278, 190, 151, 272, 204, 258, 276, 160, 281, 209, 270, 298, 168, 199, 210, 220, 234, 279, 156, 197, 222, 162, 174, 290, 184, 229, 284, 253, 256, 283, 165, 275, 268, 192, 288, 201, 257, 166, 207, 213, 240, 172, 196, 262, 291, 226, 178, 193, 245, 266, 202, 247, 216, 153, 163, 299, 164, 246, 189, 195, 242, 237, 265, 231, 294, 254, 282, 244, 263, 248, 175, 286, 277, 239, 273, 176, 185, 221, 252, 259, 154, 223, 171, 177, 191, 250, 235, 159, 215, 217, 280, 227, 236, 264], [1, 21, 25, 30, 57, 4, 63, 44, 69, 10, 37, 83, 7, 95, 67, 144, 8, 54, 120, 27, 45, 50, 123, 94, 110, 11, 84, 91, 114, 107, 24, 142, 70, 104, 140, 15, 93, 124, 5, 48, 71, 19, 34, 43, 138, 47, 36, 135, 241, 206, 228, 12, 128, 13, 89, 125, 14, 111, 53, 77, 148, 38, 76, 105, 2, 129, 103, 115, 60, 80, 97, 46, 147, 145, 78, 65, 121, 6, 96, 133, 61, 143, 51, 126, 55, 106, 62, 117, 9, 118, 59, 139, 92, 101, 17, 20, 49, 75, 82, 23, 136, 64, 40, 98, 56, 58, 137], [0, 32, 39, 134, 90, 141, 116, 22, 73, 41, 127, 108, 26, 79, 88, 81, 52, 66, 87, 149, 113, 122, 132, 99, 3, 130, 131, 33, 112, 72, 85, 109, 86, 146, 119, 16, 28, 102, 100, 74, 18, 31, 35, 29]]","[0.30321554199326783, 0.09608159097842872, 0.048232437984552234]","[7.438485382008366, 0.9187726079835556, 0.06063220096984878]","[""OPTIMAL"", ""OPTIMAL"", ""OPTIMAL""]","[78.0, 73.0, 19.0]","[78.0, 73.0, 19.0]","[0.034685179009102285, 0.0031104969675652683, 0.0037555440212599933]","[114, 298, 478]",478.0,"[0.054892598011065274, 0.04578829696401954, 0.0376870030304417]","[0.02982567495200783, 0.33909033000236377, 0.19119084405247122]","[0.0008546989993192255, 0.08052184898406267, 0.6751877520000562]",OPTIMAL,170.0,170.0,211.0,211.0,9.47867298578199,11.623922534869052
41,2,150,1500,750,0,10,4,1800,4.101186859013978,[0.42658122803550214],[527.204402606003],OPTIMAL,198.0,198.0,0.0,"[1.1837313520372845, 1.2180372410221025, 1.2486808720277622, 1.2492226040340029, 1.2502139059943147, 1.616843900992535, 1.617380216019228, 1.618428115034476, 1.7948835139977746, 1.795612970017828, 1.7966539750341326, 2.761065069993492, 2.761654959002044, 2.7654877960449085, 2.910620580019895, 2.9113101010443643, 2.996406043006573, 3.1474446560023353, 3.364162129990291, 3.4242000190424733, 3.4895004160352983, 3.490220814011991, 3.5410715370089747, 12.46787807304645, 12.51335546001792, 35.26469671103405, 119.92887470201822, 527.202581124031]","[1141.0, 1126.0, 780.0, 724.0, 639.0, 616.0, 615.0, 563.0, 556.0, 554.0, 538.0, 236.0, 227.0, 220.0, 217.0, 215.0, 212.0, 208.0, 206.0, 205.0, 203.0, 202.0, 201.0, 200.0, 199.0, 198.0, 198.0, 198.0]",527.6309838340385,3,0.9914474985169072,"[0.9833841647977215, 0.9861347603989297, 0.141643059490085]","[0.21247736692112357, 0.2798726260937036, 0.0]","[158.29563835623705, 208.5051064398092, 0.0]","[2.518181818181818, 2.35, 1.0]",372.04132914093896,49.24393828677728,2.35,0.0328292921911848,0.1323614728512864,1.037441253021825,0.2165074810036458,"[745, 745, 10]","[[0, 59, 116, 34, 47, 37, 5, 35, 18, 125, 96, 54, 101, 15, 149, 136, 39, 53, 88, 143, 22, 140, 24, 118, 41, 79, 114, 2, 8, 115, 77, 63, 25, 42, 132, 112, 7, 23, 95, 10, 33, 40, 142, 117, 4, 61, 71, 94, 139, 124, 6, 28, 144, 146, 74, 81, 14, 85, 21, 91, 38, 9, 123, 76, 84, 120, 65, 106, 70, 128, 29, 45, 49, 66, 56, 93, 32, 80, 135, 82, 99, 148, 12, 100, 16, 78, 138, 62, 102, 131, 92, 104, 1, 98, 27, 19, 129, 111, 137, 145, 3, 55, 30, 130, 87, 107, 126, 121, 17, 67, 36, 105, 110, 46, 86, 108, 11, 44, 90, 127, 75, 147, 134, 158, 20, 133, 13, 68, 72, 97, 89, 48, 109, 60, 64, 52, 141, 26, 51, 69, 50, 122, 31, 57, 43, 119, 73, 83, 58], [197, 264, 151, 155, 222, 239, 288, 297, 179, 289, 294, 216, 246, 263, 185, 245, 152, 190, 199, 203, 217, 230, 221, 236, 182, 213, 195, 196, 186, 277, 293, 244, 153, 193, 273, 189, 237, 262, 172, 204, 261, 283, 188, 272, 198, 287, 240, 286, 168, 174, 265, 281, 220, 173, 278, 260, 275, 205, 176, 290, 223, 271, 226, 103, 211, 187, 159, 184, 219, 224, 163, 165, 291, 231, 209, 160, 191, 180, 215, 256, 154, 206, 268, 250, 274, 169, 242, 212, 227, 161, 167, 251, 234, 178, 207, 284, 181, 247, 259, 175, 279, 177, 233, 201, 248, 229, 150, 276, 266, 298, 270, 214, 253, 295, 164, 282, 228, 235, 194, 241, 192, 249, 225, 243, 156, 210, 157, 183, 162, 238, 170, 252, 269, 267, 202, 257, 258, 166, 299, 218, 285, 200, 255, 292, 171, 208, 254, 280, 232], [113, 296]]","[0.3019806639640592, 0.13342980103334412, 0.0040909029776230454]","[3.07081503898371, 11.932991554029286, 0.001148131035733968]","[""OPTIMAL"", ""OPTIMAL"", ""OPTIMAL""]","[93.0, 105.0, 0.0]","[93.0, 105.0, 0.0]","[0.035545502963941544, 0.0030798629741184413]","[10, 71]",71.0,"[0.013673882989678532, 0.021907802030909806]","[0.003684461989905685, 0.05068290501367301]","[0.00030334905022755265, 0.011781365028582513]",OPTIMAL,198.0,198.0,204.0,204.0,2.9411764705882355,16.839063958090264
41,3,150,2250,750,0,10,700,1800,5.2882912540007965,[0.6040277409992996],[1800.0279014119988],TIME_LIMIT,270.0,267.0,0.0111111111111111,"[1.1817280569994182, 1.1821897449990502, 1.182569988999603, 1.1829745100003493, 1.1833787389987265, 1.1837813399997685, 1.1841808059998584, 1.1845851830003085, 1.1849779459989804, 1.1853736550001486, 1.408687232000375, 1.4129287060004572, 1.413649288999295, 1.4178747320002003, 1.8003923579999537, 1.9875044529999286, 1.988022206000096, 2.2897243709994655, 2.555125744000179, 4.858107811998707, 5.008607112999016, 5.168774226000096, 5.366641544000231, 6.879395588999614, 8.459554913999455, 8.46017415300048, 8.82380534999902, 21.421045477000007, 23.60451769700012, 78.17812789900017, 302.16197726799874, 1800.0264804199996]","[425.0, 375.0, 357.0, 356.0, 315.0, 308.0, 306.0, 305.0, 303.0, 301.0, 293.0, 292.0, 291.0, 289.0, 287.0, 285.0, 284.0, 283.0, 282.0, 281.0, 280.0, 279.0, 278.0, 277.0, 276.0, 275.0, 274.0, 273.0, 272.0, 271.0, 270.0, 270.0]",1800.631929152998,4,0.9264815319520714,"[0.9937481273192431, 0.9323317327434695, 0.7151046589095642, 0.6313094575898907]","[0.2485158261751963, 0.31231928325502056, 0.0888956470516068, 0.10467515589602161]","[185.14429050052124, 227.993076776165, 45.336779996319464, 27.738916312445728]","[2.05, 2.05, 1.7333333333333336, 1.4244755244755245]",575.0318345762421,59.03930322128804,2.1,0.0262396903205724,0.1026713647335597,1.3523158689986303,0.3253159129999403,"[745, 730, 510, 265]","[[147, 150, 200, 249, 291, 255, 172, 209, 158, 293, 163, 170, 226, 192, 208, 283, 214, 299, 155, 156, 223, 237, 290, 243, 173, 265, 160, 186, 279, 287, 247, 176, 270, 239, 263, 232, 213, 151, 164, 251, 274, 152, 187, 193, 161, 215, 195, 219, 199, 203, 289, 177, 201, 180, 189, 218, 227, 253, 264, 271, 262, 276, 294, 162, 246, 234, 183, 241, 165, 167, 259, 260, 258, 175, 222, 216, 205, 266, 178, 191, 197, 179, 169, 257, 184, 212, 254, 273, 292, 231, 252, 181, 196, 224, 267, 154, 157, 198, 268, 250, 171, 188, 228, 245, 236, 238, 244, 168, 190, 210, 202, 277, 272, 282, 280, 285, 159, 297, 225, 240, 207, 286, 295, 206, 221, 281, 269, 298, 233, 166, 220, 248, 182, 211, 217, 296, 275, 174, 284, 261, 235, 185, 278, 204, 256, 229, 242, 230, 288], [0, 135, 40, 31, 21, 142, 87, 30, 79, 4, 121, 17, 29, 80, 32, 77, 110, 2, 108, 72, 103, 116, 112, 48, 76, 5, 71, 16, 20, 50, 35, 39, 46, 45, 9, 43, 125, 144, 26, 101, 75, 91, 115, 36, 58, 65, 122, 114, 24, 113, 104, 119, 66, 62, 126, 74, 133, 107, 143, 132, 69, 85, 98, 94, 124, 130, 11, 137, 23, 146, 34, 63, 54, 18, 84, 38, 67, 1, 51, 19, 78, 95, 394, 7, 100, 12, 42, 99, 118, 57, 90, 70, 22, 47, 102, 140, 149, 6, 55, 25, 136, 14, 27, 131, 53, 28, 61, 68, 138, 83, 105, 13, 59, 88, 93, 106, 111, 148, 3, 92, 141, 52, 86, 96, 73, 128, 127, 145, 41, 49, 81, 89, 64, 129, 109, 120, 10, 33, 117, 82, 44, 194, 60, 97, 153, 123], [8, 360, 310, 384, 318, 349, 329, 15, 301, 37, 139, 382, 134, 431, 436, 442, 56, 351, 404, 421, 402, 407, 364, 414, 303, 387, 361, 331, 362, 336, 435, 342, 415, 444, 447, 420, 330, 350, 390, 353, 443, 333, 393, 355, 428, 397, 379, 377, 306, 406, 326, 370, 399, 311, 319, 340, 345, 348, 307, 449, 325, 322, 409, 334, 433, 321, 352, 354, 358, 396, 300, 365, 398, 405, 320, 386, 422, 312, 440, 417, 441, 313, 372, 327, 381, 341, 392, 446, 438, 317, 338, 411, 429, 328, 426, 371, 430, 391, 401, 412, 339, 374], [302, 418, 308, 335, 315, 376, 423, 346, 424, 357, 309, 369, 373, 389, 445, 383, 437, 388, 304, 403, 408, 434, 347, 385, 367, 344, 413, 368, 380, 410, 332, 448, 359, 427, 337, 378, 425, 439, 375, 395, 305, 343, 366, 314, 323, 356, 416, 316, 324, 363, 432, 419, 400]]","[0.12419233699984034, 0.26467259600030957, 0.09689501700086112, 0.04853882700081158]","[18.455780266000147, 4.159854900999562, 0.39884836000055657, 0.0258132620001561]","[""OPTIMAL"", ""OPTIMAL"", ""OPTIMAL"", ""OPTIMAL""]","[65.0, 97.0, 48.0, 30.0]","[65.0, 97.0, 48.0, 30.0]","[0.18558358600057545, 0.004957503000696306, 0.005377210000006016]","[154, 421, 683]",683.0,"[0.07049513799938723, 0.07075183599954471, 0.06204861599871947]","[0.03364782899916463, 0.24743447400032892, 0.42086810500040883]","[0.0008152970003720839, 0.027721701000700705, 1.4375787670014688]",OPTIMAL,240.0,240.0,309.0,309.0,12.62135922330097,27.81950741000219
41,3,150,2250,750,0,10,701,1800,5.085794248001548,[0.6099527599999419],[1800.033617662999],TIME_LIMIT,268.0,266.0,0.0074626865671641,"[1.0645291750006436, 1.0650353810015076, 1.0653844410007878, 1.0657624570012558, 1.066132751000623, 1.066502722000223, 1.0668774130008387, 1.0672473080012423, 1.0676146380010323, 1.2518389180004306, 1.254595488000632, 1.256021678000252, 1.2566498040014267, 1.25722494799993, 1.2606116610004392, 1.262010349000775, 1.491779056001178, 1.4923111800017068, 1.6783349980014464, 1.680310288000328, 2.0502208770012658, 2.0507835570006137, 2.220442756000921, 2.3765286080015358, 3.4193674180005473, 4.406012476001706, 4.440334405000613, 4.473811087000286, 4.617264947000876, 6.243478088001211, 7.117299715000627, 42.66940995100049, 45.207445416001065, 149.90767145300015, 149.9092597430008, 149.91096847500012, 1800.0321915650002]","[425.0, 391.0, 376.0, 374.0, 318.0, 317.0, 313.0, 312.0, 309.0, 306.0, 302.0, 301.0, 298.0, 297.0, 295.0, 294.0, 287.0, 286.0, 284.0, 283.0, 282.0, 281.0, 280.0, 278.0, 276.0, 275.0, 274.0, 273.0, 272.0, 271.0, 270.0, 269.0, 267.99999999999994, 267.99999999999994, 269.0, 270.0, 268.0]",1800.643570422999,4,0.9383178033819252,"[0.9965765624339614, 0.9744457051515346, 0.8159376703066024, 0.5237491333975888]","[0.23823521312994986, 0.19363225355647276, 0.14615347179230204, 0.07348568743917579]","[178.6764098474624, 137.47890002509567, 84.03824628057367, 15.799422799422794]","[1.8954545454545453, 1.8, 1.7, 1.457142857142857]",465.012929590152,49.01995063759745,1.8954545454545453,0.021786644727821,0.1054163175219594,1.374348084000303,0.3317895159998443,"[750, 710, 575, 215]","[[150, 297, 201, 258, 192, 286, 213, 287, 152, 285, 266, 270, 299, 153, 251, 162, 231, 269, 265, 158, 289, 227, 298, 271, 203, 256, 296, 159, 248, 245, 283, 218, 257, 263, 247, 172, 184, 253, 206, 288, 282, 156, 177, 174, 176, 214, 279, 211, 222, 182, 190, 250, 189, 229, 210, 215, 276, 268, 274, 181, 291, 260, 264, 208, 219, 200, 228, 244, 295, 166, 240, 179, 235, 261, 193, 262, 145, 173, 292, 204, 212, 230, 168, 284, 280, 163, 225, 187, 151, 239, 160, 199, 220, 154, 155, 233, 238, 249, 157, 205, 255, 165, 207, 170, 278, 252, 185, 234, 224, 221, 290, 164, 167, 198, 161, 169, 236, 195, 226, 254, 175, 246, 194, 188, 209, 293, 191, 223, 294, 178, 232, 277, 180, 216, 272, 186, 196, 241, 202, 242, 217, 237, 281, 243, 171, 273, 197, 259, 275, 267], [0, 4, 148, 62, 149, 73, 69, 3, 65, 18, 78, 20, 90, 77, 9, 45, 142, 48, 98, 140, 24, 119, 19, 59, 123, 110, 125, 10, 23, 66, 88, 27, 57, 67, 131, 50, 84, 68, 83, 138, 143, 147, 16, 136, 30, 106, 81, 91, 1, 114, 126, 132, 36, 113, 99, 111, 8, 46, 13, 44, 25, 49, 58, 130, 63, 32, 108, 35, 79, 93, 86, 92, 2, 56, 101, 72, 103, 75, 12, 39, 141, 34, 87, 61, 71, 53, 89, 120, 109, 5, 64, 124, 21, 33, 80, 146, 43, 97, 128, 60, 133, 74, 51, 102, 7, 135, 29, 42, 104, 40, 122, 70, 105, 55, 95, 107, 17, 37, 100, 129, 144, 11, 127, 14, 76, 47, 116, 139, 15, 112, 41, 22, 52, 134, 54, 117, 96, 26, 94, 38, 118, 121], [85, 115, 403, 353, 431, 322, 343, 433, 309, 413, 370, 412, 340, 415, 329, 400, 357, 380, 313, 318, 359, 402, 368, 388, 336, 375, 385, 395, 423, 303, 438, 435, 306, 348, 326, 361, 387, 307, 338, 362, 323, 414, 434, 319, 325, 302, 373, 446, 320, 392, 374, 351, 300, 345, 317, 366, 407, 328, 352, 394, 381, 389, 397, 337, 393, 426, 429, 355, 419, 305, 341, 377, 442, 417, 344, 445, 310, 439, 421, 428, 444, 335, 411, 333, 354, 364, 350, 384, 427, 406, 316, 346, 432, 327, 342, 347, 360, 365, 311, 448, 441, 315, 437, 440, 332, 371, 424, 391, 349, 358, 418, 447, 398, 404, 372], [6, 137, 31, 28, 82, 386, 443, 396, 301, 367, 369, 334, 356, 312, 376, 383, 321, 401, 405, 425, 331, 363, 382, 304, 378, 324, 422, 330, 379, 308, 436, 314, 390, 399, 339, 420, 408, 430, 449, 410, 409, 416, 183]]","[0.3337781320005888, 0.12555090000023483, 0.1048967740007356, 0.04167055200014147]","[5.580760938999447, 0.8440837830003147, 0.6148944670003402, 0.022361486000590958]","[""OPTIMAL"", ""OPTIMAL"", ""OPTIMAL"", ""OPTIMAL""]","[77.0, 99.0, 46.0, 16.0]","[76.99999999999999, 99.0, 46.0, 16.0]","[0.04834522599958291, 0.005133923999892431, 0.005366618999687489, 0.005417039001258672]","[131, 369, 599, 843]",843.0,"[0.06388373399931879, 0.06214477299909049, 0.0533698290000757, 0.04537138900013815]","[0.03224358000079519, 0.41106156000023475, 0.25255581400051597, 0.49210380100157636]","[0.0009776850001799176, 0.02283954300037294, 0.026771749000545242, 1.7361589460015239]",OPTIMAL,238.0,238.0,277.0,277.0,3.249097472924188,12.63787984400733
41,3,150,2250,750,0,10,702,1800,4.866297846001544,[0.6300099000000046],[524.6297135660006],OPTIMAL,325.0,325.0,0.0,"[1.07472092199896, 1.1593773879994842, 1.483881375999772, 1.4847486019989447, 1.4861003280002478, 1.5039427960000467, 1.504387727998619, 1.522426233999795, 1.5336139430000912, 1.6886615209987212, 1.6890788009986863, 1.6895854159993178, 1.8535058799989201, 1.8560651959996903, 1.869565330000114, 1.9583242529988638, 2.2688856400000077, 2.2694551650001813, 2.270063236999704, 2.5518702030003624, 2.5527059300002293, 2.5532830149986694, 2.553901217999737, 3.9114253939987975, 63.51149910499953, 142.5317204669991, 142.53335447599966, 142.53504320699903, 524.6282233539987]","[1250.0, 1235.0, 1060.0, 1002.0, 855.0, 477.0, 443.0, 411.0, 349.0, 348.0, 346.0, 345.0, 344.0, 343.0, 342.0, 341.0, 338.0, 334.0, 333.0, 331.0, 330.0, 329.0, 328.0, 327.0, 325.0, 325.0, 327.0, 328.0, 325.0]",525.2597234660007,4,0.9489904714430116,"[0.980188389474762, 0.9732950015160533, 0.8132800220198904, 0.5539720041663491]","[0.3345418827245453, 0.31965779212069373, 0.10047863264463468, 0.046777854930028846]","[250.90641204340898, 231.75189928750297, 59.28239326033446, 8.653903162055336]","[1.75, 1.9920454545454547, 1.7794117647058822, 1.5326086956521738]",594.768795511409,44.17418775810722,1.992045454545455,0.0196329723369365,0.0742711925901391,1.4073623290005344,0.3328836469991074,"[750, 725, 590, 185]","[[57, 120, 350, 379, 300, 356, 348, 342, 383, 424, 434, 302, 371, 384, 321, 354, 431, 327, 445, 401, 361, 449, 301, 323, 330, 372, 440, 304, 337, 446, 329, 417, 311, 314, 400, 316, 427, 334, 392, 365, 369, 345, 312, 344, 442, 362, 390, 447, 381, 402, 391, 394, 419, 443, 376, 406, 421, 303, 307, 326, 325, 373, 389, 306, 349, 411, 416, 320, 331, 418, 429, 322, 404, 435, 385, 340, 433, 409, 360, 341, 332, 339, 420, 358, 388, 448, 308, 338, 387, 310, 352, 357, 366, 305, 386, 351, 374, 375, 405, 432, 367, 444, 313, 412, 343, 396, 423, 377, 399, 319, 397, 382, 414, 309, 317, 436, 441, 336, 430, 428, 439, 347, 395, 378, 422, 355, 438, 398, 408, 318, 333, 426, 346, 413, 410, 370, 407, 364, 380, 403, 368, 415, 315, 328, 353, 363, 359, 437, 393, 425], [150, 284, 294, 193, 277, 153, 159, 235, 187, 211, 195, 276, 156, 217, 177, 185, 244, 265, 171, 199, 270, 234, 213, 236, 286, 205, 212, 257, 157, 216, 239, 278, 188, 224, 203, 275, 189, 197, 167, 273, 170, 180, 191, 229, 230, 241, 255, 281, 214, 285, 260, 206, 151, 202, 161, 252, 299, 248, 264, 220, 246, 283, 176, 254, 258, 186, 154, 272, 215, 282, 165, 169, 168, 293, 179, 232, 198, 164, 184, 190, 228, 233, 174, 231, 251, 271, 155, 227, 296, 178, 269, 182, 183, 242, 267, 218, 274, 223, 192, 247, 256, 290, 166, 297, 172, 221, 226, 240, 158, 291, 298, 201, 200, 249, 280, 207, 237, 162, 210, 196, 261, 175, 222, 268, 160, 266, 181, 263, 194, 295, 243, 152, 204, 259, 279, 238, 292, 173, 289, 209, 225, 253, 262, 287, 288], [1, 82, 59, 70, 118, 86, 108, 79, 90, 149, 38, 2, 74, 66, 20, 140, 5, 44, 111, 28, 103, 24, 132, 33, 42, 95, 39, 100, 77, 13, 80, 71, 148, 122, 4, 102, 26, 72, 7, 81, 19, 40, 41, 43, 126, 23, 121, 97, 144, 98, 45, 113, 50, 8, 25, 37, 76, 64, 131, 60, 136, 12, 32, 110, 53, 145, 208, 219, 35, 139, 61, 30, 101, 109, 83, 85, 107, 127, 114, 46, 67, 124, 47, 68, 125, 106, 245, 3, 15, 92, 129, 134, 10, 91, 48, 163, 250, 9, 52, 89, 11, 84, 75, 87, 115, 36, 51, 117, 78, 147, 112, 128, 146, 63, 116, 335, 324, 141], [0, 16, 54, 31, 133, 105, 21, 22, 27, 58, 130, 6, 69, 135, 14, 96, 88, 93, 49, 17, 73, 137, 18, 99, 142, 65, 62, 94, 29, 143, 123, 138, 34, 119, 56, 104, 55]]","[0.12821094200080552, 0.1257127640001272, 0.11637029100165819, 0.2616294260005816]","[3.572519551998994, 11.892532869000206, 0.5033252899993386, 0.015814132999366848]","[""OPTIMAL"", ""OPTIMAL"", ""OPTIMAL"", ""OPTIMAL""]","[128.0, 124.0, 52.0, 0.0]","[128.0, 124.0, 52.0, 0.0]","[0.053942106998874806, 0.005327537999619381, 0.005795270000817254]","[109, 371, 612]",612.0,"[0.05067575199973362, 0.06967842700032634, 0.0570547080005781]","[0.02661666699896159, 0.24060667699995975, 0.27385722899998655]","[0.0008422290011367295, 0.024794835999273346, 0.26100632500128995]",OPTIMAL,304.0,304.0,359.0,359.0,9.470752089136491,19.42655900800128
41,3,150,2250,750,0,10,703,1800,4.476189410999723,[0.5934299990003638],[75.68800457100042],OPTIMAL,233.0,233.0,0.0,"[0.7346607109993784, 0.7351746280000953, 0.7355425450004986, 0.7359348560003127, 0.7363176819999353, 0.7367709940008353, 0.7372245639999164, 0.7376729379993776, 0.7381177349998325, 0.7385778810003103, 0.9107655480001995, 0.9175775940002495, 0.9190472659993247, 0.9617409559996304, 1.2501342039995507, 1.2529516440008592, 1.2539849879995018, 1.6934753250006906, 1.9039562350008055, 1.9048665270001948, 2.3530977370010078, 7.068400665999434, 14.611034871000811]","[311.0, 284.0, 282.0, 281.0, 261.0, 257.0, 256.0, 254.0, 251.0, 250.0, 249.0, 246.0, 245.0, 244.0, 243.0, 242.0, 241.0, 240.0, 238.0, 237.0, 235.0, 234.0, 233.0]",76.28143457000078,4,0.95830463430193,"[0.9713969451649244, 0.9437267864234157, 0.9127463946092323, 0.6485793844409945]","[0.18235588951809817, 0.2150287259972138, 0.12317599191474203, 0.059398284177294286]","[133.11979934821167, 154.82068271799392, 79.44851478500861, 9.206734047480614]","[1.768181818181818, 2.3, 1.65, 1.464114832535885]",392.15414872356,15.55841782486516,2.3,0.0069148523666067,0.0396742400289969,1.3780661700002383,0.3243768449992785,"[730, 720, 645, 155]","[[112, 152, 169, 153, 230, 261, 198, 277, 297, 229, 233, 240, 159, 227, 252, 257, 287, 151, 218, 296, 173, 251, 282, 168, 200, 188, 195, 221, 278, 273, 199, 279, 246, 202, 260, 165, 189, 207, 208, 295, 235, 263, 237, 248, 236, 174, 269, 232, 193, 280, 155, 220, 160, 215, 283, 187, 254, 292, 156, 177, 259, 270, 224, 242, 243, 181, 192, 225, 276, 164, 291, 211, 217, 171, 264, 293, 162, 226, 178, 186, 245, 201, 180, 222, 204, 214, 250, 258, 150, 194, 241, 183, 191, 196, 197, 190, 265, 157, 161, 210, 167, 212, 172, 205, 231, 294, 249, 256, 262, 184, 228, 163, 176, 272, 179, 216, 290, 268, 285, 170, 288, 206, 239, 267, 154, 244, 166, 286, 158, 219, 185, 203, 234, 299, 182, 266, 284, 213, 247, 275, 255, 209, 223, 238, 253, 274], [8, 329, 328, 423, 411, 446, 321, 309, 437, 404, 355, 342, 320, 392, 427, 406, 317, 412, 363, 378, 399, 444, 341, 352, 441, 395, 376, 386, 353, 401, 362, 429, 364, 372, 381, 302, 334, 322, 315, 339, 303, 349, 421, 440, 425, 391, 410, 360, 385, 361, 390, 316, 382, 318, 419, 300, 327, 384, 448, 306, 436, 340, 313, 326, 383, 431, 432, 344, 365, 348, 388, 307, 398, 434, 345, 366, 308, 375, 400, 331, 396, 333, 424, 422, 301, 343, 332, 314, 405, 426, 402, 319, 359, 394, 389, 417, 324, 367, 368, 337, 413, 354, 370, 416, 305, 403, 445, 371, 407, 408, 438, 325, 393, 346, 351, 311, 330, 357, 312, 335, 356, 358, 439, 373, 414, 350, 380, 387, 369, 430, 415, 29, 114, 379, 310, 338, 304, 435, 442, 397, 418, 420, 447, 443], [0, 60, 138, 98, 44, 126, 90, 26, 54, 92, 124, 140, 108, 31, 131, 94, 41, 121, 45, 62, 20, 103, 34, 99, 74, 100, 143, 76, 96, 105, 134, 2, 18, 33, 13, 50, 86, 80, 135, 21, 65, 93, 110, 122, 128, 19, 104, 87, 117, 127, 53, 91, 47, 58, 66, 59, 89, 145, 130, 144, 64, 43, 116, 83, 149, 55, 101, 102, 148, 136, 1, 5, 85, 27, 6, 48, 15, 115, 125, 67, 75, 271, 281, 3, 95, 147, 11, 46, 77, 30, 61, 69, 70, 120, 146, 36, 51, 107, 84, 9, 111, 82, 52, 97, 22, 72, 35, 142, 4, 63, 113, 7, 137, 32, 79, 81, 106, 56, 133, 10, 49, 289, 298, 132, 37, 68, 119, 175, 129], [12, 139, 39, 28, 17, 78, 42, 57, 40, 109, 73, 88, 71, 23, 24, 118, 141, 38, 14, 16, 123, 25, 347, 336, 449, 377, 323, 433, 409, 374, 428]]","[0.1266075909989013, 0.11924216199986404, 0.3407875819993933, 0.03369252599986794]","[1.7534185410004284, 5.616185190001488, 0.20357932499973685, 0.025300939998487593]","[""OPTIMAL"", ""OPTIMAL"", ""OPTIMAL"", ""OPTIMAL""]","[63.0, 92.0, 59.0, 8.0]","[63.0, 92.0, 59.0, 8.0]","[0.05124009000064689, 0.005065122000814881, 0.005270945001029759]","[108, 360, 614]",614.0,"[0.05001559399897815, 0.06686089700087905, 0.056889502999183605]","[0.02694534700094664, 0.22344395999971312, 0.2692663870002434]","[0.0007846149983379291, 0.02292172799934633, 0.13094491599986213]",OPTIMAL,222.0,222.0,262.0,262.0,11.068702290076336,10.830905975997666
41,3,150,2250,750,0,10,704,1800,4.6504696480005805,[0.588172884999949],[795.2011668430005],OPTIMAL,208.0,208.0,0.0,"[0.6225615189996461, 0.6504479399991396, 0.6732696729995951, 0.6874582129985356, 0.6881775339988963, 0.6896093839986861, 0.7145094549996429, 0.7157311829996615, 0.8928167959984421, 0.8971637529994041, 1.0366347629988013, 1.0645348809994175, 1.0651524819986662, 1.0656076569994184, 1.0660768779998762, 1.4132645939989743, 1.413802492999821, 1.7230253299985634, 1.7497445349999907, 1.9985942169987538, 94.0621743849988, 94.06385396399855, 94.06547982599841, 161.34988609299944, 795.1998002539985]","[304.0, 280.0, 268.0, 267.0, 236.0, 234.0, 233.0, 228.0, 226.0, 224.0, 223.0, 218.0, 217.0, 216.0, 215.0, 214.0, 213.0, 212.0, 210.0, 209.0, 209.0, 210.0, 212.0, 208.0, 208.0]",795.7893397280004,4,0.956944193902819,"[0.9666498373162796, 0.9171952646961934, 0.9231704819763077, 0.5564027808925768]","[0.22416801165337305, 0.16552182299703874, 0.2267236594011372, 0.09455698287220025]","[168.1260087400298, 116.69288521291232, 154.1720883927733, 10.87405303030303]","[1.9045454545454548, 1.7, 1.8152173913043477, 1.5789772727272726]",472.8154997723031,22.950464396284644,1.9045454545454548,0.0102002063983487,0.0485400000788648,1.3829079850002015,0.3295704060001299,"[750, 705, 680, 115]","[[79, 382, 328, 111, 434, 306, 419, 430, 322, 417, 333, 424, 394, 440, 368, 371, 411, 442, 305, 390, 316, 326, 439, 438, 324, 376, 428, 314, 365, 377, 422, 300, 327, 338, 375, 346, 421, 441, 446, 448, 313, 391, 378, 406, 409, 400, 379, 405, 335, 407, 414, 302, 357, 320, 384, 408, 304, 393, 343, 392, 399, 352, 402, 403, 309, 416, 445, 364, 429, 329, 330, 435, 310, 420, 315, 363, 319, 413, 415, 341, 443, 367, 398, 311, 339, 340, 344, 383, 351, 360, 359, 397, 385, 348, 349, 401, 369, 381, 303, 331, 358, 373, 386, 307, 423, 356, 370, 395, 418, 345, 355, 426, 433, 389, 354, 387, 396, 437, 374, 317, 321, 431, 332, 436, 449, 325, 342, 404, 412, 301, 347, 362, 427, 444, 308, 372, 312, 361, 388, 337, 432, 334, 366, 336, 380, 447, 323, 353, 410, 425], [0, 88, 45, 119, 82, 46, 101, 24, 61, 114, 52, 92, 4, 139, 14, 20, 146, 22, 42, 126, 41, 87, 6, 68, 48, 13, 84, 34, 99, 1, 38, 21, 62, 37, 69, 43, 7, 49, 26, 57, 39, 106, 148, 25, 29, 112, 10, 30, 56, 129, 71, 109, 74, 147, 97, 8, 136, 117, 96, 144, 19, 77, 31, 100, 59, 95, 140, 58, 145, 113, 138, 141, 72, 102, 130, 18, 63, 33, 44, 120, 27, 90, 64, 135, 2, 12, 54, 36, 89, 35, 86, 73, 121, 40, 137, 67, 78, 91, 118, 93, 94, 15, 127, 128, 133, 80, 122, 134, 65, 131, 143, 98, 132, 16, 17, 104, 124, 85, 60, 75, 81, 5, 28, 115, 142, 50, 149, 76, 105, 51, 125, 9, 55, 116, 66, 269, 11, 318, 350, 103, 123], [32, 83, 155, 107, 108, 191, 195, 223, 47, 178, 176, 261, 275, 232, 240, 289, 244, 254, 274, 150, 160, 258, 204, 295, 218, 153, 233, 238, 170, 280, 182, 239, 273, 278, 186, 242, 173, 248, 200, 243, 162, 167, 192, 165, 169, 228, 213, 241, 156, 171, 207, 175, 210, 206, 211, 267, 163, 290, 293, 298, 174, 208, 229, 203, 264, 180, 217, 181, 285, 231, 183, 282, 198, 216, 199, 263, 250, 286, 296, 188, 272, 222, 227, 151, 252, 201, 215, 197, 220, 189, 202, 257, 297, 236, 196, 283, 288, 224, 276, 158, 292, 235, 291, 152, 266, 294, 172, 179, 194, 219, 184, 249, 154, 159, 247, 161, 281, 177, 226, 164, 166, 268, 271, 299, 168, 253, 212, 190, 262, 225, 230, 251, 260, 234, 287, 279], [3, 255, 265, 157, 259, 245, 277, 185, 214, 256, 193, 270, 187, 209, 284, 221, 237, 205, 246, 53, 110, 23, 70]]","[0.12832347900075547, 0.12631803499971284, 0.3401040520002425, 0.027770830000008573]","[1.0565914290000364, 0.7456459779987199, 1.4478581930015935, 0.010517709000851028]","[""OPTIMAL"", ""OPTIMAL"", ""OPTIMAL"", ""OPTIMAL""]","[66.0, 59.0, 66.0, 10.0]","[66.0, 59.0, 66.0, 10.0]","[0.05153924699880008, 0.004933307000101195]","[105, 314]",314.0,"[0.05331099900104164, 0.056053591000818415]","[0.024100565000480856, 0.20148775699999533]","[0.0008204060013667913, 0.09210510599950794]",OPTIMAL,201.0,201.0,250.0,250.0,16.8,6.079959074004364
41,4,150,3000,750,0,10,10,1800,4.826016061997507,[0.8942405540146865],[1800.0427214209922],TIME_LIMIT,379.0,374.0,0.0131926121372031,"[1.8146455739624798, 1.8151313469861634, 1.8155737379565835, 1.8160274529946037, 1.8165014929836616, 1.8169666769681498, 1.8174316359800287, 2.0509601119556464, 2.0515056339791045, 2.051981280965265, 2.0524449099902995, 2.052904730953742, 2.1549583139712922, 2.156023411953356, 2.7135374369681813, 2.7164910819847137, 2.721175633952953, 2.908015414956026, 2.908574808971025, 3.0637292549945414, 3.0892048479872756, 3.0907058009761386, 3.3081784159876406, 3.6559483929886483, 3.6565708669950254, 3.657128386956174, 6.4745536229456775, 6.528414171945769, 6.587241377972532, 6.632915137975942, 6.671146688982844, 6.707218215975445, 6.7959483829909, 11.00850818498293, 14.35303398995893, 26.217827296000905, 116.92387109698029, 150.17527095699916, 293.44771905394737, 1800.0410380749963]","[551.0, 499.0, 498.0, 476.0, 427.0, 424.0, 420.0, 419.0, 418.0, 415.0, 414.0, 413.0, 409.0, 406.0, 405.0, 404.0, 403.0, 402.0, 401.0, 400.0, 399.0, 398.0, 396.0, 395.0, 393.0, 392.0, 391.0, 390.0, 389.0, 388.0, 387.0, 386.0, 385.0, 384.0, 383.0, 382.0, 381.0, 380.0, 379.0, 379.0]",1800.9369619750069,5,0.9469621178460348,"[0.9501366854762484, 0.9180004373310009, 0.9292390337743417, 0.9109300873907615, 0.46992690025995953]","[0.2764881436866707, 0.2685732801777681, 0.21353296686114032, 0.24745716496361486, 0.0633445945945946]","[203.21878560970293, 194.71562812888186, 145.20241746557542, 167.03358635044003, 11.71875]","[2.672727272727273, 2.118181818181818, 1.95, 2.0227272727272725, 1.8]",801.7088949879737,81.85108046408277,2.188888888888889,0.0272836934880275,0.1020957619101987,1.6427123440080322,0.4370162659906782,"[735, 725, 680, 675, 185]","[[0, 64, 53, 14, 28, 58, 54, 86, 34, 137, 93, 52, 68, 94, 87, 92, 88, 110, 4, 45, 145, 36, 118, 39, 66, 90, 31, 288, 83, 131, 15, 112, 60, 72, 117, 21, 23, 24, 22, 97, 25, 44, 210, 49, 50, 107, 55, 57, 121, 12, 77, 119, 120, 33, 16, 114, 35, 134, 82, 18, 27, 130, 71, 115, 48, 108, 144, 124, 149, 1, 30, 46, 43, 9, 143, 63, 76, 122, 41, 62, 75, 140, 85, 109, 8, 103, 13, 3, 128, 11, 20, 80, 2, 104, 89, 138, 95, 5, 65, 136, 148, 47, 147, 6, 29, 61, 139, 32, 51, 70, 91, 102, 73, 146, 142, 26, 74, 42, 127, 81, 125, 100, 17, 38, 84, 141, 19, 123, 101, 111, 78, 99, 105, 7, 56, 67, 96, 10, 59, 40, 37, 79, 126, 133, 132, 98, 135], [69, 106, 129, 202, 116, 179, 180, 253, 452, 486, 524, 581, 497, 504, 465, 544, 469, 532, 527, 493, 506, 533, 463, 526, 585, 467, 474, 550, 554, 516, 570, 584, 455, 479, 555, 494, 487, 553, 571, 505, 572, 578, 466, 518, 548, 520, 563, 450, 530, 451, 529, 481, 485, 510, 599, 464, 539, 552, 468, 498, 522, 565, 507, 558, 592, 568, 453, 508, 521, 580, 582, 480, 500, 588, 454, 517, 460, 549, 484, 594, 475, 512, 556, 547, 483, 489, 573, 579, 597, 501, 534, 591, 557, 593, 515, 528, 562, 456, 535, 536, 458, 503, 575, 567, 586, 457, 537, 461, 492, 546, 569, 543, 471, 531, 502, 589, 560, 488, 519, 566, 462, 513, 595, 545, 590, 587, 577, 525, 542, 540, 482, 496, 576, 491, 551, 495, 511, 473, 598, 523, 514, 477, 499, 564, 574], [150, 186, 236, 266, 220, 256, 152, 193, 194, 166, 178, 231, 153, 160, 197, 168, 240, 297, 183, 192, 225, 151, 281, 285, 167, 275, 154, 234, 156, 207, 190, 161, 261, 172, 242, 175, 177, 258, 208, 181, 292, 252, 255, 188, 204, 219, 257, 251, 277, 189, 286, 191, 155, 289, 157, 171, 250, 274, 162, 212, 227, 230, 241, 283, 216, 223, 164, 214, 249, 267, 215, 269, 206, 284, 238, 254, 158, 195, 185, 237, 209, 268, 282, 198, 293, 295, 272, 248, 165, 279, 287, 221, 233, 169, 170, 218, 205, 259, 232, 260, 265, 173, 273, 174, 203, 163, 244, 278, 298, 199, 222, 280, 224, 226, 246, 176, 270, 290, 235, 296, 243, 213, 217, 247, 271, 262, 291, 159, 276, 182, 264, 187, 228, 196, 229, 299], [300, 429, 347, 355, 408, 444, 392, 305, 354, 397, 313, 385, 422, 319, 335, 449, 359, 388, 437, 320, 416, 332, 360, 436, 301, 396, 403, 364, 358, 387, 410, 303, 363, 421, 314, 371, 339, 356, 402, 310, 323, 312, 370, 409, 362, 415, 304, 328, 334, 414, 350, 337, 366, 351, 406, 426, 383, 390, 384, 445, 357, 368, 423, 418, 374, 324, 441, 330, 412, 345, 394, 432, 307, 435, 316, 344, 446, 377, 321, 343, 380, 393, 311, 424, 434, 398, 420, 315, 448, 327, 442, 353, 338, 400, 365, 431, 348, 440, 367, 329, 389, 336, 391, 342, 349, 399, 378, 372, 413, 419, 306, 326, 425, 417, 407, 309, 382, 331, 401, 346, 428, 375, 322, 340, 369, 317, 333, 373, 386, 395, 411, 405, 459, 478, 541], [113, 430, 308, 352, 376, 443, 438, 302, 427, 379, 318, 341, 381, 433, 404, 447, 325, 361, 439, 184, 239, 263, 509, 583, 201, 200, 538, 211, 294, 245, 470, 490, 472, 561, 596, 476, 559]]","[0.13573604502016678, 0.34160143201006576, 0.11870534595800564, 0.11172720300965011, 0.04542441602097824]","[3.4454689659760334, 1.4885354810394347, 2.733800476009492, 0.6455064790206961, 0.014938901003915817]","[""OPTIMAL"", ""OPTIMAL"", ""OPTIMAL"", ""OPTIMAL"", ""OPTIMAL""]","[96.0, 93.0, 77.0, 81.0, 9.0]","[96.0, 93.0, 77.0, 81.0, 9.0]","[0.07138985098572448, 0.22358932095812634, 0.007612078974489123]","[182, 610, 1042]",1042.0,"[0.08866464300081134, 0.1069898660061881, 0.09364663303131238]","[0.0403163279988803, 0.37781966000329703, 0.6830713549861684]","[0.0009936150163412094, 0.03903709800215438, 5.066613663046155]",OPTIMAL,356.0,356.0,412.0,412.0,8.009708737864077,17.960917467076797
41,4,150,3000,750,0,10,11,1800,4.995748745044693,"[0.7952426510164514, 1.1928759189904667]","[0.4462183099822141, 1800.0367805699934]",TIME_LIMIT,439.0,431.0,0.0182232346241457,"[2.190637250954751, 2.2592447489732876, 2.3603377519757487, 2.3815415219869465, 2.384041259996593, 2.385254106950015, 2.3875893329968676, 2.4147360219503753, 2.4160324019612744, 2.4550613269675523, 2.4851009270059876, 2.637746606953442, 2.639013601001352, 2.810533185955137, 3.335171028971672, 3.336074255988933, 4.85229592199903, 5.184793687949423, 5.186099115002435, 5.234875469992403, 5.29531918495195, 5.2967384469811805, 5.311612916993909, 5.342736005957704, 5.380065741948783, 5.515220300992951, 5.560696511995047, 5.9586725939880125, 18.272975981992204, 19.085195736959577, 19.973022905003745, 21.83255949697923, 25.52677594398847, 45.58579104900127, 90.67783464695094, 123.24701624299632, 1800.0347845779615]","[709.0, 595.0, 540.0, 494.0, 490.0, 489.0, 485.0, 484.0, 482.0, 480.0, 477.0, 476.0, 474.0, 473.0, 471.0, 469.0, 467.0, 466.0, 462.0, 460.0, 457.0, 456.0, 455.0, 451.0, 450.0, 449.0, 448.0, 447.0, 446.0, 445.0, 444.0, 443.0, 442.0, 441.0, 440.0, 439.0, 439.0]",1802.4711174499823,5,0.9424148449271634,"[0.9496025190424977, 0.9636757308353994, 0.9818123576309795, 0.7040243248077267, 0.7166809126175291]","[0.06068249409385634, 0.04889758934702428, 0.17648153028237548, 0.07395872793506256, 0.08449046565483209]","[44.60163315898441, 35.93972817006285, 129.71392475754598, 29.213697534349713, 33.79618626193284]","[1.525, 1.4333333333333333, 1.7, 1.5666666666666667, 1.6166666666666665]",315.514444460955,42.24927457807922,1.7,0.0140830915260264,0.133905991689625,1.8782676970004104,0.4941538610146381,"[740, 735, 735, 450, 340]","[[0, 83, 41, 121, 134, 343, 84, 140, 87, 3, 332, 4, 137, 1, 28, 36, 10, 127, 133, 23, 86, 62, 111, 74, 65, 446, 25, 43, 27, 52, 30, 64, 149, 45, 98, 103, 109, 38, 50, 58, 88, 106, 143, 2, 73, 99, 78, 148, 129, 11, 35, 92, 21, 66, 115, 34, 72, 118, 56, 61, 104, 138, 128, 131, 6, 96, 69, 108, 144, 16, 17, 110, 114, 59, 124, 113, 44, 77, 46, 126, 71, 146, 9, 60, 132, 26, 18, 67, 24, 39, 81, 105, 112, 122, 5, 95, 32, 49, 117, 13, 37, 57, 80, 91, 120, 14, 145, 54, 141, 12, 76, 130, 53, 15, 20, 29, 136, 22, 94, 119, 55, 142, 31, 107, 68, 125, 7, 79, 75, 63, 147, 33, 70, 51, 48, 89, 85, 90, 100, 8, 101, 102, 123, 139, 82, 93, 116, 135], [150, 222, 171, 273, 211, 255, 185, 299, 191, 179, 241, 243, 230, 240, 235, 219, 259, 294, 151, 270, 166, 154, 280, 271, 287, 153, 298, 197, 232, 263, 175, 284, 254, 292, 203, 208, 188, 229, 206, 238, 164, 251, 158, 289, 159, 266, 290, 199, 161, 268, 286, 252, 213, 245, 160, 172, 184, 212, 256, 209, 221, 167, 281, 168, 267, 181, 204, 227, 257, 192, 291, 195, 226, 223, 262, 169, 272, 190, 170, 277, 194, 217, 278, 279, 200, 214, 244, 155, 220, 187, 246, 297, 163, 198, 173, 174, 231, 276, 215, 239, 156, 202, 177, 285, 295, 274, 283, 216, 247, 225, 264, 269, 275, 282, 189, 248, 242, 207, 210, 205, 218, 296, 224, 234, 288, 228, 237, 236, 293, 152, 178, 233, 249, 180, 183, 253, 258, 157, 201, 265, 250, 162, 165, 176, 260, 186, 196], [97, 300, 429, 348, 366, 376, 357, 411, 315, 349, 387, 304, 318, 334, 438, 339, 423, 428, 305, 378, 407, 394, 443, 422, 308, 336, 445, 432, 358, 408, 396, 310, 435, 319, 328, 311, 333, 340, 386, 418, 406, 301, 322, 345, 416, 440, 312, 404, 393, 320, 341, 374, 373, 398, 442, 303, 323, 414, 324, 437, 313, 369, 382, 449, 338, 415, 381, 425, 306, 402, 327, 448, 375, 330, 372, 344, 447, 307, 329, 413, 385, 335, 342, 351, 359, 368, 309, 337, 316, 431, 417, 412, 350, 360, 352, 395, 439, 314, 410, 391, 397, 354, 364, 370, 380, 361, 419, 363, 427, 403, 392, 317, 353, 379, 325, 377, 426, 401, 346, 390, 321, 356, 433, 367, 331, 400, 434, 420, 424, 355, 383, 389, 436, 362, 371, 421, 365, 405, 384, 388, 399, 302, 444, 326, 441, 409, 347], [182, 451, 540, 494, 462, 479, 520, 589, 478, 511, 499, 537, 484, 591, 491, 515, 518, 575, 464, 486, 550, 506, 501, 542, 475, 595, 193, 533, 261, 454, 526, 529, 567, 498, 544, 507, 450, 483, 532, 546, 512, 578, 492, 521, 541, 566, 549, 559, 560, 472, 582, 556, 474, 523, 502, 519, 569, 458, 592, 504, 539, 577, 461, 547, 463, 485, 517, 561, 554, 466, 598, 534, 574, 522, 430, 471, 481, 579, 459, 500, 570, 545, 467, 503, 493, 565, 597, 489, 594, 535], [452, 564, 460, 473, 488, 527, 552, 468, 558, 571, 516, 573, 563, 581, 453, 551, 557, 510, 482, 487, 584, 590, 599, 469, 495, 525, 514, 528, 476, 524, 572, 587, 496, 536, 455, 583, 509, 585, 586, 531, 555, 538, 576, 543, 470, 508, 480, 456, 490, 457, 477, 465, 588, 497, 505, 513, 596, 562, 593, 530, 568, 548, 580, 553, 19, 42, 40, 47]]","[0.1852279279846698, 0.1663152450346388, 0.4791068699560128, 0.11838871898362413, 0.08768413600046188]","[2.2320326670305803, 121.0469594799797, 17.885191024979576, 0.23990036098985001, 0.06987160700373352]","[""OPTIMAL"", ""OPTIMAL"", ""OPTIMAL"", ""OPTIMAL"", ""OPTIMAL""]","[97.0, 135.0, 122.0, 25.0, 24.0]","[97.0, 135.0, 122.0, 25.0, 24.0]","[0.08835848898161203, 0.007449771976098418, 0.007367988000623882]","[218, 596, 969]",969.0,"[0.12560045497957617, 0.1285151140182279, 0.1078819099930115]","[0.07193691597785801, 0.7788220429793, 0.5735882589942776]","[0.0017530079931020737, 0.0542648839764297, 1.9546369700110517]",OPTIMAL,403.0,403.0,478.0,478.0,8.158995815899582,148.78327540383907
41,4,150,3000,750,0,10,12,1800,5.16945999203017,[0.8119672699831426],[1800.046465212945],TIME_LIMIT,444.0,438.0,0.0135135135135135,"[2.9802228530170396, 3.1783906390191987, 3.178991165012121, 3.1795495430123992, 3.1800655690021813, 3.1805821020388976, 3.1810972910025157, 3.1816324690007605, 3.182163864024915, 3.182687580003403, 3.1937167799915187, 3.284027296991553, 3.2857416280312464, 3.816893223032821, 3.828008785028942, 3.832742404018063, 4.299202654045075, 4.2998558260151185, 4.5648840320063755, 4.566318635013886, 6.136600397992879, 7.701851557008922, 7.83800444600638, 7.8727577670360915, 7.898463021032512, 7.954391179024242, 8.102073754009325, 10.88341865001712, 16.239150930021424, 33.23244265804533, 33.270463082997594, 59.148013662023004, 134.30303264403483, 654.5442963759997, 1294.9545305329957, 1685.3404586820398, 1800.0447520660236]","[2231.0, 696.0, 633.0, 629.0, 620.0, 505.0, 495.0, 493.0, 492.0, 489.0, 488.0, 480.0, 478.0, 475.0, 473.0, 472.0, 471.0, 470.0, 468.0, 467.0, 464.0, 461.0, 459.0, 458.0, 457.0, 456.0, 454.0, 453.0, 452.0, 450.99999999999994, 449.0, 447.99999999999994, 447.0000000000001, 446.0, 445.0, 444.0, 444.0]",1800.858432482928,5,0.9165227145260796,"[0.9765741637700154, 0.921194359239125, 0.8851892623146502, 0.7507635091867396, 0.5189523589269195]","[0.19920216062545223, 0.34071560038754606, 0.2653960329435109, 0.20358165175353513, 0.047275526738212094]","[148.40560966596192, 243.61165427709543, 163.21856026025918, 110.95200020567664, 17.964700160520596]","[1.8272727272727274, 2.6, 2.383982683982684, 1.7227272727272727, 1.4279220779220778]",691.4053053653731,100.64408793820564,2.15,0.0335480293127352,0.145564529454796,1.847489467007108,0.4335244460380636,"[745, 715, 615, 545, 380]","[[323, 333, 394, 378, 411, 357, 37, 439, 422, 343, 401, 345, 319, 446, 391, 436, 300, 376, 308, 327, 347, 430, 306, 399, 423, 329, 360, 365, 421, 370, 447, 302, 409, 305, 342, 361, 416, 440, 309, 431, 385, 388, 362, 368, 383, 316, 389, 331, 375, 386, 335, 381, 419, 424, 433, 348, 449, 417, 425, 321, 322, 369, 320, 352, 332, 334, 371, 390, 448, 418, 312, 415, 405, 338, 359, 336, 303, 397, 311, 392, 318, 387, 325, 363, 434, 420, 304, 432, 337, 354, 428, 372, 413, 314, 429, 379, 427, 366, 426, 393, 445, 353, 355, 307, 380, 367, 444, 310, 328, 339, 358, 377, 315, 408, 509, 351, 384, 317, 403, 364, 443, 400, 435, 324, 374, 410, 414, 341, 356, 382, 349, 441, 330, 402, 396, 340, 438, 344, 398, 404, 301, 373, 437, 326, 442, 395, 407, 346, 412], [406, 491, 563, 582, 460, 543, 529, 551, 576, 479, 570, 590, 558, 455, 503, 467, 560, 457, 546, 469, 474, 534, 544, 480, 489, 490, 542, 500, 554, 462, 586, 572, 517, 545, 456, 515, 516, 535, 552, 502, 476, 580, 522, 458, 465, 472, 481, 574, 591, 463, 483, 519, 577, 471, 594, 579, 592, 450, 587, 492, 525, 505, 511, 475, 520, 559, 486, 493, 550, 504, 521, 588, 452, 510, 466, 454, 497, 507, 595, 470, 568, 531, 498, 538, 571, 589, 596, 453, 524, 562, 473, 569, 468, 485, 555, 496, 508, 581, 459, 597, 487, 528, 561, 567, 495, 536, 584, 518, 484, 583, 506, 530, 526, 478, 540, 501, 599, 523, 573, 585, 499, 541, 549, 461, 578, 598, 539, 464, 575, 513, 477, 532, 482, 564, 494, 488, 533, 512, 593, 557, 556, 566, 514], [0, 113, 120, 123, 29, 36, 50, 101, 20, 51, 111, 144, 28, 182, 75, 47, 140, 2, 79, 46, 127, 8, 134, 19, 61, 62, 72, 86, 53, 41, 78, 149, 88, 116, 104, 115, 119, 3, 17, 22, 31, 44, 10, 59, 124, 135, 39, 74, 147, 71, 313, 11, 12, 83, 129, 21, 27, 30, 93, 58, 80, 1, 42, 87, 130, 56, 112, 63, 67, 131, 148, 110, 24, 45, 65, 99, 43, 121, 15, 26, 55, 136, 82, 33, 95, 98, 106, 23, 84, 73, 6, 77, 66, 68, 141, 4, 143, 117, 89, 122, 13, 118, 105, 103, 92, 132, 14, 139, 85, 40, 49, 108, 52, 69, 133, 97, 114, 138, 109, 126, 32, 38, 137], [150, 527, 547, 548, 259, 267, 253, 156, 157, 243, 202, 210, 235, 226, 227, 229, 250, 283, 451, 239, 297, 151, 196, 266, 186, 187, 232, 160, 565, 200, 246, 280, 252, 271, 161, 249, 287, 299, 244, 168, 207, 215, 265, 277, 195, 203, 292, 154, 272, 254, 270, 245, 537, 553, 260, 170, 198, 190, 192, 199, 208, 213, 222, 296, 205, 242, 216, 247, 264, 240, 279, 155, 159, 194, 211, 164, 218, 236, 162, 189, 284, 180, 237, 209, 179, 201, 269, 234, 183, 275, 165, 294, 177, 214, 256, 291, 174, 193, 257, 251, 176, 248, 286, 290, 282, 285, 233, 241, 268], [152, 153, 278, 172, 255, 293, 206, 262, 274, 223, 231, 158, 238, 197, 185, 225, 212, 261, 169, 281, 295, 220, 173, 276, 167, 175, 228, 181, 221, 163, 217, 273, 230, 219, 258, 224, 298, 166, 178, 188, 204, 191, 263, 171, 184, 289, 288, 5, 96, 70, 9, 34, 125, 16, 81, 128, 35, 102, 142, 57, 18, 76, 48, 7, 146, 25, 64, 54, 90, 107, 94, 145, 60, 100, 350, 91]]","[0.4343040829990059, 0.1222925329930149, 0.09877006500028074, 0.10418302100151777, 0.0748999469797127]","[5.446933685976546, 18.054378613014705, 0.6290116480085999, 1.0784954309929162, 0.041543478961102664]","[""OPTIMAL"", ""OPTIMAL"", ""OPTIMAL"", ""OPTIMAL"", ""OPTIMAL""]","[95.0, 129.0, 91.0, 49.0, 17.0]","[95.0, 129.0, 90.99999999999999, 49.0, 17.0]","[0.07432847504969686, 0.007587797997985035, 0.00761207495816052]","[256, 660, 1055]",1055.0,"[0.11711433395976201, 0.10390635498333722, 0.08626680000452325]","[0.06010049796896055, 0.6494854229968041, 0.40408258099341765]","[0.00157740997383371, 0.041273028997238725, 49.7265811249963]",OPTIMAL,381.0,381.0,493.0,493.0,9.939148073022311,79.6457423218526
41,4,150,3000,750,0,10,13,1800,5.409381007018965,[0.8128355560475029],[1800.0220327039715],TIME_LIMIT,406.0,398.0,0.0197044334975369,"[2.082309080986306, 2.1777008560020477, 2.825553523027338, 2.82659962202888, 2.8284562340122648, 3.6787932189763524, 3.7057697729906067, 3.738253394025378, 3.7393399070133455, 3.7411581730120815, 3.984288844978437, 4.0027393589844, 4.00399226002628, 4.00592627201695, 4.006876351020765, 4.009005767991766, 4.0100069849868305, 4.03238093201071, 4.033385238028131, 4.035480979015119, 4.07889384200098, 4.079905145976227, 4.08246380102355, 4.096680357994046, 5.905048504006118, 6.494617643009406, 6.685259734978899, 7.258876505016815, 7.259914572001435, 7.447183419018984, 7.492387412989046, 7.694723388995044, 7.835982609016355, 7.907770175021142, 7.908893513027579, 12.946931993006729, 16.39692119002575, 17.437839070975315, 17.732036698027514, 18.534008289978374, 28.346374361019116, 30.972963512002025, 38.579241759027354, 60.23634755599778, 67.93187340901932, 1800.0203350090305]","[1514.0, 1495.0, 1308.0, 1261.0, 1053.0, 537.0, 505.0, 500.0, 499.0, 494.0, 493.0, 492.0, 461.0, 460.0, 455.0, 453.0, 452.0, 442.0, 441.0, 437.0, 435.0, 434.0, 433.0, 432.0, 430.0, 429.0, 428.0, 427.0, 426.0, 424.0, 423.0, 422.0, 421.0, 420.0, 419.0, 417.0, 416.0, 415.0, 413.0, 411.0, 410.0, 409.0, 408.0, 407.0, 406.0, 406.0]",1800.834868260019,5,0.9106911803678756,"[0.929442188946783, 0.9453269722929954, 0.8820142253621978, 0.7191870560378848, 0.5857512307864146]","[0.2107435300585715, 0.34007189429568907, 0.24807237604942914, 0.08238913982954052, 0.20767896426758653]","[157.00392989363576, 249.95284230733145, 167.44885383336467, 39.134841419031744, 76.84121677900701]","[1.85, 2.4, 1.9307486631016044, 1.5, 2.05]",901.3338258127465,144.3710148168891,2.2125,0.0481236716056297,0.1601748549562615,1.7737766850041226,0.4342775259865448,"[745, 735, 675, 475, 370]","[[452, 508, 467, 480, 495, 530, 461, 454, 475, 479, 506, 563, 477, 593, 500, 481, 504, 557, 453, 594, 529, 561, 462, 542, 543, 482, 573, 518, 516, 535, 537, 547, 471, 488, 531, 559, 583, 473, 546, 549, 513, 523, 501, 464, 545, 587, 510, 512, 469, 519, 476, 527, 556, 465, 503, 489, 485, 589, 540, 568, 580, 595, 591, 598, 478, 494, 562, 569, 597, 457, 474, 458, 538, 553, 576, 588, 548, 552, 472, 520, 575, 585, 536, 483, 468, 470, 572, 176, 227, 505, 566, 596, 451, 466, 511, 491, 558, 565, 507, 541, 381, 496, 456, 493, 497, 560, 555, 509, 288, 450, 534, 550, 590, 599, 455, 463, 570, 579, 487, 581, 584, 499, 574, 459, 514, 522, 486, 582, 564, 567, 577, 571, 490, 498, 532, 533, 515, 528, 551, 524, 578, 554, 460, 521, 492, 586, 525, 526, 539], [150, 153, 252, 201, 266, 216, 257, 160, 186, 207, 269, 166, 297, 255, 277, 168, 214, 287, 187, 231, 272, 230, 243, 296, 151, 226, 199, 218, 217, 246, 240, 544, 157, 289, 274, 194, 294, 225, 278, 284, 175, 250, 245, 156, 193, 178, 251, 174, 221, 203, 238, 267, 273, 158, 276, 253, 254, 167, 212, 179, 247, 224, 162, 219, 263, 180, 220, 195, 228, 239, 205, 286, 161, 282, 271, 232, 177, 279, 200, 270, 164, 182, 206, 172, 208, 236, 192, 235, 237, 215, 234, 285, 170, 264, 173, 291, 292, 281, 299, 248, 258, 159, 169, 241, 298, 197, 211, 502, 171, 184, 152, 229, 290, 259, 154, 181, 185, 210, 165, 204, 213, 283, 155, 265, 293, 163, 261, 260, 189, 275, 244, 222, 190, 256, 233, 196, 268, 188, 202, 223, 295, 191, 280, 242, 249, 262, 198], [0, 42, 41, 146, 55, 101, 70, 1, 131, 103, 5, 38, 57, 24, 64, 71, 4, 50, 88, 139, 121, 127, 116, 93, 10, 62, 36, 44, 39, 13, 29, 128, 86, 149, 33, 115, 14, 120, 32, 63, 30, 123, 58, 102, 21, 107, 92, 122, 22, 135, 28, 27, 145, 130, 125, 72, 85, 98, 34, 104, 66, 126, 37, 124, 61, 53, 140, 43, 111, 80, 45, 3, 19, 47, 60, 142, 12, 108, 87, 118, 99, 134, 138, 137, 15, 6, 96, 117, 74, 11, 82, 105, 25, 91, 40, 54, 79, 144, 17, 112, 77, 90, 147, 97, 20, 59, 114, 141, 7, 209, 18, 83, 100, 183, 9, 109, 75, 31, 23, 26, 78, 65, 132, 69, 95, 113, 56, 76, 48, 81, 143, 52, 133, 67, 89], [300, 396, 302, 313, 360, 352, 339, 425, 418, 431, 337, 364, 365, 402, 399, 433, 301, 427, 354, 328, 350, 430, 345, 428, 310, 382, 332, 361, 400, 366, 358, 359, 333, 373, 363, 398, 404, 387, 394, 415, 312, 374, 334, 442, 408, 445, 362, 411, 303, 348, 335, 424, 325, 314, 357, 391, 317, 438, 306, 440, 441, 316, 439, 340, 355, 413, 323, 329, 369, 484, 417, 307, 405, 443, 346, 384, 370, 392, 324, 386, 336, 390, 412, 423, 344, 311, 416, 517, 403, 592, 330, 379, 327, 449, 401], [2, 84, 119, 73, 35, 148, 16, 436, 49, 110, 51, 94, 106, 129, 46, 136, 68, 309, 380, 376, 315, 409, 446, 420, 319, 388, 447, 389, 8, 342, 322, 372, 435, 377, 338, 395, 353, 375, 406, 437, 331, 378, 371, 385, 444, 343, 356, 432, 410, 393, 308, 326, 434, 321, 419, 448, 341, 304, 305, 368, 383, 367, 422, 429, 318, 421, 414, 426, 320, 351, 397, 349, 347, 407]]","[0.13821496104355901, 0.1290530510013923, 0.12279177102027461, 0.3840101309469901, 0.07563766301609576]","[3.521692152018659, 122.75299517199164, 3.9073867360129952, 0.09241357899736613, 0.11114085296867415]","[""OPTIMAL"", ""OPTIMAL"", ""OPTIMAL"", ""OPTIMAL"", ""OPTIMAL""]","[85.0, 111.0, 77.0, 34.0, 26.0]","[85.0, 111.0, 77.0, 34.0, 26.0]","[0.07307725597638637, 0.008160234021488577, 0.0082961359876208]","[226, 727, 1172]",1172.0,"[0.11351235897745937, 0.12383133999537677, 0.09552519698627293]","[0.04322334501193836, 0.44384022400481626, 0.7696804269799031]","[0.0010304090101271868, 0.05046046798815951, 4.0692867519683205]",OPTIMAL,333.0,333.0,460.0,460.0,11.73913043478261,139.2433144269162
41,4,150,3000,750,0,10,14,1800,4.977051171998028,[0.8165354909724556],[1800.0441199149936],TIME_LIMIT,376.0,373.0,0.0079787234042553,"[1.5093233619700186, 1.5099116829806007, 1.5103789559798315, 1.5109095600200817, 1.511409952014219, 1.7870654260041192, 1.7893348319921643, 1.7919198229792528, 2.0394229129888117, 2.040029487980064, 2.2419400850194506, 2.2433763350127265, 2.311698528996203, 2.312392051971983, 2.6761627229861915, 2.9054484009975567, 2.90603699098574, 3.1755387209705077, 3.220208053011447, 3.2216794440173544, 3.223473683989141, 3.6196355510037392, 3.62140239396831, 5.381752434012014, 6.1970846420153975, 6.198108650976792, 6.2606642069877125, 6.545367726997938, 6.670732705970295, 6.740079996990971, 8.49384008598281, 8.751048463978805, 12.474388838978484, 13.943255096965004, 108.1560812810203, 242.42232740897452, 589.6933031079825, 677.9137819409952, 1800.0424363749917]","[541.0, 488.0, 472.0, 442.0, 438.0, 427.0, 422.0, 420.0, 419.0, 417.0, 415.0, 412.0, 411.0, 410.0, 408.0, 405.0, 404.0, 399.0, 398.0, 396.0, 395.0, 394.0, 393.0, 392.0, 391.0, 389.0, 388.0, 386.0, 385.0, 384.0, 383.0, 382.0, 381.0, 380.0, 379.0, 378.0, 377.0, 376.0, 376.0]",1800.860655405966,5,0.9148239346065152,"[0.9503547302071851, 0.9286908941290885, 0.876285251806762, 0.6717371807094482, 0.6421511100356905]","[0.30445304340708235, 0.325903427577644, 0.2394104113609551, 0.1625634807201711, 0.10456811859339118]","[226.81751733827633, 239.53901926956834, 174.7696002934972, 77.21765334208128, 32.93895735691822]","[1.95, 2.25, 2.15, 2.0818181818181816, 1.8]",790.6538447782974,22.86096061231456,2.2,0.0076203202041048,0.0289139941116658,1.7909929449670017,0.4351317139808088,"[745, 735, 730, 475, 315]","[[150, 285, 234, 245, 268, 242, 280, 166, 240, 177, 167, 204, 277, 214, 229, 288, 190, 226, 193, 172, 241, 290, 248, 264, 298, 154, 155, 184, 191, 254, 255, 220, 160, 164, 207, 219, 260, 188, 224, 210, 281, 217, 243, 294, 259, 205, 292, 230, 157, 269, 199, 162, 183, 169, 258, 198, 221, 256, 466, 515, 551, 514, 272, 227, 282, 299, 297, 151, 165, 222, 203, 158, 196, 228, 238, 178, 263, 287, 161, 247, 186, 168, 195, 212, 163, 223, 218, 270, 286, 171, 291, 185, 278, 262, 267, 200, 174, 189, 289, 181, 237, 261, 275, 192, 276, 232, 152, 173, 175, 296, 176, 271, 239, 206, 215, 159, 244, 216, 249, 265, 182, 236, 284, 201, 273, 153, 246, 250, 202, 274, 208, 211, 233, 279, 156, 266, 209, 293, 179, 253, 180, 283, 235, 170, 231, 187, 213, 252, 225], [197, 295, 550, 574, 556, 565, 467, 548, 566, 451, 593, 476, 547, 453, 493, 562, 452, 469, 496, 597, 596, 257, 508, 517, 581, 470, 540, 553, 505, 599, 494, 525, 534, 539, 589, 545, 419, 549, 567, 464, 572, 584, 456, 555, 471, 595, 477, 458, 501, 506, 492, 462, 544, 461, 482, 583, 490, 475, 509, 481, 573, 397, 432, 511, 538, 575, 513, 457, 491, 488, 560, 578, 468, 483, 537, 484, 485, 500, 564, 586, 507, 571, 588, 460, 472, 529, 576, 592, 465, 516, 546, 579, 497, 590, 563, 499, 512, 463, 582, 498, 594, 587, 473, 536, 535, 526, 533, 450, 542, 569, 455, 580, 520, 577, 591, 487, 568, 552, 561, 459, 519, 503, 524, 530, 570, 474, 522, 559, 454, 504, 532, 478, 510, 543, 558, 480, 521, 495, 598, 489, 523, 531, 502, 527, 518, 528, 557], [23, 443, 52, 378, 369, 30, 118, 107, 138, 390, 486, 300, 324, 427, 308, 321, 373, 446, 428, 438, 416, 433, 436, 430, 315, 335, 301, 363, 411, 358, 322, 370, 398, 316, 383, 328, 341, 423, 389, 313, 426, 406, 347, 364, 368, 396, 327, 330, 402, 407, 374, 395, 303, 401, 354, 304, 376, 412, 384, 417, 388, 307, 356, 333, 382, 337, 340, 331, 351, 309, 326, 379, 360, 441, 339, 367, 323, 444, 312, 344, 420, 448, 334, 409, 319, 357, 413, 391, 332, 343, 346, 429, 394, 302, 361, 386, 387, 404, 435, 442, 353, 305, 359, 381, 306, 424, 385, 372, 421, 422, 311, 336, 400, 405, 418, 377, 314, 439, 362, 371, 329, 366, 434, 365, 325, 345, 408, 414, 437, 348, 355, 440, 320, 403, 350, 447, 317, 352, 431, 375, 393, 415, 399, 425, 380, 445], [0, 61, 19, 84, 85, 14, 68, 132, 4, 449, 88, 113, 8, 45, 5, 57, 145, 100, 111, 82, 58, 121, 99, 318, 33, 342, 349, 410, 129, 146, 392, 310, 338, 17, 101, 20, 54, 32, 77, 69, 109, 126, 89, 10, 94, 137, 143, 144, 42, 140, 21, 51, 102, 15, 46, 83, 16, 74, 50, 62, 18, 59, 98, 133, 26, 105, 66, 28, 48, 76, 128, 106, 123, 36, 70, 86, 38, 75, 78, 116, 29, 41, 53, 40, 251, 97, 194, 6, 136, 119, 9, 91, 117, 81, 103], [1, 90, 3, 134, 135, 56, 110, 80, 92, 96, 141, 73, 104, 2, 31, 71, 108, 11, 63, 60, 55, 37, 64, 122, 7, 142, 72, 12, 125, 148, 22, 149, 87, 112, 24, 43, 49, 139, 95, 124, 114, 13, 34, 47, 27, 67, 79, 147, 35, 39, 93, 65, 115, 127, 25, 44, 120, 130, 131, 479, 585, 541, 554]]","[0.13061533402651548, 0.421021377958823, 0.13109545898623765, 0.093336317979265, 0.054904566961340606]","[1.2265420529874973, 7.638886792992707, 1.7532993399654515, 0.40563112299423665, 0.06027206702856347]","[""OPTIMAL"", ""OPTIMAL"", ""OPTIMAL"", ""OPTIMAL"", ""OPTIMAL""]","[76.0, 100.0, 103.0, 41.0, 13.0]","[76.0, 100.0, 103.0, 41.0, 13.0]","[0.07253040396608412, 0.0077007790096104145, 0.007742754009086639, 0.007568422995973378]","[227, 689, 1111, 1546]",1546.0,"[0.10895031999098137, 0.11780209897551686, 0.09507809701608494, 0.07525224896380678]","[0.04564778704661876, 0.6847524209879339, 0.4766417850041762, 0.8038555279490538]","[0.0010707490146160126, 0.04397887398954481, 0.05364795203786343, 81.13904399395688]",OPTIMAL,333.0,333.0,399.0,399.0,5.764411027568922,97.88299330574227
62,6,150,4500,750,0,10,705,1800,5.039937107998412,[1.1989618979987426],[1800.041551198001],TIME_LIMIT,529.0,524.0,0.0094517958412098,"[2.1499344509993534, 2.2120167379998747, 2.2632063460005156, 2.267109084999902, 2.268278969999301, 2.273079684999175, 2.686894210999526, 3.090783300000112, 3.0958225289996335, 3.097368347000156, 3.098567971999728, 3.1080400760001794, 3.134495442000116, 3.135271813000145, 3.1359615700002905, 3.136649345000478, 3.1373350850008137, 4.01318548800009, 4.014143024000077, 4.703061012000035, 4.986506440000085, 4.987283779000791, 4.988123852999706, 5.488565625999399, 5.649092910000036, 7.3250433079992945, 8.119450648000566, 8.878571503000785, 9.369273656999212, 9.470298363999973, 9.673717572999522, 9.836831521999557, 17.86083947000043, 27.563015637999342, 35.41792437500044, 48.64216628000031, 281.1169777890009, 905.7407951259993, 1800.039469686999]","[747.0, 686.0, 630.0, 629.0, 602.0, 596.0, 595.0, 582.0, 575.0, 574.0, 573.0, 572.0, 571.0, 570.0, 569.0, 568.0, 566.0, 557.0, 553.0, 550.0, 549.0, 548.0, 547.0, 546.0, 545.0, 544.0, 543.0, 542.0, 541.0, 540.0, 538.0, 537.0, 536.0, 535.0, 533.0, 531.0, 530.0, 529.0, 529.0]",1801.2405130959996,7,0.9351390481155148,"[0.9411857086768748, 0.9174601223222792, 0.8969857198711624, 0.9224097941927718, 0.9508510072468586, 0.7255637484227062, 0.6234980272596844]","[0.19614359070880805, 0.15382255803977266, 0.13211607441523096, 0.22433119234422144, 0.28451362726278734, 0.09094793377275599, 0.07185013094499987]","[147.10769303160603, 113.82869294943177, 97.10531469519475, 160.39680252611834, 200.58210722026507, 41.38130986660398, 28.740052377999945]","[2.1923076923076925, 1.8931419457735246, 1.7, 2.2, 2.1, 1.631818181818182, 1.6058823529411765]",861.7875415591126,72.64556889189282,2.2,0.0161434597537539,0.0842963786183088,1.0347851590013306,1.0465987370007497,"[750, 740, 735, 715, 705, 455, 400]","[[285, 632, 724, 732, 629, 633, 671, 737, 662, 742, 600, 618, 676, 668, 701, 634, 674, 665, 699, 641, 667, 678, 611, 673, 615, 652, 730, 623, 605, 625, 621, 696, 645, 709, 670, 710, 705, 606, 716, 626, 647, 743, 666, 601, 636, 637, 722, 613, 688, 689, 651, 675, 643, 728, 697, 690, 646, 723, 692, 649, 703, 739, 658, 777, 695, 748, 664, 681, 731, 616, 663, 686, 720, 661, 738, 630, 733, 698, 650, 712, 717, 740, 640, 746, 617, 715, 622, 721, 726, 861, 657, 654, 672, 685, 602, 735, 700, 744, 702, 603, 608, 638, 642, 682, 609, 655, 691, 711, 631, 719, 736, 704, 635, 639, 607, 694, 725, 614, 707, 734, 656, 679, 747, 620, 653, 684, 706, 644, 677, 648, 680, 708, 604, 687, 612, 619, 729, 627, 628, 660, 718, 669, 714, 610, 727, 624, 713, 659, 683, 745], [0, 25, 10, 42, 91, 84, 15, 43, 29, 103, 146, 53, 120, 87, 123, 12, 85, 89, 13, 127, 102, 18, 126, 61, 109, 94, 125, 8, 147, 64, 24, 83, 41, 75, 76, 70, 92, 77, 96, 81, 104, 111, 1, 108, 90, 5, 118, 4, 56, 65, 130, 137, 78, 110, 19, 47, 69, 145, 140, 112, 113, 46, 121, 148, 9, 93, 101, 68, 136, 17, 59, 36, 39, 57, 80, 7, 100, 66, 129, 67, 88, 149, 49, 82, 117, 124, 2, 11, 131, 22, 55, 30, 16, 138, 38, 133, 139, 31, 86, 52, 107, 132, 135, 3, 44, 37, 54, 62, 26, 116, 45, 58, 63, 60, 99, 27, 114, 122, 6, 48, 28, 142, 95, 33, 71, 106, 35, 50, 40, 98, 20, 97, 105, 23, 32, 51, 119, 72, 73, 144, 141, 461, 490, 536, 590, 528, 559, 583], [14, 79, 115, 34, 128, 474, 571, 514, 557, 535, 582, 454, 591, 589, 468, 476, 489, 529, 585, 520, 549, 581, 594, 480, 548, 542, 595, 579, 493, 524, 564, 143, 495, 554, 543, 552, 561, 450, 452, 544, 512, 560, 588, 586, 456, 576, 467, 563, 478, 506, 497, 533, 741, 584, 693, 498, 545, 518, 458, 553, 530, 555, 464, 551, 471, 505, 565, 593, 525, 537, 534, 532, 592, 451, 515, 568, 466, 470, 509, 597, 457, 523, 473, 519, 487, 503, 472, 527, 566, 541, 459, 531, 481, 484, 538, 517, 521, 540, 596, 455, 550, 570, 547, 486, 572, 599, 569, 580, 488, 575, 453, 494, 483, 475, 496, 507, 477, 504, 511, 462, 573, 516, 460, 578, 567, 463, 508, 598, 499, 577, 546, 556, 500, 526, 469, 492, 513, 522, 485, 574, 510, 539, 465, 502, 587, 479, 558], [150, 251, 306, 410, 412, 182, 211, 221, 155, 180, 264, 175, 188, 233, 282, 244, 252, 174, 275, 183, 276, 284, 239, 279, 157, 185, 299, 261, 195, 298, 158, 203, 160, 240, 256, 161, 269, 286, 178, 215, 219, 274, 162, 236, 209, 280, 214, 218, 163, 293, 166, 204, 268, 193, 210, 213, 225, 246, 234, 294, 151, 248, 229, 287, 154, 159, 167, 216, 207, 253, 390, 152, 206, 230, 171, 173, 260, 208, 212, 271, 288, 181, 226, 153, 249, 259, 179, 220, 297, 168, 228, 245, 169, 231, 187, 290, 232, 217, 184, 238, 283, 177, 272, 281, 189, 227, 265, 241, 254, 257, 273, 164, 292, 165, 263, 192, 278, 262, 176, 191, 247, 186, 198, 296, 255, 237, 250, 277, 223, 224, 266, 289, 170, 201, 199, 258, 295, 190, 243, 172, 270, 222, 235], [749, 755, 855, 829, 888, 752, 818, 849, 896, 797, 782, 899, 834, 850, 821, 832, 824, 882, 866, 892, 763, 780, 810, 784, 823, 801, 846, 877, 767, 772, 795, 851, 778, 852, 856, 828, 779, 884, 820, 838, 819, 868, 883, 893, 800, 836, 808, 809, 897, 895, 814, 750, 758, 839, 878, 761, 794, 887, 789, 894, 830, 843, 833, 799, 845, 879, 844, 803, 865, 765, 870, 880, 770, 886, 853, 751, 796, 815, 874, 842, 753, 854, 859, 764, 769, 791, 805, 831, 790, 891, 783, 840, 885, 812, 835, 827, 841, 826, 863, 869, 889, 754, 857, 802, 804, 756, 757, 817, 873, 774, 781, 858, 785, 807, 762, 837, 773, 793, 798, 876, 848, 786, 871, 759, 771, 822, 776, 787, 792, 813, 760, 875, 867, 872, 766, 811, 881, 890, 788, 864, 847], [300, 313, 323, 315, 347, 399, 314, 351, 384, 373, 304, 392, 401, 333, 342, 334, 419, 447, 311, 415, 428, 349, 429, 396, 339, 438, 377, 369, 417, 422, 434, 316, 346, 353, 448, 385, 398, 320, 430, 382, 355, 383, 356, 358, 405, 431, 336, 338, 435, 420, 345, 371, 379, 310, 332, 389, 348, 352, 393, 375, 312, 354, 361, 775, 816, 325, 446, 335, 432, 327, 425, 360, 376, 437, 374, 436, 331, 440, 337, 380, 862, 860, 898, 768, 806, 825, 322, 414, 416, 404, 442], [301, 357, 362, 407, 350, 443, 363, 307, 388, 403, 308, 402, 378, 394, 400, 423, 329, 397, 433, 366, 365, 409, 413, 302, 324, 340, 344, 445, 305, 426, 318, 326, 330, 449, 364, 328, 439, 319, 372, 343, 444, 387, 303, 367, 381, 391, 359, 370, 441, 418, 421, 406, 411, 317, 408, 341, 386, 395, 368, 424, 427, 309, 321, 156, 242, 291, 197, 200, 205, 202, 194, 196, 267, 21, 482, 134, 74, 491, 501, 562]]","[0.1590641090006102, 0.13776977700035786, 0.2942155710006773, 0.1438249199964048, 0.13050026500059175, 0.08306126599927666, 0.25447223899755045]","[1.27383258899863, 2.8345596870021836, 2.4015539110005193, 3.2510928709998552, 5.947576868002216, 0.18731234799997765, 0.04696381900066626]","[""OPTIMAL"", ""OPTIMAL"", ""OPTIMAL"", ""OPTIMAL"", ""OPTIMAL"", ""OPTIMAL"", ""OPTIMAL""]","[82.0, 100.0, 46.0, 87.0, 108.0, 46.0, 14.0]","[82.0, 100.0, 46.0, 87.0, 108.0, 46.0, 14.0]","[0.10592620899842586, 0.010127481000381522, 0.010214563997578807]","[278, 928, 1545]",1545.0,"[0.13750697200157447, 0.17336007799895015, 0.13773900399974082]","[0.0700035760019091, 0.8965835189992504, 0.7671472809997795]","[0.0013201910005591344, 0.06471841399979894, 4.815608853998128]",OPTIMAL,483.0,483.0,576.0,576.0,8.159722222222221,26.41744027899768
62,6,150,4500,750,0,10,706,1800,4.930678053999145,[1.1371688440012804],[1800.0475317759992],TIME_LIMIT,520.0,512.0,0.0153846153846153,"[20.325447066999914, 20.78110648099755, 20.78733296700011, 21.288687715998094, 23.333718327998213, 23.55683569499888, 27.70998940899881, 34.70466795899847, 35.48536681399855, 37.32899896699746, 45.21851348099881, 84.12715377099812, 84.12862251600018, 84.77374108399817, 103.16834576999827, 109.5749106009971, 189.8988859029996, 352.97210219599947, 352.9749113839971, 352.9777072459983, 1800.0454962919976]","[540.0, 536.0, 535.0, 533.0, 532.0, 531.0, 530.0, 529.0, 528.0, 527.0, 526.0, 525.0, 524.0, 523.0, 522.0, 521.0, 520.0, 520.0, 521.0, 522.0, 520.0]",1801.1847006200005,7,0.9167037971688814,"[0.9498113674315047, 0.9906094045638675, 0.9947181765771221, 0.9511537551523604, 0.6959569877259383, 0.6968164263189597, 0.5534416403981621]","[0.25903860076423696, 0.178305651602724, 0.34514556182292067, 0.1569920959018704, 0.22040581717124497, 0.14877608405022083, 0.05635193407551299]","[194.27895057317772, 132.83771044402937, 257.1334435580759, 115.38919048787476, 102.48870498462891, 65.46147698209717, 34.938199126818056]","[1.903409090909091, 1.718181818181818, 2.2, 1.6954545454545453, 2.18125, 1.878409090909091, 1.5545454545454547]",1040.2355168294569,137.70784067275486,2.2,0.0306017423717233,0.1323814063687648,1.4011464180002804,0.6598892830006662,"[750, 745, 745, 735, 465, 440, 620]","[[300, 376, 411, 349, 337, 340, 428, 363, 434, 327, 773, 360, 355, 366, 419, 414, 445, 777, 301, 341, 344, 430, 315, 342, 319, 367, 328, 373, 401, 426, 306, 359, 311, 343, 421, 438, 757, 320, 396, 348, 313, 440, 336, 424, 397, 316, 365, 432, 386, 318, 389, 364, 379, 431, 439, 442, 326, 393, 354, 449, 377, 381, 446, 330, 404, 418, 423, 334, 335, 378, 303, 383, 413, 333, 409, 310, 323, 433, 339, 371, 332, 399, 304, 385, 416, 322, 321, 382, 325, 402, 415, 305, 408, 387, 358, 410, 302, 314, 436, 422, 346, 395, 394, 312, 392, 425, 390, 353, 444, 338, 380, 420, 441, 356, 417, 407, 447, 307, 403, 429, 308, 345, 324, 352, 398, 317, 388, 329, 405, 372, 391, 427, 347, 357, 370, 412, 437, 443, 350, 374, 400, 351, 362, 406, 361, 369, 435, 384, 368, 375], [450, 547, 462, 535, 500, 554, 525, 508, 452, 483, 570, 494, 530, 454, 596, 484, 548, 536, 578, 457, 518, 497, 526, 544, 460, 502, 579, 463, 481, 534, 522, 551, 561, 486, 531, 507, 566, 506, 512, 469, 470, 569, 511, 539, 540, 514, 473, 509, 553, 501, 521, 477, 552, 562, 568, 499, 498, 563, 471, 516, 487, 490, 560, 599, 464, 472, 485, 594, 489, 575, 581, 493, 482, 585, 573, 586, 590, 564, 593, 451, 524, 474, 582, 476, 541, 558, 576, 488, 574, 513, 588, 505, 580, 538, 529, 453, 545, 598, 467, 520, 528, 567, 456, 492, 510, 480, 495, 479, 491, 537, 455, 503, 595, 527, 565, 515, 466, 557, 523, 519, 597, 542, 543, 583, 458, 550, 592, 556, 577, 504, 549, 517, 559, 584, 459, 546, 465, 475, 555, 533, 461, 587, 572, 468, 478, 496, 571, 589, 591], [0, 7, 10, 146, 51, 134, 131, 129, 3, 97, 44, 17, 149, 19, 145, 65, 143, 42, 55, 96, 70, 126, 81, 144, 67, 89, 117, 75, 20, 31, 22, 98, 58, 115, 136, 28, 43, 137, 59, 87, 29, 88, 40, 128, 45, 86, 123, 62, 100, 114, 93, 99, 148, 64, 85, 111, 94, 4, 18, 52, 71, 35, 49, 130, 38, 48, 102, 132, 53, 135, 8, 133, 24, 106, 95, 101, 16, 109, 50, 112, 104, 122, 21, 141, 25, 80, 105, 1, 79, 6, 9, 12, 142, 26, 36, 37, 66, 56, 63, 5, 78, 83, 13, 60, 147, 14, 61, 27, 119, 57, 140, 84, 125, 2, 33, 116, 110, 15, 32, 69, 74, 139, 41, 91, 23, 46, 11, 108, 39, 124, 72, 73, 103, 34, 90, 47, 77, 68, 138, 54, 118, 76, 120, 121, 107, 113, 82, 92, 127], [618, 767, 781, 854, 772, 810, 872, 797, 892, 811, 828, 816, 821, 775, 789, 796, 869, 830, 848, 754, 808, 792, 805, 874, 761, 899, 798, 801, 867, 804, 814, 881, 823, 812, 871, 750, 877, 756, 838, 779, 751, 780, 809, 858, 890, 865, 803, 862, 850, 836, 884, 752, 759, 807, 883, 887, 784, 853, 782, 861, 788, 891, 817, 755, 774, 882, 764, 856, 885, 765, 879, 806, 897, 827, 831, 753, 837, 786, 795, 760, 866, 762, 824, 758, 785, 820, 794, 771, 849, 787, 888, 889, 778, 876, 842, 829, 840, 894, 835, 793, 852, 826, 834, 763, 822, 790, 813, 843, 896, 857, 799, 860, 846, 859, 766, 783, 847, 776, 864, 800, 863, 893, 818, 825, 841, 770, 886, 895, 768, 845, 851, 875, 833, 819, 855, 898, 873, 769, 815, 844, 791, 832, 868, 870, 802, 880, 878], [150, 285, 188, 207, 239, 201, 290, 154, 254, 299, 171, 249, 173, 309, 233, 206, 228, 248, 153, 274, 280, 159, 258, 198, 232, 289, 200, 227, 252, 270, 194, 230, 156, 205, 163, 164, 275, 209, 211, 257, 261, 279, 202, 281, 235, 212, 245, 219, 225, 265, 272, 157, 166, 169, 229, 177, 224, 295, 165, 269, 190, 283, 284, 203, 247, 286, 260, 267, 298, 167, 237, 183, 240, 178, 255, 244, 262, 297, 197, 226, 187, 193, 268, 170, 181, 234, 174, 271, 182, 241, 216, 448, 331], [600, 732, 749, 612, 680, 722, 653, 661, 673, 676, 839, 608, 641, 688, 706, 620, 675, 698, 745, 609, 636, 692, 655, 697, 615, 689, 634, 670, 709, 699, 708, 611, 735, 640, 623, 658, 737, 651, 741, 728, 733, 626, 679, 695, 714, 715, 625, 736, 657, 628, 637, 678, 705, 720, 613, 743, 726, 646, 684, 616, 648, 712, 742, 602, 607, 669, 649, 704, 652, 725, 700, 606, 683, 650, 668, 621, 731, 729, 647, 727, 721, 666, 664, 687, 748, 682, 691, 702], [532, 730, 614, 656, 622, 629, 633, 665, 639, 717, 672, 686, 724, 603, 671, 694, 624, 696, 635, 674, 739, 707, 627, 632, 740, 693, 711, 604, 734, 638, 719, 681, 619, 663, 723, 601, 644, 718, 738, 662, 617, 642, 643, 747, 746, 667, 605, 677, 690, 701, 710, 744, 716, 610, 645, 654, 659, 713, 685, 630, 631, 660, 703, 30, 184, 199, 242, 259, 251, 175, 236, 204, 151, 218, 191, 278, 223, 179, 273, 264, 152, 168, 180, 161, 296, 162, 185, 250, 266, 253, 292, 155, 217, 172, 215, 263, 208, 231, 189, 196, 160, 276, 282, 246, 288, 176, 220, 221, 238, 186, 213, 195, 214, 158, 291, 294, 192, 256, 210, 243, 287, 277, 293, 222]]","[0.13281103999906918, 0.14791315899856272, 0.13575369799946202, 0.14049023899860913, 0.405758896999032, 0.09442732299794443, 0.13836422199892695]","[2.4064354069996625, 3.3229253829995287, 37.24280428899874, 2.427001724998263, 0.2551552539989643, 0.11561335000078543, 0.08014262799770222]","[""OPTIMAL"", ""OPTIMAL"", ""OPTIMAL"", ""OPTIMAL"", ""OPTIMAL"", ""OPTIMAL"", ""OPTIMAL""]","[87.0, 91.0, 129.0, 66.0, 28.0, 25.0, 23.0]","[87.0, 90.99999999999999, 129.0, 66.0, 28.0, 25.0, 23.0]","[0.09968374899835908, 0.010925268001301447, 0.010533689997828333]","[310, 797, 1254]",1254.0,"[0.1427205479994882, 0.1322403320009471, 0.10682119500052067]","[0.07935314800124615, 0.5153856659999292, 0.882466489001672]","[0.0017462170035287272, 0.05201526499877218, 4.133383014002902]",OPTIMAL,449.0,449.0,563.0,563.0,7.63765541740675,55.273906895992695
62,6,150,4500,750,0,10,707,1800,5.108391048001067,[1.169419227000617],[1800.056357708003],TIME_LIMIT,527.0,523.0,0.0075901328273244,"[2.776915177000774, 2.813862007998978, 2.81527082699904, 2.99867990599887, 3.0105642179987626, 3.0252143959987734, 3.027876821000973, 3.041476432001218, 4.005085365999548, 4.02959697299957, 4.030843476000882, 4.058265343999665, 4.06131970700153, 4.084994578999613, 4.088039001999277, 4.832987280002271, 4.835876327000733, 4.838414099001966, 4.856832031000522, 5.891425623001851, 10.945816962001118, 10.972540191000007, 11.036307469999883, 11.116342683999392, 11.21226454600037, 11.282288807000441, 11.283832606000942, 11.388661695000337, 11.550753870000335, 21.143266820999997, 23.57784071200149, 42.972553649000474, 49.88752490900151, 173.16369197899985, 455.0576781839991, 455.0604372170019, 455.0631194580019, 610.6668932840003, 1800.0542748209991]","[887.0, 776.0, 775.0, 623.0, 587.0, 574.0, 573.0, 570.0, 557.0, 556.0, 555.0, 554.0, 553.0, 551.0, 550.0, 549.0, 547.0, 546.0, 543.0, 542.0, 541.0, 540.0, 539.0, 538.0, 537.0, 536.0, 535.0, 534.0, 533.0, 532.0, 531.0, 530.0, 529.0, 528.0, 528.0, 529.0, 530.0, 527.0, 527.0]",1801.2257769350035,7,0.944929614246152,"[0.9290965359973938, 0.9755464413164155, 0.9778528528528528, 0.8884365577972878, 0.9229368575624082, 0.8405701669442616, 0.5253342670764761]","[0.23143788657602998, 0.25746990540713394, 0.30043790665572706, 0.12775416058379843, 0.21982722122697101, 0.16550316391473285, 0.0687576836648044]","[172.42122549914234, 191.81507952831478, 222.32405092523803, 92.62176642325386, 152.77991875274486, 91.02674015310306, 20.627305099441323]","[1.9, 1.85, 2.026223776223776, 2.0272727272727273, 1.8863636363636362, 1.8332887700534761, 1.5538461538461539]",998.298098483138,54.682012101899886,2.027272727272728,0.0121515582448666,0.0547752341559415,1.4854902340011904,0.6664254280003661,"[745, 745, 740, 725, 695, 550, 300]","[[150, 703, 194, 248, 152, 161, 222, 242, 224, 289, 228, 190, 220, 204, 215, 274, 260, 214, 157, 225, 251, 290, 209, 239, 268, 184, 166, 207, 238, 216, 256, 208, 179, 211, 244, 281, 285, 153, 199, 246, 297, 255, 189, 259, 229, 160, 227, 185, 298, 158, 223, 257, 737, 167, 200, 187, 233, 610, 698, 723, 280, 162, 172, 324, 263, 356, 321, 180, 186, 295, 173, 270, 217, 276, 168, 212, 197, 240, 219, 282, 192, 287, 170, 269, 203, 293, 271, 277, 151, 175, 264, 226, 235, 241, 156, 181, 275, 278, 171, 250, 188, 254, 195, 252, 178, 202, 291, 253, 286, 292, 249, 176, 205, 234, 258, 183, 245, 261, 262, 283, 154, 206, 159, 198, 213, 284, 266, 210, 231, 164, 201, 247, 155, 273, 265, 267, 193, 296, 294, 196, 165, 221, 243, 230, 272, 169, 182, 191, 236], [140, 497, 596, 453, 503, 583, 546, 550, 513, 579, 516, 567, 523, 451, 549, 556, 560, 470, 527, 452, 547, 504, 526, 545, 456, 486, 581, 540, 551, 495, 459, 484, 492, 555, 589, 574, 468, 539, 561, 482, 496, 450, 524, 565, 463, 475, 570, 455, 511, 494, 537, 538, 577, 477, 515, 522, 501, 578, 543, 512, 532, 541, 559, 454, 518, 502, 572, 469, 498, 509, 520, 529, 465, 478, 571, 487, 575, 491, 586, 588, 507, 553, 566, 598, 457, 479, 599, 458, 552, 573, 488, 558, 525, 460, 557, 563, 595, 499, 471, 506, 530, 517, 593, 473, 580, 461, 472, 519, 590, 462, 483, 591, 493, 554, 536, 585, 464, 569, 510, 534, 535, 466, 564, 474, 476, 544, 490, 597, 467, 533, 592, 480, 542, 481, 521, 562, 485, 568, 528, 505, 489, 514, 576, 531, 582, 548, 500, 508, 587], [218, 352, 418, 322, 369, 373, 334, 419, 448, 372, 300, 327, 394, 325, 343, 305, 353, 417, 401, 318, 375, 398, 307, 382, 340, 355, 354, 301, 358, 385, 408, 304, 320, 329, 370, 312, 379, 308, 393, 403, 333, 425, 447, 378, 346, 306, 432, 416, 347, 391, 412, 323, 404, 402, 441, 427, 433, 336, 421, 426, 359, 397, 413, 380, 310, 350, 388, 442, 445, 311, 436, 317, 434, 428, 423, 437, 384, 332, 341, 387, 348, 422, 302, 362, 331, 345, 319, 377, 365, 414, 339, 309, 395, 420, 444, 314, 316, 337, 349, 400, 342, 374, 430, 435, 438, 440, 363, 357, 431, 364, 368, 366, 399, 407, 415, 367, 386, 303, 313, 439, 449, 360, 446, 328, 406, 409, 361, 411, 315, 376, 429, 351, 443, 330, 396, 326, 371, 390, 392, 338, 335, 381, 410, 383, 389, 424, 344, 405], [163, 660, 237, 299, 629, 659, 673, 704, 683, 709, 641, 701, 665, 232, 693, 670, 729, 606, 626, 635, 684, 718, 734, 600, 639, 657, 706, 677, 675, 618, 725, 720, 645, 728, 735, 619, 741, 625, 695, 890, 640, 715, 668, 739, 744, 652, 594, 716, 620, 604, 676, 743, 615, 616, 672, 678, 736, 711, 607, 732, 658, 699, 609, 636, 612, 722, 628, 667, 656, 727, 717, 719, 603, 634, 648, 726, 654, 702, 707, 647, 649, 682, 638, 644, 746, 601, 631, 650, 689, 681, 696, 710, 697, 608, 712, 642, 700, 705, 748, 611, 627, 602, 733, 749, 724, 622, 713, 661, 666, 614, 671, 679, 617, 738, 690, 655, 632, 633, 730, 745, 664, 721, 651, 688, 623, 653, 731, 714, 680, 686, 708, 692, 747, 637, 646, 662, 740, 605, 663, 674, 624, 685, 687, 694, 742], [0, 67, 119, 83, 93, 92, 25, 24, 111, 58, 109, 112, 174, 279, 9, 100, 138, 110, 61, 84, 106, 105, 22, 37, 2, 128, 10, 129, 82, 51, 18, 113, 120, 177, 141, 3, 60, 90, 118, 75, 96, 101, 143, 20, 35, 115, 114, 104, 80, 12, 31, 79, 45, 68, 48, 50, 49, 97, 134, 78, 132, 142, 86, 94, 117, 23, 87, 127, 30, 126, 29, 70, 38, 41, 139, 26, 28, 145, 43, 95, 125, 131, 149, 4, 72, 39, 17, 62, 64, 116, 135, 77, 99, 32, 103, 108, 7, 85, 34, 36, 91, 124, 65, 130, 107, 584, 13, 56, 148, 33, 76, 14, 146, 54, 73, 44, 123, 52, 137, 19, 63, 47, 144, 55, 81, 121, 5, 27, 74, 59, 71, 102, 98, 11, 147, 6, 15, 8, 57], [288, 887, 897, 786, 765, 859, 784, 837, 888, 863, 815, 756, 806, 871, 761, 773, 877, 893, 767, 805, 813, 847, 757, 855, 896, 770, 868, 810, 771, 898, 817, 882, 766, 816, 842, 799, 885, 829, 854, 751, 819, 838, 763, 778, 852, 793, 860, 835, 836, 869, 774, 782, 800, 889, 787, 864, 754, 895, 758, 783, 841, 794, 808, 790, 883, 824, 802, 844, 818, 752, 759, 798, 826, 848, 867, 807, 881, 812, 823, 878, 899, 791, 874, 814, 853, 760, 795, 884, 789, 894, 788, 846, 875, 879, 821, 768, 779, 780, 792, 755, 891, 851, 809, 775, 840, 825, 781, 827, 849, 892], [613, 621, 876, 643, 796, 630, 769, 797, 843, 772, 785, 691, 820, 866, 669, 858, 850, 764, 857, 886, 862, 861, 828, 870, 750, 856, 872, 753, 804, 762, 834, 776, 865, 801, 811, 831, 830, 777, 822, 832, 845, 880, 833, 839, 803, 873, 1, 42, 16, 21, 46, 136, 66, 133, 88, 40, 69, 53, 122, 89]]","[0.14425855700028478, 0.4616354469981161, 0.13448350899852812, 0.1506611669974518, 0.13523965499916812, 0.10405345700200996, 0.067371599998296]","[2.8958462009977666, 2.0680379810000886, 10.585453002000577, 0.8490468730014982, 0.6386958440016315, 0.3167367220012238, 0.02532430299834232]","[""OPTIMAL"", ""OPTIMAL"", ""OPTIMAL"", ""OPTIMAL"", ""OPTIMAL"", ""OPTIMAL"", ""OPTIMAL""]","[86.0, 88.0, 127.0, 48.0, 91.0, 52.0, 5.0]","[86.0, 88.0, 127.0, 48.0, 91.0, 52.0, 5.0]","[0.10531757400167407, 0.011512666998896748, 0.011658245999569772]","[248, 829, 1404]",1404.0,"[0.11923520699929213, 0.15121912299946416, 0.1330467600018892]","[0.3821517930009577, 0.5973764260015741, 1.0353699190018233]","[0.0015478599998459686, 0.09462466400145786, 2.505731562996516]",OPTIMAL,497.0,497.0,586.0,586.0,10.06825938566553,25.8775517819995
62,6,150,4500,750,0,10,708,1800,5.453014629998506,[1.2275082189989917],[1800.048698628998],TIME_LIMIT,466.0,458.0,0.0171673819742489,"[2.5329278350000095, 2.5337010380026186, 2.534416071001033, 2.5352118730006623, 2.5359680360015773, 2.536713454002893, 2.5374371739999333, 2.5381529240003147, 2.5388726930032135, 2.5395936020031513, 2.540320063002582, 2.541057105001528, 2.541823089002719, 2.5425678780011367, 2.5433033850022184, 2.5440390360017773, 3.1243235530018865, 3.1294658010010608, 3.1307317890023114, 3.1331390500017733, 4.048681757001759, 4.052266397000494, 4.684927198002697, 4.690187476000574, 4.696591128002183, 5.676639594003063, 5.698133072000928, 10.41624955700172, 10.44972837500245, 10.580565642001602, 10.641033092000725, 10.885538422000536, 10.94627488000333, 24.462418525999965, 34.2618617420012, 40.87065330600308, 42.07870288600316, 42.081425049000245, 64.33874610300336, 115.60331934400165, 1800.0466391290029]","[674.0, 620.0, 591.0, 590.0, 553.0, 539.0, 531.0, 530.0, 523.0, 522.0, 521.0, 520.0, 519.0, 516.0, 513.0, 508.0, 501.0, 500.0, 495.0, 494.0, 490.0, 489.0, 483.0, 482.0, 481.0, 480.0, 479.0, 478.0, 477.0, 476.0, 475.0, 474.0, 473.0, 472.0, 471.0, 470.0, 469.0, 468.0, 467.0, 466.0, 466.0]",1801.276206847997,7,0.9179013688002868,"[0.9629181730230664, 0.9888386723340564, 0.9648073239405698, 0.8765668632680917, 0.8350739331261076, 0.6998139980668795, 0.5737435213041953]","[0.12492933527762916, 0.20573052521581933, 0.2891211498948129, 0.239534796491142, 0.13245989737336994, 0.1715229215229215, 0.16337816595169535]","[93.07235478183372, 152.2405886597063, 211.05843942321343, 152.10459577187518, 79.47593842402196, 78.04292929292929, 97.21000874125873]","[1.6166666666666665, 1.718181818181818, 2.081818181818182, 2.172727272727273, 1.675, 2.0375, 2.0]",991.269139279866,128.06428418502742,2.2,0.0284587298188949,0.129192243670507,1.5988378189977084,0.6715203749990906,"[745, 740, 730, 635, 600, 455, 595]","[[284, 682, 634, 649, 701, 690, 747, 600, 738, 646, 648, 723, 625, 658, 629, 644, 610, 666, 617, 633, 612, 659, 734, 726, 613, 688, 618, 680, 637, 624, 671, 632, 656, 664, 725, 662, 683, 746, 696, 604, 640, 641, 643, 667, 697, 693, 670, 719, 603, 605, 720, 704, 748, 620, 707, 647, 607, 653, 741, 631, 657, 699, 608, 705, 737, 642, 665, 691, 729, 724, 654, 700, 660, 731, 733, 676, 675, 606, 611, 749, 674, 711, 689, 716, 715, 718, 732, 619, 638, 687, 721, 636, 713, 663, 677, 695, 703, 609, 621, 714, 626, 722, 692, 615, 628, 601, 679, 727, 757, 758, 645, 739, 736, 710, 681, 708, 623, 673, 717, 672, 627, 740, 742, 709, 728, 744, 635, 602, 712, 661, 685, 702, 622, 694, 668, 730, 743, 745, 630, 614, 652, 684, 698, 639, 650, 651, 616, 678, 598], [450, 484, 592, 473, 495, 553, 571, 581, 564, 471, 540, 498, 551, 586, 517, 525, 534, 453, 472, 588, 456, 522, 477, 469, 570, 492, 462, 548, 543, 555, 572, 483, 489, 502, 575, 454, 587, 482, 514, 538, 542, 466, 533, 559, 597, 520, 528, 455, 500, 486, 491, 584, 591, 459, 485, 596, 480, 465, 519, 481, 490, 499, 550, 544, 558, 451, 594, 566, 579, 474, 504, 518, 541, 563, 479, 573, 509, 589, 461, 476, 496, 530, 494, 497, 532, 562, 452, 493, 458, 516, 537, 460, 475, 547, 515, 523, 463, 467, 512, 576, 487, 568, 468, 524, 557, 574, 501, 510, 567, 593, 513, 561, 595, 457, 470, 506, 546, 552, 583, 511, 464, 580, 503, 531, 488, 554, 578, 478, 508, 505, 549, 507, 527, 590, 556, 585, 569, 521, 545, 526, 529, 535, 536, 539, 577, 565, 599, 560], [300, 357, 443, 309, 366, 399, 412, 422, 383, 347, 320, 404, 323, 355, 397, 372, 376, 420, 380, 441, 438, 334, 367, 413, 449, 305, 426, 445, 344, 400, 349, 353, 398, 312, 340, 390, 364, 381, 302, 382, 405, 439, 448, 314, 421, 330, 427, 343, 379, 406, 303, 327, 444, 411, 342, 430, 362, 425, 304, 375, 306, 387, 308, 345, 374, 358, 359, 417, 437, 313, 336, 329, 416, 341, 365, 442, 373, 311, 315, 401, 424, 319, 395, 351, 352, 432, 333, 335, 396, 354, 386, 392, 393, 307, 316, 361, 385, 325, 429, 388, 332, 431, 350, 414, 409, 436, 369, 410, 433, 324, 384, 370, 377, 338, 402, 348, 440, 360, 435, 321, 346, 419, 403, 322, 371, 446, 391, 434, 337, 339, 378, 428, 301, 317, 326, 318, 407, 363, 418, 394, 408, 310, 331, 415, 356, 389], [151, 217, 213, 274, 201, 261, 233, 242, 260, 286, 204, 253, 249, 258, 265, 285, 254, 257, 294, 174, 246, 272, 175, 211, 185, 222, 248, 227, 153, 273, 299, 263, 293, 156, 278, 192, 226, 172, 220, 262, 225, 276, 203, 236, 196, 271, 291, 157, 283, 186, 275, 160, 277, 194, 235, 176, 268, 240, 295, 247, 154, 208, 266, 158, 218, 267, 238, 190, 281, 297, 202, 221, 250, 187, 223, 228, 159, 195, 255, 189, 256, 288, 166, 216, 219, 252, 165, 171, 269, 215, 292, 163, 197, 205, 245, 161, 296, 181, 243, 241, 279, 177, 184, 230, 280, 298, 164, 244, 168, 182, 232, 259, 169, 180, 270, 152, 198, 234, 229, 264, 290, 191, 237, 655, 199, 209, 735], [0, 59, 16, 141, 67, 5, 28, 45, 80, 65, 120, 149, 33, 35, 68, 43, 91, 12, 139, 113, 138, 4, 17, 87, 52, 69, 145, 23, 112, 47, 129, 136, 39, 98, 44, 82, 94, 15, 74, 95, 25, 57, 8, 132, 42, 103, 121, 27, 54, 38, 3, 10, 148, 56, 144, 9, 51, 31, 88, 146, 41, 89, 135, 6, 123, 125, 11, 102, 99, 13, 34, 64, 14, 96, 110, 114, 137, 48, 76, 7, 32, 143, 22, 116, 117, 58, 90, 130, 71, 142, 122, 127, 26, 46, 86, 37, 49, 140, 50, 100, 101, 18, 73, 79, 147, 582, 66, 83, 29, 53, 115, 126, 97, 109, 72, 131, 78, 92, 118, 128], [423, 447, 849, 842, 778, 760, 828, 898, 832, 788, 780, 882, 893, 801, 899, 869, 825, 750, 759, 809, 875, 880, 814, 783, 872, 844, 855, 762, 871, 817, 843, 858, 826, 752, 818, 861, 870, 793, 822, 894, 854, 831, 808, 833, 892, 848, 813, 853, 883, 887, 845, 886, 754, 862, 772, 773, 790, 798, 777, 820, 885, 816, 837, 863, 835, 895, 786, 803, 836, 764, 823, 796, 867, 765, 804, 775, 879, 884, 802, 888, 779, 890, 774, 795, 812, 829, 874, 873, 776, 807, 805], [368, 785, 669, 706, 838, 847, 751, 761, 851, 789, 797, 891, 806, 856, 815, 756, 834, 771, 864, 766, 810, 866, 787, 769, 860, 868, 897, 799, 877, 811, 881, 839, 896, 767, 770, 852, 781, 850, 782, 859, 889, 792, 865, 857, 876, 753, 841, 784, 763, 840, 791, 755, 827, 830, 768, 794, 878, 800, 819, 824, 821, 846, 1, 81, 106, 179, 24, 107, 36, 124, 111, 20, 61, 60, 2, 70, 105, 85, 119, 19, 55, 104, 133, 77, 62, 84, 108, 21, 75, 40, 63, 30, 178, 93, 134, 200, 150, 193, 173, 167, 231, 287, 686, 289, 239, 251, 328, 162, 210, 224, 170, 282, 206, 207, 183, 188, 214, 155, 212]]","[0.15710550400035572, 0.1444064890019945, 0.5015706699996372, 0.1250072960028774, 0.11951414299983298, 0.09198912599822506, 0.14016795300267404]","[0.6408607560006203, 1.523422574999131, 3.9760542180010816, 1.8897291180001048, 0.7736513460004062, 0.12893061400245642, 0.20249374699778855]","[""OPTIMAL"", ""OPTIMAL"", ""OPTIMAL"", ""OPTIMAL"", ""OPTIMAL"", ""OPTIMAL"", ""OPTIMAL""]","[72.0, 78.0, 103.0, 58.0, 49.0, 26.0, 23.0]","[72.0, 78.0, 103.0, 58.0, 49.0, 26.0, 23.0]","[0.10831523799788556, 0.011484226997708902, 0.011974542998359539]","[370, 914, 1442]",1442.0,"[0.17657108200000948, 0.14862620300118579, 0.122783693997917]","[0.10642937699958566, 0.9705045919981785, 0.7051558009989094]","[0.0021971740025037434, 0.05973017200085451, 79.56404686699898]",OPTIMAL,409.0,409.0,521.0,521.0,10.55662188099808,94.67308071899606
62,6,150,4500,750,0,10,709,1800,6.661751430998265,[1.2842903300006583],[1800.0352564450004],TIME_LIMIT,533.0,528.0,0.0093808630393996,"[17.7244152509993, 17.7311553239997, 21.278568489000463, 32.469325714999286, 32.47361596100018, 33.67917825300174, 58.16448114300147, 82.05306392800048, 158.0646050130017, 377.0921032570004, 1800.033146443002]","[549.0, 542.0, 541.0, 540.0, 539.0, 537.0, 536.0, 535.0, 534.0, 533.0, 533.0]",1801.319546775001,7,0.9505991385469614,"[0.9385034080022455, 0.965212184209337, 0.9749998701157009, 0.9559626023516002, 0.9056005568915327, 0.8088792833700817, 0.5176963124314471]","[0.13789015255980863, 0.27206812679642967, 0.2682617179643193, 0.259024385488641, 0.14845735628428228, 0.19130795706180329, 0.0551038518174068]","[103.41761441985648, 201.33041382935795, 198.51367129359627, 189.0878014067079, 108.37387008752607, 107.13245595460984, 13.7759629543517]","[1.85, 2.0136363636363637, 1.8842105263157893, 2.0454545454545454, 1.892857142857143, 2.05, 1.591699604743083]",952.8175722542148,31.185782308208445,2.05,0.0069301738462685,0.0327300662963164,1.6772035859976313,0.6673044939998363,"[750, 740, 740, 730, 730, 560, 250]","[[22, 461, 52, 554, 582, 477, 535, 490, 483, 492, 578, 572, 587, 565, 596, 456, 540, 486, 579, 559, 590, 459, 476, 460, 496, 468, 481, 466, 532, 589, 474, 573, 534, 523, 525, 597, 471, 502, 487, 491, 498, 451, 526, 518, 599, 544, 569, 482, 586, 531, 537, 566, 527, 530, 546, 452, 585, 478, 484, 568, 542, 558, 519, 560, 553, 453, 541, 543, 550, 480, 580, 501, 576, 493, 524, 510, 463, 479, 551, 503, 545, 513, 497, 691, 704, 709, 472, 506, 455, 509, 458, 570, 536, 556, 473, 504, 515, 581, 584, 583, 488, 507, 494, 594, 485, 547, 508, 598, 500, 557, 450, 505, 555, 499, 561, 457, 512, 521, 470, 475, 548, 467, 514, 591, 538, 595, 462, 465, 489, 564, 574, 588, 464, 495, 528, 539, 549, 552, 563, 454, 577, 575, 517, 567, 592, 520, 469, 562, 516, 571], [211, 221, 362, 304, 358, 308, 401, 318, 444, 315, 342, 393, 423, 429, 341, 411, 380, 400, 405, 349, 352, 415, 407, 428, 426, 319, 348, 359, 354, 365, 366, 390, 408, 310, 424, 328, 397, 331, 311, 446, 338, 374, 345, 327, 392, 425, 406, 443, 302, 350, 326, 441, 339, 305, 434, 351, 395, 427, 356, 433, 363, 404, 414, 300, 449, 312, 375, 436, 334, 442, 333, 410, 384, 317, 377, 368, 378, 301, 383, 320, 381, 306, 323, 330, 379, 314, 364, 335, 344, 447, 372, 388, 863, 346, 360, 422, 361, 413, 367, 382, 402, 409, 448, 303, 357, 370, 325, 419, 322, 373, 371, 324, 313, 337, 398, 336, 432, 399, 403, 435, 385, 437, 309, 396, 430, 418, 316, 386, 421, 332, 394, 347, 376, 387, 321, 340, 329, 431, 445, 355, 343, 438, 439, 440, 416, 420, 353, 412], [747, 770, 818, 855, 870, 836, 864, 750, 781, 796, 831, 763, 858, 793, 760, 762, 784, 841, 843, 776, 798, 829, 847, 892, 755, 817, 840, 811, 834, 832, 856, 766, 820, 839, 848, 897, 772, 891, 778, 782, 758, 780, 789, 786, 803, 823, 822, 854, 764, 826, 779, 898, 783, 768, 877, 874, 774, 851, 844, 801, 815, 882, 873, 880, 751, 872, 842, 809, 894, 878, 757, 777, 767, 883, 792, 869, 893, 752, 861, 788, 837, 852, 871, 773, 821, 791, 866, 802, 819, 828, 867, 899, 785, 881, 813, 759, 797, 868, 865, 806, 857, 896, 795, 808, 885, 754, 790, 812, 853, 771, 805, 888, 824, 887, 816, 876, 846, 800, 833, 804, 835, 756, 849, 830, 895, 875, 769, 810, 845, 890, 787, 753, 794, 886, 775, 860, 807, 814, 765, 799, 859, 850, 862, 827, 761, 879, 825, 889], [0, 59, 30, 27, 73, 31, 29, 145, 46, 103, 3, 108, 102, 36, 122, 147, 74, 19, 34, 143, 68, 116, 72, 60, 99, 1, 51, 105, 133, 25, 42, 75, 106, 8, 70, 43, 113, 4, 37, 114, 148, 26, 50, 57, 101, 131, 9, 66, 77, 79, 146, 33, 91, 84, 137, 104, 6, 134, 63, 14, 96, 100, 127, 529, 593, 2, 15, 132, 120, 110, 11, 97, 5, 10, 64, 35, 54, 71, 86, 130, 111, 115, 28, 123, 40, 69, 93, 121, 119, 56, 165, 23, 38, 41, 95, 49, 83, 149, 141, 82, 80, 107, 142, 136, 55, 129, 58, 76, 17, 44, 78, 144, 98, 81, 92, 32, 7, 109, 20, 125, 21, 511, 112, 12, 13, 94, 139, 16, 67, 140, 61, 87, 135, 24, 124, 118, 138, 62, 90, 48, 128, 39, 47, 89, 65, 117], [88, 252, 186, 195, 154, 240, 185, 164, 176, 294, 277, 167, 194, 246, 158, 187, 220, 197, 268, 280, 282, 207, 198, 263, 210, 233, 249, 209, 231, 283, 238, 253, 262, 229, 269, 248, 193, 168, 224, 236, 169, 225, 250, 291, 226, 296, 173, 222, 241, 217, 266, 150, 190, 227, 297, 279, 162, 264, 287, 155, 157, 214, 230, 159, 278, 199, 163, 183, 254, 265, 270, 288, 260, 237, 391, 274, 276, 172, 223, 275, 153, 192, 289, 179, 200, 299, 255, 216, 295, 242, 178, 243, 213, 218, 170, 417, 203, 369, 235, 293, 273, 284, 307, 189, 389, 205, 151, 272, 184, 188, 171, 234, 256, 285, 219, 292, 174, 290, 175, 182, 202, 259, 271, 245, 257, 152, 180, 251, 156, 177, 196, 161, 281, 160, 215, 191, 201, 212, 208, 286, 166, 204, 206, 228, 267, 232], [261, 298, 633, 727, 663, 732, 607, 621, 671, 675, 739, 622, 626, 636, 705, 696, 609, 646, 616, 662, 679, 644, 640, 651, 647, 737, 612, 643, 688, 624, 728, 714, 730, 615, 627, 686, 748, 618, 661, 720, 617, 669, 656, 694, 731, 721, 623, 711, 743, 600, 652, 744, 680, 658, 677, 700, 716, 708, 630, 654, 692, 631, 724, 635, 668, 637, 703, 690, 707, 726, 601, 613, 655, 634, 650, 673, 610, 725, 649, 620, 740, 676, 698, 741, 625, 681, 638, 718, 701, 722, 642, 667, 614, 674, 693, 699, 632, 687, 736, 712, 619, 664, 723, 715, 629, 697, 678, 685, 719, 734, 682, 706], [181, 239, 683, 244, 258, 247, 702, 717, 729, 611, 695, 660, 742, 628, 745, 689, 648, 733, 522, 533, 684, 746, 602, 659, 603, 639, 604, 666, 606, 653, 713, 749, 605, 710, 672, 641, 735, 738, 657, 608, 670, 18, 45, 53, 85, 126, 645, 665, 884, 838]]","[0.15989220299888984, 0.13361383200026467, 0.5205475679977098, 0.1456887390013435, 0.14115736199892126, 0.12473639499876299, 0.0770823120001296]","[1.3701518810012203, 0.7686354470024526, 3.5641158999969775, 3.785354801999347, 0.6711763300008897, 0.18713071500314982, 0.022933133001060924]","[""OPTIMAL"", ""OPTIMAL"", ""OPTIMAL"", ""OPTIMAL"", ""OPTIMAL"", ""OPTIMAL"", ""OPTIMAL""]","[47.0, 125.0, 117.0, 118.0, 49.0, 25.0, 3.0]","[47.0, 125.0, 116.99999999999994, 118.0, 49.0, 25.0, 3.0]","[0.10491245099910884, 0.012236626000230899, 0.011813291999715148]","[241, 813, 1385]",1385.0,"[0.1266000349969545, 0.1584441869999864, 0.13528366299942718]","[0.06445400300071924, 0.9831707859993912, 0.7191559230013809]","[0.0013757070009887684, 0.05456349800078897, 0.4955563080002321]",OPTIMAL,484.0,484.0,584.0,584.0,8.732876712328768,16.88429117799751
62,7,150,5250,750,0,10,470,1800,7.661960017867386,[1.1858440299984068],[1800.0823475269135],TIME_LIMIT,547.0,539.0,0.0146252285191956,"[2.5519128141459078, 2.552759137004614, 2.553546744165942, 2.5544422261882573, 2.555361142149195, 2.55626497999765, 2.557143687037751, 2.55801231903024, 2.558911405969411, 2.9582813950255513, 2.9719737330451608, 2.973551116185263, 2.9753122101537883, 2.978676082100719, 3.0089535671286285, 3.0296060191467404, 3.032874471973628, 3.7462500161491334, 3.7487656571902335, 4.177758302073926, 4.178936382988468, 4.179837993113324, 4.4966423290316015, 4.510047048097476, 5.738968819146976, 6.693743356037885, 10.576278214110062, 10.58873427612707, 10.836982724023983, 10.880283615086228, 15.247844262048602, 15.529564696131274, 15.531360961031169, 18.62050257017836, 20.2849185441155, 21.902665897039697, 29.379146671155468, 30.5320617640391, 30.535654274979606, 30.53932846407406, 40.799933347152546, 1800.0800830749795]","[767.0, 700.0, 652.0, 627.0, 626.0, 625.0, 622.0, 621.0, 619.0, 603.0, 602.0, 581.0, 577.0, 576.0, 573.0, 572.0, 570.0, 569.0, 568.0, 567.0, 566.0, 565.0, 562.0, 561.0, 560.0, 559.0, 558.0, 557.0, 556.0, 555.0, 554.0, 553.0, 552.0, 551.0, 550.0, 549.0, 548.0, 548.0, 549.0, 550.0, 547.0, 547.0]",1801.268191556912,8,0.9529953893024168,"[0.9832371562740929, 0.9194829429028658, 0.9574737473747374, 0.9690349393075727, 0.9300329632773656, 0.9303032160934105, 0.7804677848620772, 0.5911628034864858]","[0.20921240782855732, 0.22174192077994748, 0.16726563954419418, 0.24643960146700705, 0.24364905733005915, 0.09199167663884221, 0.12441609618582464, 0.06077504309926185]","[156.90930587141798, 166.3064405849606, 124.61290146042467, 181.1331070782502, 176.6455665642929, 66.6939655631606, 62.20804809291232, 19.448013791763792]","[1.95, 2.05, 2.4, 2.0, 2.1, 1.6058823529411765, 1.9167763157894737, 1.4]",1006.4189020226388,52.46155301545548,2.4,0.0099926767648486,0.0521269551972537,3.3066796159837395,0.7843423038721085,"[750, 750, 745, 735, 725, 725, 500, 320]","[[515, 918, 1005, 989, 932, 1048, 951, 905, 967, 969, 972, 906, 1016, 1024, 941, 959, 953, 1018, 1027, 970, 1030, 986, 1002, 1049, 915, 973, 949, 1033, 995, 1039, 1023, 1042, 977, 992, 1008, 904, 910, 999, 954, 994, 1043, 1010, 983, 1013, 1017, 907, 956, 976, 1029, 943, 927, 914, 1019, 917, 1041, 929, 934, 909, 997, 998, 913, 984, 940, 965, 1044, 920, 939, 962, 988, 921, 1003, 963, 1004, 922, 964, 982, 930, 975, 1031, 968, 979, 1046, 928, 950, 1032, 1037, 1047, 900, 955, 996, 916, 981, 985, 931, 1011, 958, 1006, 1036, 901, 942, 1038, 935, 960, 911, 912, 1022, 945, 971, 946, 1015, 1025, 948, 957, 1007, 925, 936, 1009, 961, 987, 980, 902, 1026, 937, 1001, 1040, 1021, 938, 1034, 978, 1014, 908, 952, 923, 903, 1035, 926, 974, 947, 990, 919, 1000, 1020, 924, 991, 1012, 944, 966, 993, 1045, 1028], [0, 90, 1, 16, 109, 13, 14, 35, 52, 38, 64, 135, 17, 42, 117, 81, 66, 125, 3, 15, 30, 139, 25, 73, 5, 67, 130, 94, 46, 116, 103, 142, 32, 19, 51, 83, 82, 141, 4, 21, 71, 86, 99, 7, 56, 93, 107, 120, 43, 89, 129, 98, 74, 85, 92, 9, 132, 49, 70, 20, 44, 50, 95, 36, 137, 23, 62, 24, 80, 18, 119, 26, 136, 27, 37, 126, 47, 105, 102, 143, 55, 65, 88, 91, 12, 54, 87, 69, 29, 59, 118, 68, 72, 127, 2, 133, 114, 148, 33, 134, 11, 121, 48, 6, 122, 39, 110, 60, 106, 100, 108, 10, 76, 58, 45, 75, 79, 61, 112, 124, 40, 78, 77, 123, 101, 113, 140, 22, 28, 455, 459, 474, 494, 84, 97, 34, 165, 128, 196, 452, 495, 41, 115, 63, 146, 131, 145, 111, 138, 144], [415, 885, 752, 787, 883, 780, 890, 757, 879, 870, 876, 427, 795, 824, 797, 776, 836, 829, 878, 753, 772, 759, 774, 782, 874, 779, 800, 820, 431, 813, 765, 798, 898, 827, 843, 860, 856, 793, 815, 849, 880, 852, 864, 801, 802, 754, 770, 831, 840, 835, 881, 755, 778, 771, 756, 837, 760, 832, 763, 804, 899, 781, 794, 818, 868, 791, 816, 891, 811, 853, 841, 863, 777, 810, 889, 855, 788, 854, 807, 866, 826, 847, 838, 821, 869, 882, 830, 806, 867, 888, 872, 823, 825, 839, 857, 636, 859, 892, 858, 896, 894, 750, 808, 767, 875, 887, 851, 784, 893, 768, 792, 819, 861, 805, 871, 848, 822, 769, 803, 796, 786, 886, 895, 790, 873, 814, 877, 897, 845, 842, 884, 862, 751, 809, 865, 758, 783, 834, 761, 785, 812, 833, 789, 850, 762, 775, 764, 817, 844], [600, 670, 738, 688, 700, 606, 619, 679, 605, 673, 746, 610, 613, 659, 721, 720, 709, 734, 634, 685, 749, 615, 617, 651, 692, 648, 733, 658, 695, 722, 739, 737, 705, 712, 604, 637, 730, 624, 653, 728, 652, 725, 684, 623, 706, 740, 612, 631, 650, 741, 663, 683, 694, 616, 626, 662, 713, 625, 687, 732, 747, 665, 661, 731, 677, 698, 745, 641, 742, 657, 607, 647, 726, 693, 664, 714, 632, 710, 672, 601, 735, 676, 681, 696, 724, 618, 719, 671, 629, 744, 727, 678, 630, 655, 660, 642, 748, 697, 603, 707, 640, 669, 686, 644, 602, 701, 682, 621, 716, 654, 691, 608, 680, 643, 635, 667, 711, 646, 689, 609, 704, 708, 715, 622, 736, 645, 649, 702, 718, 614, 766, 620, 729, 628, 675, 743, 611, 668, 656, 690, 674, 699, 723, 627, 638, 639, 717], [210, 326, 261, 265, 330, 408, 301, 435, 307, 373, 376, 367, 406, 303, 436, 317, 381, 387, 336, 388, 312, 432, 440, 314, 425, 401, 304, 417, 429, 378, 339, 400, 369, 448, 341, 420, 356, 430, 442, 340, 403, 302, 371, 334, 364, 398, 327, 385, 310, 322, 377, 305, 370, 394, 325, 407, 346, 342, 428, 421, 343, 359, 382, 393, 444, 309, 412, 352, 354, 366, 318, 338, 329, 392, 332, 300, 411, 449, 319, 402, 321, 331, 414, 405, 357, 441, 348, 416, 384, 438, 396, 308, 353, 390, 419, 311, 320, 374, 439, 404, 315, 323, 360, 375, 362, 422, 351, 383, 372, 316, 386, 445, 335, 443, 368, 410, 391, 423, 355, 365, 413, 434, 328, 350, 349, 380, 397, 361, 337, 447, 344, 399, 437, 358, 409, 379, 306, 363, 424, 313, 324, 389, 395, 418, 433], [57, 462, 501, 487, 559, 564, 567, 486, 504, 544, 96, 500, 577, 457, 498, 472, 589, 458, 570, 514, 572, 516, 465, 533, 599, 469, 531, 522, 523, 586, 561, 596, 460, 562, 550, 546, 461, 556, 468, 470, 581, 478, 573, 503, 555, 568, 571, 578, 476, 490, 521, 535, 489, 493, 520, 557, 464, 593, 497, 560, 506, 528, 542, 576, 580, 595, 592, 467, 508, 510, 529, 481, 558, 518, 482, 485, 507, 534, 584, 492, 553, 541, 566, 499, 450, 588, 454, 545, 471, 517, 563, 483, 509, 488, 453, 540, 519, 505, 539, 552, 484, 536, 598, 511, 597, 548, 456, 480, 491, 538, 569, 466, 594, 526, 549, 479, 512, 463, 524, 551, 579, 574, 525, 473, 532, 585, 575, 582, 477, 565, 475, 496, 587, 513, 543, 527, 583, 591, 530, 547, 554, 502, 451, 590, 537], [8, 147, 104, 53, 149, 200, 242, 31, 231, 258, 213, 177, 291, 212, 229, 284, 218, 282, 290, 157, 225, 176, 295, 168, 255, 217, 250, 289, 271, 151, 238, 189, 248, 209, 287, 222, 273, 186, 228, 188, 201, 232, 227, 163, 204, 260, 277, 183, 226, 264, 194, 220, 262, 274, 279, 153, 216, 154, 191, 278, 166, 167, 173, 276, 184, 195, 269, 297, 172, 192, 174, 293, 219, 267, 187, 257, 206, 152, 288, 292, 155, 286, 156, 190, 263, 208, 161, 223, 253, 247, 182, 294, 202, 205, 275, 164, 281, 252, 203, 197], [150, 171, 193, 198, 237, 244, 246, 158, 221, 169, 285, 333, 178, 224, 345, 241, 181, 249, 179, 251, 299, 211, 214, 268, 283, 266, 296, 162, 170, 298, 703, 239, 259, 199, 234, 245, 240, 280, 254, 185, 230, 256, 175, 215, 272, 233, 180, 235, 236, 347, 446, 243, 426, 773, 799, 828, 846, 159, 160, 207, 270, 633, 666, 933]]","[0.13352042995393276, 0.34048726176843047, 0.13380013103596866, 0.13164407899603248, 0.3393279858864844, 0.13941547786816955, 0.09209925099276006, 0.0733581930398941]","[8.623851301148534, 2.173632251098752, 0.8303116008173674, 2.4571333250496536, 2.797630747081712, 0.5047680120915174, 0.2612686490174383, 0.04238667292520404]","[""OPTIMAL"", ""OPTIMAL"", ""OPTIMAL"", ""OPTIMAL"", ""OPTIMAL"", ""OPTIMAL"", ""OPTIMAL"", ""OPTIMAL""]","[82.0, 81.0, 80.0, 84.0, 104.0, 44.0, 30.0, 6.0]","[82.0, 81.0, 80.0, 84.0, 104.0, 44.0, 30.0, 6.0]","[0.12308133416809142, 0.01298415008932352, 0.013242720859125257]","[243, 790, 1339]",1339.0,"[0.12591953319497406, 0.151911101071164, 0.1326842459384352]","[0.059085600078105927, 0.7994996700435877, 0.9218904569279402]","[0.001250498928129673, 0.049548140028491616, 0.3520017140544951]",OPTIMAL,511.0,511.0,587.0,587.0,6.814310051107325,25.908756454009563
62,7,150,5250,750,0,10,471,1800,7.809578811982647,[1.4093122340273112],[1800.0386006659828],TIME_LIMIT,614.0,599.0,0.02442996742671,"[4.025011274032295, 4.025998804951087, 4.026782538974658, 4.02764154295437, 4.028468698030338, 4.029297301080078, 4.030121929012239, 4.0309429951012135, 4.031764331040904, 4.03259173897095, 4.0334118329919875, 4.034236160106957, 4.0351110270712525, 4.035990170901641, 4.036862473003566, 4.037740460131317, 4.462775643914938, 4.745156059041619, 4.750598907936364, 4.7520080311223865, 4.753820989979431, 4.756837131921202, 5.969917033100501, 7.16248555900529, 7.164228345034644, 8.210663629928604, 8.414258558070287, 8.416009738110006, 8.418320287950337, 8.419888897100464, 9.379213724983856, 9.38189922599122, 9.418241095962003, 10.105570731917396, 10.560927578015253, 11.695766115095466, 11.829216765938327, 12.206053873058408, 12.208235721103847, 13.30785198812373, 13.354713017120957, 13.55626338091679, 13.714597918093204, 13.982999969972298, 14.097601120127365, 14.245530951069668, 14.753201653948054, 14.980620201909915, 15.340939099900424, 27.162235514027998, 45.59135653707199, 60.50254067196511, 74.526681358926, 101.56029340508394, 123.10759387095459, 232.60804341291077, 280.1379841770977, 722.1486708149314, 806.6122902599163, 962.4639270510525, 1800.036236353917]","[1070.0, 962.0, 896.0, 890.0, 796.0, 774.0, 771.0, 758.0, 755.0, 752.0, 744.0, 734.0, 723.0, 722.0, 717.0, 709.0, 703.0, 682.0, 681.0, 677.0, 676.0, 674.0, 665.0, 661.0, 660.0, 655.0, 654.0, 653.0, 652.0, 651.0, 650.0, 649.0, 648.0, 647.0, 646.0, 641.0, 640.0, 638.0, 637.0, 635.0, 634.0, 633.0, 631.0, 630.0, 629.0, 628.0, 627.0, 626.0, 625.0, 624.0, 623.0, 622.0, 621.0, 620.0, 619.0, 618.0, 617.0, 616.0, 615.0, 614.0, 614.0]",1801.44791290001,8,0.9600495021657196,"[0.9908658476084863, 0.978109358346958, 0.9956655499211325, 0.9835736555994998, 0.9479973400173922, 0.9679443997173981, 0.7072336923405635, 0.6255574009763953]","[0.18269261579207405, 0.30867983373546026, 0.21692650471826672, 0.35795183245695184, 0.26645344308387797, 0.3182202388462397, 0.16398233409102972, 0.1444958135299045]","[137.01946184405554, 231.5098753015952, 162.69487853870004, 266.6741151804291, 197.17554788206968, 230.70967316352377, 75.43187368187367, 47.68361846486849]","[1.955263157894737, 2.05, 1.9, 2.2272727272727275, 1.95, 2.05, 1.868181818181818, 1.7227272727272727]",1448.065395067218,99.16635101010252,2.2272727272727275,0.018888828763829,0.0684819562347395,3.3089136769995093,0.7904623460490257,"[750, 750, 750, 745, 740, 725, 460, 330]","[[479, 972, 904, 1041, 963, 1035, 900, 1021, 996, 1025, 906, 1009, 1013, 959, 1023, 908, 979, 982, 1015, 1012, 1026, 914, 922, 988, 1022, 971, 960, 998, 1004, 952, 1001, 1031, 949, 1017, 929, 974, 986, 1016, 930, 945, 937, 969, 950, 984, 1008, 901, 942, 905, 992, 910, 936, 1033, 999, 957, 987, 961, 1010, 1005, 933, 1024, 934, 967, 902, 1049, 919, 975, 941, 985, 954, 1002, 1003, 1046, 977, 1042, 994, 1027, 907, 1006, 983, 938, 995, 990, 1048, 909, 951, 917, 1007, 924, 956, 913, 1044, 921, 931, 958, 923, 955, 1047, 918, 939, 1032, 932, 1045, 940, 989, 997, 1014, 962, 964, 903, 916, 1030, 920, 953, 1018, 1036, 1037, 948, 976, 925, 928, 946, 1034, 965, 978, 1019, 991, 1028, 911, 968, 981, 993, 927, 980, 943, 970, 1039, 935, 1020, 947, 966, 912, 944, 1011, 1040, 1043, 915, 1029, 973, 1000, 1038], [222, 366, 330, 381, 304, 386, 319, 339, 325, 314, 424, 410, 449, 326, 436, 342, 338, 349, 437, 353, 420, 401, 393, 301, 372, 402, 324, 334, 340, 429, 388, 430, 303, 316, 318, 382, 331, 374, 399, 416, 427, 364, 438, 309, 333, 431, 363, 413, 423, 336, 414, 408, 445, 341, 409, 397, 447, 302, 361, 435, 308, 348, 360, 370, 306, 346, 335, 384, 383, 425, 440, 321, 362, 375, 378, 418, 415, 352, 380, 434, 310, 322, 422, 405, 367, 443, 377, 404, 311, 392, 365, 344, 315, 412, 439, 387, 300, 417, 347, 345, 355, 433, 442, 329, 351, 371, 307, 354, 398, 400, 356, 391, 403, 323, 373, 421, 328, 426, 395, 446, 313, 357, 317, 343, 350, 432, 390, 411, 337, 369, 385, 359, 379, 376, 428, 444, 305, 358, 406, 448, 394, 312, 320, 396, 332, 327, 407, 441, 368, 419], [0, 14, 23, 126, 133, 71, 135, 9, 146, 45, 129, 68, 66, 137, 106, 15, 4, 32, 92, 19, 63, 10, 20, 44, 62, 80, 124, 140, 43, 56, 132, 105, 110, 1, 74, 100, 22, 70, 64, 40, 107, 49, 143, 8, 138, 39, 25, 108, 141, 28, 33, 149, 118, 2, 75, 41, 136, 67, 95, 114, 55, 57, 61, 11, 113, 37, 42, 52, 88, 82, 73, 142, 72, 77, 120, 123, 131, 5, 59, 18, 51, 34, 38, 3, 30, 24, 48, 109, 65, 6, 27, 87, 117, 130, 144, 16, 21, 97, 46, 98, 76, 122, 7, 79, 102, 139, 60, 116, 81, 17, 35, 50, 147, 89, 58, 12, 54, 111, 134, 31, 90, 99, 85, 121, 47, 83, 84, 115, 96, 29, 94, 86, 128, 26, 103, 127, 125, 91, 36, 112, 119, 78, 101, 104, 145, 13, 53, 93, 148, 69], [150, 260, 254, 156, 191, 217, 280, 172, 157, 161, 177, 233, 278, 151, 281, 223, 153, 205, 224, 212, 230, 279, 244, 270, 297, 198, 253, 154, 185, 231, 195, 267, 208, 232, 259, 214, 252, 264, 227, 292, 237, 249, 285, 170, 211, 175, 193, 274, 164, 235, 286, 189, 250, 203, 248, 243, 257, 160, 207, 265, 226, 299, 201, 220, 238, 234, 239, 165, 210, 225, 293, 174, 178, 204, 245, 275, 295, 169, 215, 242, 180, 197, 206, 273, 171, 290, 289, 294, 209, 269, 272, 298, 213, 283, 263, 266, 288, 155, 262, 163, 167, 176, 188, 181, 271, 158, 179, 228, 184, 240, 166, 241, 277, 202, 152, 199, 251, 173, 219, 268, 182, 200, 276, 162, 258, 190, 216, 192, 247, 255, 287, 159, 194, 236, 246, 256, 291, 284, 168, 183, 186, 218, 221, 296, 282, 196, 261, 187, 229], [471, 701, 626, 658, 645, 672, 727, 603, 733, 637, 613, 617, 653, 642, 721, 686, 709, 736, 713, 714, 702, 738, 495, 500, 615, 552, 590, 633, 677, 718, 614, 624, 676, 708, 711, 618, 619, 720, 685, 688, 717, 740, 622, 651, 650, 691, 747, 706, 719, 610, 620, 611, 662, 668, 616, 684, 690, 705, 732, 667, 737, 600, 673, 693, 644, 682, 745, 729, 608, 646, 716, 623, 712, 664, 679, 692, 621, 627, 643, 687, 625, 632, 657, 697, 601, 694, 641, 748, 661, 699, 671, 683, 635, 639, 681, 640, 743, 678, 742, 609, 710, 647, 628, 698, 703, 666, 629, 696, 700, 630, 724, 602, 665, 739, 659, 649, 674, 695, 648, 652, 735, 715, 731, 607, 612, 656, 655, 749, 604, 606, 605, 634, 734, 726, 636, 744, 689, 723, 722, 663, 730, 704, 660, 741, 654, 670, 746, 707], [450, 540, 483, 572, 586, 454, 492, 486, 519, 489, 525, 553, 498, 515, 501, 555, 534, 499, 582, 456, 484, 579, 472, 516, 593, 480, 570, 576, 511, 926, 474, 512, 488, 451, 560, 482, 588, 458, 497, 574, 514, 566, 459, 513, 561, 528, 564, 468, 549, 475, 539, 476, 485, 490, 550, 565, 473, 578, 455, 457, 597, 460, 466, 559, 494, 505, 510, 536, 580, 462, 587, 464, 465, 467, 509, 544, 596, 477, 493, 537, 527, 581, 518, 548, 595, 523, 562, 542, 573, 503, 508, 585, 547, 507, 517, 563, 554, 521, 538, 551, 599, 531, 533, 496, 571, 594, 524, 557, 575, 591, 452, 487, 502, 598, 520, 567, 584, 529, 461, 481, 506, 569, 522, 568, 453, 589, 470, 478, 491, 592, 526, 469, 532, 583, 545, 558, 543, 541, 556, 463, 530, 535, 504, 577, 546], [728, 822, 786, 834, 783, 870, 788, 877, 898, 831, 871, 858, 875, 750, 774, 766, 773, 787, 784, 763, 828, 854, 776, 813, 839, 818, 897, 792, 866, 896, 796, 753, 759, 814, 832, 819, 789, 805, 825, 752, 849, 867, 800, 840, 883, 895, 891, 810, 754, 781, 878, 758, 770, 823, 768, 842, 780, 815, 791, 847, 836, 809, 863, 844, 757, 835, 869, 760, 882, 885, 860, 793, 862, 865, 797, 830, 799, 893, 820, 821, 838, 892, 778, 808, 829, 852, 855, 888, 853, 779, 804, 837], [751, 755, 816, 887, 817, 794, 848, 767, 824, 868, 771, 756, 857, 833, 880, 845, 859, 769, 890, 803, 777, 790, 785, 827, 761, 843, 872, 894, 762, 886, 881, 764, 889, 846, 772, 864, 798, 765, 795, 802, 801, 884, 826, 856, 873, 775, 811, 806, 812, 851, 841, 782, 879, 807, 874, 899, 876, 850, 861, 631, 638, 669, 675, 680, 725, 389]]","[0.13421155302785337, 0.5095622080843896, 0.1432689360808581, 0.13945085904560983, 0.16071765520609915, 0.13629820896312594, 0.09512223699130118, 0.06961900996975601]","[1.726290772901848, 8.610511858947575, 5.100047254003584, 138.74280239199288, 20.823163986904547, 16.206461876863614, 0.5246628951281309, 0.24941950803622603]","[""OPTIMAL"", ""OPTIMAL"", ""OPTIMAL"", ""OPTIMAL"", ""OPTIMAL"", ""OPTIMAL"", ""OPTIMAL"", ""OPTIMAL""]","[87.0, 96.0, 73.0, 100.0, 71.0, 83.0, 26.0, 32.0]","[87.0, 96.0, 73.0, 100.0, 71.0, 83.0, 26.0, 32.0]","[0.12304882402531803, 0.014319747919216752, 0.015596115961670876, 0.01587006193585694]","[184, 578, 974, 1426]",1426.0,"[0.11499084997922182, 0.12279894296079874, 0.1088333809748292, 0.10167006612755358]","[0.05255862814374268, 0.7676799178589135, 0.4751387950964272, 0.9703811919316649]","[0.0013047161046415567, 0.14475273503921926, 0.201956185977906, 25.83085382496938]",OPTIMAL,568.0,568.0,633.0,633.0,3.001579778830964,226.5327412202023
62,7,150,5250,750,0,10,472,1800,8.879855001810938,[1.3921482160221785],[1800.0647938312031],TIME_LIMIT,615.0,598.0,0.0276422764227642,"[4.125188258010894, 4.126154205063358, 4.126957361120731, 4.127821006113663, 4.128652390092611, 4.1294927429407835, 4.13032432901673, 4.131153807975352, 4.131983381928876, 4.132816334953532, 4.133651791140437, 4.134499170118943, 4.65340816997923, 4.655817785067484, 4.657556581078097, 4.660505732987076, 5.4944808930158615, 5.4961468181572855, 5.498753872001544, 6.49648689199239, 6.5078119919635355, 7.736305285943672, 7.740064280107617, 8.24508619401604, 10.582681954139844, 13.550538662122563, 13.624609986087307, 13.678851312026381, 13.803059894125909, 13.906846925150603, 13.90841485094279, 13.95293790102005, 14.505839497083798, 14.69318362697959, 14.853745259111747, 15.05812891595997, 15.351600687019527, 20.31968738604337, 20.322598583996296, 23.729466103948653, 27.780745096039027, 28.040799078997225, 41.02172292605974, 41.02317253104411, 41.02438432001509, 45.080980323953554, 78.54007532214746, 135.8427502871491, 139.15473240311258, 164.82188062812202, 190.37563921604306, 211.27288258704357, 318.03967745113187, 833.12256225897, 1000.9821797041222, 1800.0624091760255]","[1003.0, 896.0, 746.0, 745.0, 715.0, 714.0, 713.0, 711.0, 710.0, 709.0, 708.0, 707.0, 682.0, 680.0, 679.0, 677.0, 676.0, 675.0, 673.0, 666.0, 664.0, 661.0, 660.0, 659.0, 658.0, 657.0, 656.0, 655.0, 654.0, 652.0, 649.0, 648.0, 647.0, 646.0, 645.0, 644.0, 643.0, 642.0, 641.0, 636.0, 633.0, 632.0, 631.0, 628.0, 627.0, 624.0, 623.0, 622.0, 620.9999998052406, 620.0, 619.0, 618.0, 617.0, 616.0, 615.0, 615.0]",1801.4569420472253,8,0.9264882544910495,"[0.9868830194074127, 0.9441112048071365, 0.9948819808483385, 0.9859083465947093, 0.9110091952971316, 0.7394412117222577, 0.6419904131476831, 0.5911575184042226]","[0.2506433869128881, 0.27816482495670464, 0.29654144533943283, 0.35351730605529774, 0.22264762814868355, 0.18774658073426986, 0.07985208618331052, 0.10606940999542241]","[187.9825401846661, 208.62361871752847, 222.40608400457464, 263.3703930111968, 158.07981598556532, 99.50568778916303, 34.33639705882352, 62.05060484732211]","[2.011229946524064, 2.1954545454545453, 2.1136363636363638, 2.618181818181818, 2.405555555555556, 2.0753246753246755, 1.5925133689839572, 1.853846153846154]",1376.21997023594,139.86482863710012,2.618181818181818,0.0266409197404,0.1016297043073862,3.3467919339891523,0.7850874520372599,"[750, 750, 750, 745, 710, 530, 430, 585]","[[450, 527, 541, 575, 581, 559, 452, 501, 502, 583, 595, 477, 513, 599, 453, 598, 515, 543, 479, 563, 489, 558, 454, 466, 553, 458, 481, 511, 592, 529, 490, 549, 516, 555, 517, 538, 455, 476, 520, 568, 451, 465, 507, 525, 514, 586, 472, 585, 561, 551, 488, 578, 459, 473, 532, 478, 526, 467, 565, 539, 460, 584, 547, 536, 461, 474, 464, 528, 484, 493, 521, 492, 523, 512, 456, 463, 480, 564, 475, 573, 524, 540, 569, 570, 548, 482, 557, 579, 544, 546, 591, 550, 593, 495, 545, 594, 580, 510, 582, 509, 530, 567, 504, 554, 576, 518, 566, 491, 497, 498, 500, 522, 531, 577, 499, 506, 534, 587, 537, 597, 508, 468, 469, 505, 483, 503, 588, 485, 589, 556, 560, 562, 640, 457, 552, 462, 519, 533, 574, 590, 471, 470, 535, 572, 486, 542, 487, 571, 596, 494], [204, 262, 294, 336, 400, 397, 419, 278, 354, 329, 385, 364, 424, 376, 431, 357, 436, 314, 421, 387, 384, 403, 435, 412, 323, 418, 334, 386, 355, 303, 449, 309, 399, 349, 415, 417, 338, 346, 405, 368, 307, 316, 409, 365, 401, 372, 362, 404, 320, 396, 342, 304, 360, 410, 315, 318, 351, 427, 343, 374, 402, 313, 328, 348, 411, 350, 393, 380, 433, 381, 444, 305, 416, 353, 423, 373, 398, 406, 414, 325, 352, 361, 391, 430, 308, 339, 369, 356, 425, 312, 359, 371, 426, 773, 432, 300, 327, 366, 445, 441, 332, 378, 437, 322, 440, 429, 347, 331, 377, 382, 434, 311, 337, 420, 422, 345, 438, 388, 301, 408, 306, 335, 333, 447, 321, 389, 413, 358, 443, 448, 310, 383, 317, 363, 446, 392, 395, 407, 302, 379, 324, 367, 326, 428, 370, 394, 442, 375, 390, 341], [900, 1045, 1003, 1036, 920, 1013, 960, 973, 972, 1018, 963, 1044, 990, 993, 912, 968, 979, 923, 938, 1047, 948, 949, 971, 1009, 1016, 978, 987, 1019, 904, 967, 918, 917, 958, 927, 916, 961, 1011, 929, 998, 1014, 1043, 1017, 911, 1033, 941, 914, 1007, 982, 928, 956, 910, 991, 1028, 943, 944, 931, 1023, 919, 996, 1004, 1039, 1021, 915, 950, 984, 937, 1006, 969, 1030, 901, 1046, 955, 962, 1012, 995, 997, 1035, 986, 1034, 1026, 905, 953, 989, 954, 957, 964, 1024, 940, 1020, 1031, 951, 906, 1000, 999, 992, 902, 935, 1027, 959, 1002, 1049, 933, 966, 945, 980, 988, 907, 925, 1037, 942, 977, 1032, 909, 1040, 965, 1022, 1042, 922, 985, 1025, 903, 1008, 932, 939, 970, 994, 913, 1005, 936, 952, 1048, 924, 926, 974, 1038, 921, 947, 976, 1041, 981, 1001, 930, 946, 1010, 934, 975, 908, 1015, 983, 1029], [0, 28, 7, 74, 17, 111, 131, 3, 148, 24, 77, 82, 85, 80, 89, 145, 38, 126, 140, 4, 10, 141, 5, 101, 73, 12, 108, 113, 18, 79, 2, 130, 6, 45, 47, 34, 92, 137, 106, 110, 116, 13, 136, 98, 14, 66, 1, 37, 20, 39, 8, 147, 52, 61, 9, 26, 67, 72, 11, 84, 93, 86, 102, 120, 95, 96, 122, 19, 121, 55, 142, 29, 54, 51, 43, 144, 69, 70, 146, 40, 68, 64, 88, 112, 123, 97, 103, 59, 63, 71, 42, 139, 16, 134, 114, 127, 15, 41, 119, 58, 62, 105, 91, 30, 133, 31, 128, 78, 138, 104, 143, 149, 21, 99, 53, 129, 36, 23, 75, 124, 25, 117, 56, 109, 27, 49, 132, 81, 48, 76, 115, 32, 65, 57, 35, 135, 125, 33, 87, 50, 46, 60, 90, 107, 118, 22, 94, 100, 496], [44, 179, 219, 293, 150, 164, 167, 286, 244, 289, 186, 207, 156, 163, 185, 169, 83, 224, 287, 208, 266, 191, 253, 151, 206, 218, 190, 166, 198, 271, 269, 228, 152, 187, 205, 233, 252, 237, 284, 248, 279, 162, 214, 229, 283, 298, 158, 193, 180, 234, 250, 153, 172, 215, 197, 235, 154, 297, 173, 299, 249, 285, 276, 168, 245, 161, 174, 277, 246, 292, 175, 182, 268, 227, 259, 247, 256, 209, 274, 258, 159, 200, 232, 275, 192, 242, 255, 265, 282, 184, 261, 267, 212, 239, 216, 238, 251, 243, 257, 280, 155, 189, 196, 178, 260, 220, 202, 221, 170, 222, 177, 225, 160, 241, 217, 188, 165, 195, 199, 226, 231, 236, 290, 194, 176, 264, 439, 330, 181, 288, 254, 281, 203, 263, 270, 157, 211, 291, 201, 213, 273, 230], [612, 889, 852, 835, 893, 898, 859, 897, 760, 846, 821, 834, 890, 750, 803, 842, 798, 879, 823, 869, 899, 778, 837, 853, 855, 865, 793, 831, 824, 892, 856, 790, 827, 832, 861, 755, 761, 849, 772, 756, 885, 888, 795, 883, 845, 874, 881, 884, 880, 887, 768, 825, 867, 875, 783, 878, 779, 808, 891, 840, 876, 857, 860, 872, 627, 868, 786, 886, 754, 896, 769, 767, 822, 777, 813, 820, 752, 850, 863, 829, 871, 762, 841, 801, 810, 844, 811, 753, 848, 794, 882, 788, 774, 864, 780, 804, 826, 838, 796, 805, 870, 763, 800, 814, 815, 799], [171, 210, 295, 183, 658, 626, 639, 681, 734, 707, 676, 713, 223, 686, 296, 650, 709, 641, 240, 272, 633, 629, 721, 723, 747, 601, 661, 652, 659, 706, 728, 600, 622, 710, 664, 657, 692, 603, 651, 731, 735, 606, 684, 719, 742, 621, 635, 605, 645, 668, 646, 677, 611, 623, 727, 628, 642, 749, 618, 716, 748, 702, 694, 699, 671, 637, 691, 715, 739, 743, 638, 704, 732, 678, 711, 630, 730, 736, 737, 738, 665, 680, 714, 745, 608, 644], [602, 722, 689, 669, 653, 697, 670, 673, 610, 613, 615, 662, 656, 674, 695, 654, 672, 724, 604, 660, 663, 688, 655, 740, 701, 609, 634, 620, 705, 712, 746, 666, 679, 667, 733, 607, 624, 682, 729, 619, 690, 685, 675, 717, 720, 696, 698, 614, 683, 625, 693, 700, 726, 718, 631, 725, 636, 643, 647, 741, 649, 744, 617, 632, 703, 648, 708, 687, 616, 319, 340, 833, 344, 847, 873, 757, 807, 843, 819, 787, 828, 812, 894, 791, 802, 792, 759, 782, 776, 895, 789, 764, 816, 830, 818, 770, 781, 785, 836, 862, 751, 784, 758, 854, 765, 806, 797, 766, 817, 775, 771, 851, 866, 839, 858, 877, 809]]","[0.14939365489408374, 0.13979520788416266, 0.5282635351177305, 0.15778017113916576, 0.13911639293655753, 0.10483280080370605, 0.09910323587246239, 0.124196293996647]","[3.5227137859910727, 8.27620691084303, 18.67056007613428, 28.524470349075273, 10.519899524981156, 1.0561954120639712, 0.046367046888917685, 0.2184738691430539]","[""OPTIMAL"", ""OPTIMAL"", ""OPTIMAL"", ""OPTIMAL"", ""OPTIMAL"", ""OPTIMAL"", ""OPTIMAL"", ""OPTIMAL""]","[72.0, 108.0, 104.0, 100.0, 75.0, 37.0, 20.0, 33.0]","[72.0, 108.0, 104.0, 100.0, 74.99999999999997, 37.0, 20.0, 33.0]","[0.13098877505399287, 0.014620572095736861, 0.014658681116998196]","[335, 769, 1164]",1164.0,"[0.171310612000525, 0.12716949684545398, 0.10704711196012795]","[0.0921367178671062, 0.8783930412027985, 0.5392365828156471]","[0.002193440916016698, 0.05151827400550246, 54.62403406598605]",OPTIMAL,549.0,549.0,659.0,659.0,6.676783004552352,133.16255502565764
62,7,150,5250,750,0,10,473,1800,8.736121775116771,[1.3941750780213624],[1800.064061553916],TIME_LIMIT,645.0,635.0,0.0155038759689922,"[2.6044477589894086, 2.683095066808164, 2.74748043785803, 2.7600655897986144, 2.763851265888661, 2.7654510068241507, 2.766793293878436, 2.778463517781347, 2.7799479567911476, 2.782753112958744, 2.7949063119012862, 3.1481495699845254, 3.149130311794579, 3.149975150823593, 3.1512379029300064, 3.152098137885332, 3.637186899781227, 3.641043801791966, 3.6465373567771167, 4.539324076846242, 4.54029763978906, 4.541229687863961, 5.300592529820278, 5.984881571959704, 5.986117028864101, 5.987196911824867, 8.82203106279485, 10.167072406969965, 11.601201977813616, 12.393160444917157, 14.969171147793531, 16.94996455986984, 17.111653649946675, 23.722861259942874, 49.622547556879, 55.841921475948766, 181.49858237593435, 857.5690904639196, 1800.061795329908]","[925.0, 850.0, 801.0, 796.0, 794.0, 777.0, 776.0, 733.0, 730.0, 725.0, 722.0, 721.0, 720.0, 717.0, 712.0, 711.0, 687.0, 680.0, 679.0, 668.0, 667.0, 666.0, 663.0, 659.0, 658.0, 657.0, 656.0, 655.0, 654.0, 653.0, 652.0, 651.0, 650.0, 649.0, 647.9999997098765, 647.0, 646.0, 645.0, 645.0]",1801.458236631937,9,0.9117697409064182,"[0.9370257510025221, 0.9278502846310981, 0.952347669668303, 0.9594532472898034, 0.9033373401223647, 0.7141743228124894, 0.666756040158489, 0.6234006712358713, 0.5892522202888071]","[0.29443102552053535, 0.2030411254627586, 0.28830234670622645, 0.2379489882373564, 0.2156010542224469, 0.17518499891934042, 0.08463913586610254, 0.10969251336898396, 0.14771706450988456]","[219.35111401279883, 150.25043284244137, 207.57768962848306, 167.75403670733627, 127.20462199124367, 84.9647244758801, 35.125241384432556, 37.29545454545455, 75.33570290004113]","[1.9686868686868686, 1.8954545454545453, 2.4813115676892767, 2.207142857142857, 1.85, 1.8328282828282831, 1.4, 1.7, 2.0136363636363637]",1252.8987733271883,148.03975483907698,2.4813115676892767,0.0281980485407765,0.118157793742447,3.3534475520718843,0.7883433110546321,"[745, 740, 720, 705, 590, 485, 415, 340, 510]","[[446, 0, 93, 19, 149, 128, 52, 72, 88, 74, 141, 85, 113, 76, 146, 135, 125, 75, 1, 90, 81, 39, 2, 66, 36, 50, 136, 109, 110, 117, 114, 15, 80, 60, 108, 42, 45, 137, 82, 143, 4, 73, 84, 83, 11, 139, 27, 115, 41, 92, 12, 95, 131, 87, 57, 147, 6, 101, 132, 62, 61, 111, 8, 97, 130, 56, 105, 91, 106, 10, 17, 34, 40, 127, 20, 63, 28, 59, 120, 98, 121, 49, 148, 68, 123, 116, 144, 51, 31, 142, 140, 104, 47, 126, 100, 86, 96, 3, 79, 5, 89, 133, 134, 9, 102, 24, 33, 43, 129, 54, 138, 7, 44, 71, 14, 65, 107, 29, 46, 58, 22, 23, 77, 145, 13, 21, 16, 53, 38, 55, 94, 18, 119, 25, 32, 48, 103, 26, 290, 112, 274, 37, 30, 194, 174, 122, 124, 78, 64], [190, 293, 296, 280, 367, 388, 392, 434, 426, 300, 313, 406, 407, 321, 430, 362, 372, 329, 397, 341, 374, 357, 379, 443, 358, 399, 408, 305, 337, 385, 316, 356, 386, 819, 882, 306, 323, 384, 339, 312, 336, 411, 347, 409, 332, 395, 365, 433, 338, 340, 361, 363, 442, 418, 393, 415, 308, 330, 315, 366, 431, 353, 412, 416, 449, 328, 410, 436, 401, 302, 387, 447, 310, 369, 352, 440, 303, 346, 325, 342, 349, 375, 377, 390, 318, 421, 381, 389, 382, 355, 364, 380, 396, 403, 304, 333, 413, 435, 309, 370, 429, 348, 437, 427, 343, 354, 359, 445, 448, 428, 317, 344, 351, 368, 383, 331, 419, 414, 425, 444, 422, 311, 319, 394, 439, 322, 405, 301, 334, 320, 391, 438, 327, 335, 376, 378, 350, 420, 423, 441, 373, 402, 307, 417, 371, 314, 326, 324], [67, 277, 159, 181, 240, 201, 235, 192, 162, 251, 198, 203, 176, 287, 250, 269, 212, 231, 247, 69, 166, 151, 207, 222, 191, 211, 271, 153, 221, 156, 219, 183, 173, 268, 187, 248, 255, 241, 171, 252, 258, 239, 160, 261, 226, 175, 233, 167, 259, 169, 224, 206, 186, 164, 253, 150, 155, 180, 285, 202, 213, 157, 289, 178, 225, 184, 200, 158, 228, 257, 172, 193, 217, 246, 220, 245, 227, 232, 182, 237, 189, 236, 196, 263, 298, 270, 275, 214, 215, 297, 249, 152, 266, 229, 223, 177, 243, 279, 216, 291, 242, 185, 230, 267, 163, 197, 286, 188, 281, 205, 238, 294, 260, 273, 278, 199, 264, 276, 272, 283, 154, 210, 179, 256, 284, 299, 295, 161, 170, 234, 262, 218, 254, 195, 244, 168, 265, 208, 282, 165, 292, 209, 288, 204], [450, 473, 467, 493, 489, 514, 526, 546, 542, 588, 452, 454, 523, 531, 579, 457, 536, 584, 598, 460, 484, 534, 555, 458, 539, 477, 468, 456, 478, 525, 533, 513, 569, 470, 544, 527, 596, 451, 557, 567, 560, 464, 510, 580, 575, 474, 483, 571, 593, 505, 561, 469, 479, 462, 565, 553, 568, 495, 529, 499, 521, 563, 488, 532, 515, 517, 503, 500, 522, 507, 562, 589, 564, 573, 582, 501, 506, 453, 587, 597, 461, 480, 463, 490, 551, 487, 530, 466, 538, 543, 481, 486, 591, 540, 476, 577, 496, 554, 583, 549, 504, 545, 459, 541, 578, 599, 524, 558, 552, 570, 576, 465, 520, 498, 508, 556, 511, 485, 590, 455, 550, 491, 497, 519, 537, 471, 528, 594, 516, 572, 472, 586, 518, 595, 475, 492, 559, 482, 502, 574, 585], [494, 902, 924, 909, 910, 948, 1007, 911, 1027, 1028, 929, 970, 979, 992, 1012, 1036, 913, 928, 973, 1003, 925, 993, 953, 1020, 1029, 923, 1018, 949, 932, 936, 1026, 901, 1031, 927, 934, 986, 944, 956, 989, 1013, 1014, 903, 1022, 905, 954, 1041, 1016, 1038, 946, 961, 962, 904, 1006, 975, 912, 947, 920, 935, 938, 1046, 926, 1023, 1004, 971, 1047, 988, 1034, 997, 917, 1032, 1049, 1030, 960, 1044, 987, 1019, 1040, 922, 1045, 951, 906, 957, 965, 991, 908, 1021, 915, 964, 930, 918, 968, 955, 535, 942, 921, 1001, 933, 967, 1005, 972, 990, 1024, 1009, 1033, 963, 952, 1010, 969, 974, 907, 1025, 996, 914, 939, 977, 984, 985, 1015], [345, 404, 881, 759, 869, 360, 807, 778, 398, 400, 826, 767, 866, 432, 844, 898, 799, 865, 824, 863, 762, 782, 785, 841, 821, 809, 894, 889, 607, 835, 646, 800, 802, 817, 816, 750, 761, 770, 752, 806, 775, 790, 815, 862, 857, 875, 774, 755, 832, 878, 820, 787, 845, 798, 783, 801, 873, 897, 810, 858, 825, 848, 854, 895, 766, 884, 847, 823, 886, 751, 887, 876, 753, 786, 839, 791, 827, 852, 796, 833, 822, 818, 860, 828, 846, 896, 756, 829, 758, 777, 805, 879, 794, 789, 892, 834, 836], [424, 632, 723, 609, 703, 615, 628, 721, 619, 656, 727, 687, 630, 719, 660, 655, 636, 650, 698, 739, 610, 696, 638, 732, 738, 659, 736, 600, 654, 692, 702, 668, 686, 601, 617, 685, 612, 678, 624, 748, 642, 749, 707, 726, 602, 622, 671, 743, 679, 729, 683, 604, 704, 669, 605, 640, 695, 606, 664, 674, 689, 633, 652, 649, 694, 662, 745, 717, 700, 616, 670, 715, 637, 725, 641, 644, 661, 677, 681, 831, 629, 705, 830], [566, 658, 675, 716, 735, 710, 742, 645, 667, 657, 684, 603, 731, 734, 623, 614, 676, 647, 663, 626, 737, 673, 744, 627, 711, 747, 713, 722, 688, 746, 691, 608, 665, 714, 740, 621, 699, 724, 728, 611, 718, 701, 680, 709, 625, 690, 620, 653, 693, 634, 635, 730, 651, 643, 706, 733, 613, 712, 618, 648, 631, 639, 666, 682, 697, 672, 741, 720], [708, 864, 842, 771, 859, 850, 883, 754, 769, 780, 853, 888, 772, 838, 788, 784, 861, 851, 877, 868, 773, 812, 867, 814, 891, 797, 803, 893, 764, 792, 793, 804, 757, 765, 899, 760, 795, 849, 779, 763, 781, 855, 837, 843, 890, 856, 872, 874, 768, 880, 840, 870, 808, 811, 776, 871, 813, 885, 900, 919, 945, 995, 1011, 999, 941, 1037, 983, 1002, 1042, 931, 980, 982, 940, 1035, 1000, 959, 998, 978, 1043, 943, 1048, 966, 958, 1039, 937, 950, 981, 1017, 916, 976, 994, 1008, 35, 512, 548, 70, 118, 99, 509, 592, 547, 581]]","[0.1434293701313436, 0.13474635011516511, 0.13668988994322717, 0.13993697194382548, 0.5321071711368859, 0.09931843890808523, 0.09111318015493453, 0.08652474801056087, 0.10204429598525167]","[16.16240099002607, 2.0936440899968147, 3.107791668968275, 3.646970973117277, 1.7650595088489354, 0.1859509851783514, 0.1922030032146722, 0.10751793486997485, 0.0782419249881059]","[""OPTIMAL"", ""OPTIMAL"", ""OPTIMAL"", ""OPTIMAL"", ""OPTIMAL"", ""OPTIMAL"", ""OPTIMAL"", ""OPTIMAL"", ""OPTIMAL""]","[115.0, 89.0, 78.0, 75.0, 82.0, 53.0, 25.0, 17.0, 31.0]","[115.0, 89.0, 78.0, 75.0, 82.0, 53.0, 25.0, 17.0, 31.0]","[0.13218040205538273, 0.014968608040362597, 0.014217172982171178, 0.013814101926982403, 0.013342391001060605, 0.012706042034551501]","[489, 1279, 2031, 2839, 3669, 4516]",4516.0,"[0.2356433318927884, 0.20406667212955654, 0.1682740170508623, 0.14416446187533438, 0.11123075010254979, 0.07169427606277168]","[0.1231241871137172, 1.289992067962885, 0.9620001660659909, 1.5244741549249738, 1.5435107029043138, 1.5410853358916938]","[0.0025487549137324095, 0.09075772692449391, 0.10622342699207366, 0.6351025269832462, 1.038498034933582, 1800.04176668101]",TIME_LIMIT,565.0,565.0,651.0,644.0,0.9216589861751152,1842.98286835244
62,7,150,5250,750,0,10,474,1800,7.959700794890523,[1.8106943320017308],[1800.0431117608678],TIME_LIMIT,668.0,651.0,0.0254491017964071,"[37.28059632494114, 38.14673246187158, 38.14833626290783, 38.14977239095606, 39.052169589092955, 39.06147932400927, 39.92958061606623, 39.931345981080085, 40.84765496687032, 40.85044473898597, 43.67497007804923, 60.81040427694097, 62.572601343970746, 62.57741182297468, 68.86909635504708, 76.5843363350723, 153.63470003800467, 197.00264674588107, 1800.0408403119072]","[759.0, 734.0, 693.0, 687.0, 685.0, 682.0, 681.0, 679.0, 678.0, 677.0, 676.0, 675.0, 674.0, 673.0, 672.0, 671.0, 670.0, 668.0, 668.0]",1801.8538060928693,9,0.9060571526525636,"[0.9008553854956373, 0.9366010745392052, 0.946880030806587, 0.8701180930911699, 0.8893812595302355, 0.8554406171607369, 0.5924779631165411, 0.6469889028184055, 0.6113263092655717]","[0.20797083694239263, 0.2985350986432455, 0.23902459600787446, 0.2929390230886061, 0.2324474559257168, 0.5094644548488463, 0.08959804895556196, 0.20829689608636973, 0.09623059773402401]","[153.89841933737054, 217.93062200956922, 172.0977091256696, 205.05731616202425, 139.46847355543008, 257.2795496986674, 37.63118056133602, 78.11133603238865, 44.26607495765104]","[2.25, 1.990909090909091, 2.0136363636363637, 2.231818181818182, 1.9272727272727272, 2.3435064935064935, 1.55, 1.7454545454545454, 2.077272727272727]",1498.48623987055,192.74555843044325,2.343506493506493,0.0367134397010368,0.1286268457473225,3.566695648012683,0.7928581580054015,"[740, 730, 720, 700, 600, 505, 420, 375, 460]","[[469, 515, 584, 904, 1019, 963, 1024, 903, 976, 1029, 952, 953, 921, 958, 937, 947, 994, 1001, 1020, 1048, 1031, 912, 1044, 979, 1000, 948, 1005, 978, 981, 1025, 995, 1032, 908, 1008, 980, 931, 984, 935, 968, 1013, 965, 997, 992, 1016, 1011, 950, 996, 1039, 925, 962, 999, 1007, 926, 900, 913, 917, 960, 919, 933, 915, 949, 957, 916, 945, 941, 1035, 1027, 936, 1045, 1010, 1033, 923, 1023, 946, 905, 966, 974, 1003, 1036, 1018, 914, 956, 970, 1043, 955, 1012, 1014, 1009, 901, 929, 1038, 911, 1047, 1049, 928, 942, 972, 1034, 971, 991, 1028, 909, 959, 1042, 988, 944, 967, 961, 973, 1041, 982, 1006, 1021, 964, 1002, 1026, 954, 1037, 918, 934, 977, 920, 1040, 951, 930, 998, 939, 910, 985, 1030, 927, 990, 986, 983, 993, 906, 907, 922, 987, 924, 932, 989, 975, 938, 943, 1046, 1004, 1022], [185, 274, 280, 202, 239, 370, 404, 419, 309, 446, 447, 319, 361, 317, 374, 443, 333, 301, 406, 354, 360, 322, 417, 367, 343, 344, 399, 441, 424, 448, 300, 364, 345, 314, 390, 396, 365, 395, 340, 342, 426, 380, 401, 439, 440, 311, 328, 428, 339, 387, 402, 312, 398, 336, 341, 357, 386, 355, 414, 335, 347, 375, 373, 358, 320, 329, 353, 422, 366, 410, 438, 359, 411, 420, 307, 351, 389, 405, 397, 302, 363, 394, 409, 306, 321, 305, 435, 381, 315, 369, 338, 303, 393, 430, 378, 379, 318, 413, 308, 388, 383, 362, 433, 371, 337, 352, 382, 385, 432, 445, 400, 421, 304, 350, 392, 425, 427, 310, 377, 324, 442, 334, 418, 325, 431, 331, 348, 412, 415, 437, 449, 391, 407, 416, 423, 313, 332, 316, 326, 376, 403, 408, 444, 349, 436, 372], [323, 327, 346, 817, 434, 826, 750, 832, 766, 872, 867, 756, 814, 787, 800, 806, 767, 788, 774, 791, 776, 827, 863, 786, 768, 822, 801, 886, 855, 877, 785, 858, 795, 804, 798, 847, 760, 842, 854, 815, 837, 779, 841, 857, 894, 356, 868, 782, 809, 895, 792, 887, 896, 757, 839, 762, 778, 852, 777, 883, 771, 819, 876, 761, 780, 838, 751, 759, 874, 752, 899, 818, 888, 790, 845, 831, 807, 803, 828, 881, 882, 755, 816, 853, 866, 884, 765, 829, 789, 871, 840, 799, 794, 835, 808, 878, 821, 823, 820, 851, 753, 764, 862, 833, 830, 890, 843, 860, 784, 813, 825, 864, 754, 781, 805, 802, 850, 875, 891, 763, 849, 824, 812, 892, 848, 783, 810, 834, 859, 880, 889, 898, 769, 856, 772, 796, 893, 811, 865, 873, 879, 885, 770, 793], [61, 16, 132, 543, 563, 558, 585, 582, 452, 583, 591, 470, 542, 597, 479, 522, 516, 524, 455, 509, 575, 580, 458, 534, 512, 529, 480, 500, 581, 550, 569, 506, 536, 574, 465, 482, 519, 475, 504, 599, 520, 527, 450, 463, 557, 478, 578, 514, 587, 596, 451, 487, 468, 492, 594, 545, 471, 551, 564, 562, 537, 567, 559, 560, 481, 588, 454, 540, 456, 472, 530, 568, 466, 532, 477, 548, 555, 495, 499, 503, 546, 501, 554, 508, 577, 460, 502, 553, 497, 590, 538, 486, 570, 488, 496, 576, 523, 453, 485, 457, 525, 505, 552, 489, 526, 494, 561, 491, 541, 483, 572, 493, 902, 1015, 940, 498, 535, 533, 517, 547, 595, 544, 571, 461, 511, 566, 513, 969, 1017, 464, 474, 586, 593, 473, 484, 510, 573, 539, 521, 598], [556, 602, 621, 607, 638, 660, 711, 604, 633, 690, 601, 683, 740, 681, 733, 643, 714, 603, 705, 709, 611, 642, 650, 615, 742, 704, 706, 712, 641, 644, 652, 605, 701, 677, 703, 700, 718, 616, 675, 658, 600, 716, 693, 624, 694, 670, 613, 648, 629, 617, 746, 698, 730, 665, 696, 741, 627, 699, 637, 634, 656, 657, 738, 609, 728, 749, 636, 679, 739, 606, 666, 669, 685, 725, 719, 724, 727, 732, 623, 722, 625, 723, 631, 692, 680, 653, 655, 672, 664, 663, 667, 689, 720, 608, 630, 735, 612, 748, 632, 708, 671, 726, 710, 691, 687, 626, 654, 645, 635, 639, 649, 646, 747, 651, 686, 674, 729, 695, 743, 697], [0, 23, 48, 81, 15, 76, 65, 91, 94, 134, 20, 35, 142, 82, 125, 146, 1, 135, 29, 97, 63, 46, 93, 83, 25, 27, 77, 5, 120, 98, 18, 73, 116, 131, 141, 95, 96, 103, 2, 68, 75, 8, 104, 114, 118, 92, 74, 86, 10, 55, 122, 43, 45, 139, 59, 128, 80, 3, 28, 13, 113, 127, 11, 67, 47, 42, 60, 112, 88, 121, 129, 130, 7, 12, 30, 126, 101, 21, 85, 108, 38, 137, 100, 58, 90, 133, 148, 51, 57, 99, 105, 33, 50, 56, 123, 70, 22, 147, 53, 71, 54], [26, 284, 155, 276, 210, 275, 152, 209, 236, 292, 238, 265, 257, 264, 158, 177, 299, 268, 217, 250, 248, 277, 176, 160, 211, 173, 208, 256, 193, 262, 179, 282, 260, 266, 271, 186, 163, 216, 283, 170, 199, 220, 263, 201, 258, 172, 174, 205, 255, 224, 618, 619, 243, 702, 610, 640, 622, 684, 661, 721, 737, 150, 182, 285, 293, 298, 368, 429, 676, 164, 222, 183, 225, 212, 192, 294, 232, 261, 247, 272, 200, 287, 237, 226], [151, 289, 197, 233, 296, 194, 279, 214, 252, 245, 178, 221, 267, 286, 219, 154, 189, 254, 213, 234, 187, 215, 244, 240, 295, 159, 231, 291, 171, 206, 330, 181, 203, 188, 235, 278, 290, 184, 191, 259, 223, 281, 384, 153, 246, 157, 229, 227, 253, 161, 162, 207, 269, 180, 228, 156, 168, 242, 175, 190, 195, 165, 167, 196, 273, 218, 297, 241, 251, 166, 204, 169, 230, 198, 249], [4, 117, 9, 41, 6, 115, 52, 144, 39, 62, 19, 149, 49, 87, 79, 89, 72, 628, 673, 459, 467, 14, 78, 40, 84, 143, 34, 64, 109, 119, 138, 37, 107, 111, 32, 66, 69, 124, 106, 17, 24, 136, 518, 31, 145, 44, 36, 102, 110, 140, 270, 288, 744, 614, 734, 659, 715, 662, 668, 688, 736, 745, 678, 717, 731, 462, 592, 490, 507, 620, 528, 531, 647, 476, 565, 682, 549, 579, 589, 713, 707, 758, 773, 775, 870, 869, 797, 844, 836, 897, 846, 861]]","[0.1329077200498432, 0.12884539598599076, 0.13051638915203512, 0.13856385787948966, 0.12196515314280987, 0.09776618611067533, 0.09535404108464718, 0.5695292989257723, 0.10889331088401377]","[2.8984319360461086, 9.909145123092458, 2.5679580529686064, 7.2369834701530635, 2.362515815999359, 1.645045646931976, 0.1042846660129726, 0.44843223690986633, 0.1002399290446192]","[""OPTIMAL"", ""OPTIMAL"", ""OPTIMAL"", ""OPTIMAL"", ""OPTIMAL"", ""OPTIMAL"", ""OPTIMAL"", ""OPTIMAL"", ""OPTIMAL""]","[77.0, 109.0, 89.0, 85.0, 50.0, 88.0, 20.0, 29.0, 31.0]","[77.0, 109.0, 89.0, 85.0, 50.0, 88.0, 20.0, 29.0, 31.0]","[0.13573174108751118, 0.01479536504484713, 0.014227886917069554]","[442, 1301, 2087]",2087.0,"[0.21590618207119405, 0.22690309002064168, 0.17334334808401763]","[0.12319555296562612, 0.8824356619734317, 1.4234076261054724]","[0.002873642137274146, 0.09140270808711648, 39.14693930884823]",OPTIMAL,578.0,578.0,749.0,749.0,10.81441922563418,75.60809414973482
62,9,150,6750,750,0,10,475,1800,9.917600815882906,[2.1270356599707156],[1800.0572001561522],TIME_LIMIT,864.0,847.0,0.0196759259259259,"[6.461719220038503, 7.041334330104291, 7.042560782050714, 7.043872911948711, 7.045081641990691, 7.046595389023423, 7.047853589057922, 7.0490901209414005, 7.0503015799913555, 7.051619481062517, 7.052861453033984, 7.054106117924675, 7.055325559107587, 7.056613428983837, 7.843480014940724, 7.846845794003457, 7.848881972953677, 7.8546420759521425, 9.10866086394526, 9.111633322900161, 9.115279539022595, 9.776939865900204, 9.781581365969032, 10.102545863948762, 10.103793438989669, 11.725962508935481, 11.728884288109839, 11.730552780907601, 17.0672562608961, 17.23860256304033, 17.43411452602595, 17.53538288990967, 17.738832327071577, 17.740889502922073, 18.01220929599367, 28.718803809024394, 30.733072116039693, 32.368942423025146, 43.781604055082425, 63.52179291797802, 77.43004948692396, 91.74944284092635, 99.87350494298153, 101.6142634570133, 143.19455531495623, 143.1987815310713, 158.29771513910964, 159.50185013003647, 250.08262469200417, 250.08494630106725, 330.0399441989139, 361.3799597590696, 364.7336303819902, 535.9125681030564, 1800.0545060159639]","[1321.0, 1182.0, 1092.0, 1085.0, 968.0, 962.0, 944.0, 937.0, 935.0, 934.0, 933.0, 932.0, 931.0, 930.0, 919.0, 918.0, 917.0, 916.0, 914.0, 913.0, 910.0, 903.0, 902.0, 901.0, 900.0, 891.0, 890.0, 888.0, 887.0, 886.0, 885.0, 883.0, 882.0, 881.0, 880.0, 879.0, 878.0, 877.0, 875.0, 874.0, 874.0, 873.0, 872.0, 871.0, 871.0, 872.0, 870.0, 869.0, 868.0, 867.0, 866.0, 865.0, 864.0, 866.0, 864.0]",1802.184235816123,11,0.9329939180934674,"[0.9627090808475696, 0.9326879543385035, 0.959643890540287, 0.9631254190992365, 0.9659345657753663, 0.9114717046026852, 0.9122730963488983, 0.7834576261184506, 0.7033895809406013, 0.6917011110133967, 0.5887988929750544]","[0.20162956891807124, 0.30152004241678165, 0.3552330464028036, 0.2518615703513945, 0.37102518095939135, 0.20500269034625762, 0.12012660097665195, 0.1679253938417473, 0.12221755822544328, 0.1736875795588754, 0.11915445772837414]","[150.21402884396306, 223.12483138841841, 261.0962891060607, 177.56240709773311, 259.71762667157395, 138.3768159837239, 77.48165762994051, 82.28344298245617, 48.88702329017731, 66.86971813016703, 63.1518625960383]","[2.15, 1.95, 2.35, 2.0, 2.3105263157894735, 1.846783625730994, 2.1, 1.8722222222222222, 1.65, 1.8142045454545452, 1.9285714285714284]",1669.233467140278,120.4677634200259,2.35,0.017847076062226,0.0721695112106387,4.150682168081403,1.0486863278783858,"[745, 740, 735, 705, 700, 675, 645, 490, 400, 385, 530]","[[450, 535, 555, 506, 559, 455, 458, 543, 545, 453, 498, 492, 482, 517, 538, 477, 512, 502, 544, 548, 571, 469, 534, 935, 475, 558, 566, 505, 563, 539, 580, 562, 584, 577, 589, 599, 451, 509, 460, 501, 723, 532, 586, 481, 495, 590, 523, 490, 491, 525, 493, 483, 488, 521, 522, 536, 595, 466, 592, 576, 472, 478, 598, 468, 537, 553, 567, 467, 480, 591, 550, 573, 570, 456, 484, 519, 551, 527, 557, 471, 531, 508, 561, 476, 579, 533, 457, 464, 465, 494, 515, 504, 520, 572, 530, 542, 564, 574, 510, 516, 528, 461, 547, 503, 582, 487, 596, 497, 568, 529, 556, 507, 454, 514, 540, 496, 470, 541, 479, 500, 575, 463, 552, 474, 518, 569, 597, 486, 581, 462, 565, 546, 560, 578, 485, 489, 549, 524, 588, 593, 452, 513, 499, 459, 587, 511, 554, 594, 583], [164, 228, 662, 685, 718, 700, 607, 739, 658, 708, 643, 715, 647, 659, 624, 698, 635, 646, 636, 669, 686, 734, 737, 665, 600, 714, 728, 603, 742, 608, 663, 738, 670, 601, 661, 694, 687, 639, 704, 666, 729, 674, 648, 679, 651, 689, 675, 746, 730, 681, 604, 645, 716, 616, 638, 702, 623, 664, 649, 709, 741, 611, 644, 710, 615, 619, 620, 743, 672, 713, 652, 692, 711, 720, 707, 721, 602, 617, 629, 606, 732, 731, 610, 706, 691, 693, 745, 630, 725, 633, 696, 727, 613, 625, 614, 622, 642, 678, 618, 719, 744, 657, 631, 695, 717, 705, 641, 699, 650, 656, 660, 676, 726, 240, 688, 632, 668, 605, 640, 680, 733, 634, 722, 628, 682, 749, 653, 671, 735, 740, 609, 667, 724, 736, 654, 673, 747, 684, 712, 612, 627, 748, 621, 683, 703, 1158, 690, 446], [41, 275, 258, 245, 19, 150, 295, 231, 276, 229, 154, 162, 269, 169, 247, 151, 157, 212, 294, 197, 297, 205, 288, 216, 158, 168, 191, 284, 253, 249, 163, 248, 213, 214, 181, 207, 211, 230, 223, 296, 250, 281, 153, 175, 198, 268, 243, 200, 290, 160, 172, 224, 167, 256, 190, 286, 209, 277, 194, 201, 155, 238, 298, 196, 235, 171, 218, 225, 222, 185, 221, 227, 293, 242, 280, 282, 192, 206, 156, 283, 274, 210, 236, 255, 285, 159, 186, 173, 246, 179, 193, 195, 244, 184, 202, 161, 226, 189, 178, 278, 165, 166, 287, 291, 252, 257, 261, 232, 292, 233, 251, 241, 267, 265, 152, 270, 234, 262, 187, 188, 259, 170, 180, 219, 264, 183, 237, 204, 220, 299, 271, 289, 217, 239, 174, 273, 203, 266, 215, 279, 272, 263, 199, 701, 182, 254, 260], [300, 412, 435, 374, 346, 445, 422, 387, 414, 308, 333, 369, 416, 328, 340, 401, 334, 390, 311, 321, 341, 316, 424, 323, 405, 381, 352, 361, 376, 426, 379, 306, 419, 397, 423, 444, 307, 330, 421, 318, 368, 353, 312, 395, 357, 388, 350, 404, 305, 345, 329, 347, 398, 349, 418, 362, 332, 370, 440, 442, 375, 393, 365, 386, 433, 437, 415, 425, 413, 417, 373, 403, 301, 348, 314, 427, 385, 364, 394, 409, 304, 449, 315, 325, 336, 338, 399, 439, 324, 380, 436, 378, 443, 411, 343, 410, 356, 377, 360, 303, 313, 331, 355, 302, 441, 358, 344, 430, 434, 438, 382, 391, 447, 400, 309, 429, 322, 339, 335, 319, 389, 310, 432, 326, 327, 371, 384, 320, 372, 317, 407, 342, 406, 366, 392, 351, 363, 852, 402, 857, 408], [1200, 1219, 1201, 1272, 1283, 1315, 1289, 1292, 1246, 1267, 1211, 1228, 1281, 1319, 1214, 1260, 1305, 1256, 1280, 1276, 1342, 1344, 1205, 1299, 1287, 1324, 1213, 1345, 1341, 1231, 1239, 1306, 1215, 1223, 1238, 1221, 1278, 1307, 1251, 1297, 1208, 1218, 1234, 1303, 1290, 1304, 1233, 1316, 1310, 1328, 1242, 1277, 1313, 1206, 1295, 1323, 1331, 1249, 1318, 1317, 1330, 1262, 1322, 1268, 1202, 1336, 1261, 1314, 1257, 1279, 1291, 1343, 1237, 1312, 1321, 1250, 1263, 1204, 1258, 1302, 1286, 1301, 1298, 1320, 1300, 1240, 1274, 1311, 1327, 1209, 1326, 1293, 1229, 1266, 1254, 1285, 1244, 1210, 1225, 1273, 1216, 1270, 1232, 1271, 1325, 1207, 1224, 1347, 1222, 1236, 1243, 1230, 1294, 1335, 1241, 1334, 1227, 1282, 1203, 1275, 1226, 1264, 1349, 1340, 1265, 1212, 1337, 1217, 1253, 1247, 1252, 1220, 1309, 1245, 1235, 1296, 1346, 1308, 1348, 1259], [473, 948, 953, 914, 939, 949, 965, 969, 1011, 924, 932, 997, 921, 974, 1004, 1020, 931, 936, 1016, 978, 1031, 1036, 907, 963, 954, 970, 989, 1043, 927, 1001, 938, 995, 937, 998, 952, 1014, 944, 945, 1038, 930, 1045, 934, 986, 1009, 947, 961, 1033, 1017, 901, 980, 976, 950, 1025, 972, 942, 1022, 992, 1006, 994, 967, 923, 941, 962, 902, 1005, 985, 996, 918, 981, 929, 1047, 908, 1019, 988, 922, 943, 987, 984, 993, 1034, 1040, 956, 1023, 959, 911, 1003, 920, 1041, 904, 1046, 982, 946, 966, 1027, 1048, 910, 951, 1002, 913, 1010, 919, 1013, 955, 971, 973, 1044, 1012, 979, 1039, 1030, 906, 960, 925, 933, 1029, 1049, 940, 1007, 1000, 915, 917, 991, 968, 928, 1032, 1021, 1028, 975, 983, 1035, 905, 909, 990, 912, 1024], [367, 786, 871, 770, 805, 803, 758, 764, 774, 769, 796, 807, 849, 793, 804, 843, 794, 810, 825, 827, 782, 865, 873, 790, 856, 759, 893, 854, 899, 822, 889, 880, 846, 797, 811, 752, 883, 823, 847, 864, 882, 888, 771, 812, 824, 866, 834, 848, 753, 897, 756, 884, 841, 760, 891, 767, 791, 887, 799, 879, 772, 809, 655, 892, 862, 867, 868, 773, 783, 779, 851, 819, 755, 826, 763, 850, 813, 802, 836, 820, 828, 861, 750, 815, 829, 845, 874, 821, 895, 869, 765, 817, 778, 768, 788, 801, 839, 894, 754, 762, 784, 837, 808, 872, 838, 776, 858, 777, 860, 816, 844, 787, 795, 842, 896, 898, 781, 859, 785, 840, 780, 855, 789, 877, 814, 806, 818, 831, 1284], [1, 57, 83, 110, 22, 28, 74, 96, 8, 50, 11, 147, 51, 53, 33, 61, 89, 126, 45, 91, 79, 124, 15, 93, 526, 585, 62, 87, 140, 6, 135, 148, 144, 54, 63, 2, 82, 122, 68, 102, 81, 29, 66, 10, 44, 76, 58, 80, 60, 100, 38, 75, 86, 71, 30, 4, 23, 39, 127, 36, 9, 119, 14, 78, 142, 65, 70, 90, 101, 149, 56, 137, 13, 111, 34, 104, 141, 5, 40, 138, 133, 97, 132, 125, 130, 113, 116, 16, 55, 18, 32, 115, 47, 108, 139, 94, 145, 106], [1050, 1111, 1108, 1162, 1144, 1186, 1198, 1199, 1054, 1159, 1087, 1195, 1147, 1073, 1085, 1154, 1090, 1173, 1098, 1155, 1172, 1127, 1140, 1142, 1153, 1062, 1189, 1255, 1163, 1077, 1078, 1288, 1164, 1174, 1338, 1248, 1339, 1333, 1131, 1329, 1269, 1332, 1053, 1113, 1192, 1086, 1055, 1061, 1080, 1082, 1196, 1088, 1179, 1095, 1149, 1161, 1065, 1072, 1125, 1070, 1120, 1056, 1119, 1096, 1135, 1071, 1121, 1129, 1101, 1171, 1132, 1133, 1139, 1134, 1136, 1194, 1151, 1193, 1169, 1176], [903, 1188, 1052, 1067, 1114, 1183, 1063, 1197, 1099, 1165, 1146, 1138, 1178, 1059, 1068, 1084, 1083, 1103, 1141, 1152, 1112, 1167, 1066, 1081, 1116, 1079, 1122, 1148, 1109, 1130, 1180, 1182, 1181, 916, 1157, 1018, 1102, 1156, 1175, 1057, 1092, 1137, 1187, 957, 1074, 1076, 1115, 1104, 1107, 1177, 1143, 1150, 1124, 1145, 1126, 1008, 1089, 1190, 1110, 1123, 1058, 1106, 1105, 1191, 1060, 1064, 1168, 1093, 1097, 1170, 1094, 1185, 1091, 1069, 1128, 1117, 1100], [0, 123, 3, 7, 134, 35, 31, 103, 46, 67, 72, 105, 84, 24, 48, 131, 112, 117, 69, 17, 49, 64, 128, 25, 99, 77, 109, 118, 95, 27, 59, 114, 42, 107, 146, 85, 12, 121, 98, 20, 52, 120, 43, 21, 88, 26, 92, 143, 37, 73, 129, 177, 136, 626, 677, 697, 766, 751, 757, 832, 830, 798, 833, 878, 835, 885, 761, 853, 863, 800, 870, 792, 886, 775, 876, 890, 881, 637, 900, 1026, 1118, 1184, 1166, 1051, 1075, 1160, 926, 1015, 964, 999, 977, 1037, 958, 1042, 176, 208, 359, 428, 337, 448, 396, 420, 354, 383, 431, 875]]","[0.14553854195401073, 0.16508855298161507, 0.14568202989175916, 0.12298738490790129, 0.6209838700015098, 0.11766346613876522, 0.12620270811021328, 0.10666058585047722, 0.07693550293333828, 0.07943788287229836, 0.12042856402695179]","[35.12505018804222, 16.596983461873606, 1.7964442071970552, 9.590991862118244, 9.137730973074213, 2.855860448908061, 0.4324318668805063, 0.793902297038585, 0.06287407292984426, 0.15844015288166702, 0.07685663201846182]","[""OPTIMAL"", ""OPTIMAL"", ""OPTIMAL"", ""OPTIMAL"", ""OPTIMAL"", ""OPTIMAL"", ""OPTIMAL"", ""OPTIMAL"", ""OPTIMAL"", ""OPTIMAL"", ""OPTIMAL""]","[80.0, 73.0, 88.0, 110.99999903682706, 100.0, 89.0, 66.0, 58.0, 21.0, 33.0, 35.0]","[80.0, 73.0, 88.0, 110.99999903682706, 100.0, 89.0, 66.0, 58.0, 21.0, 33.0, 35.0]","[0.1765291199553758, 0.019853468984365463, 0.01880863611586392, 0.018670696998015046, 0.017959375167265534, 0.01748881209641695]","[512, 1511, 2453, 3442, 4473, 5560]",5560.0,"[0.24195709894411266, 0.26239156792871654, 0.21976501098833978, 0.18766746087931097, 0.1451685968786478, 0.10179133294150233]","[0.12365833902731538, 1.495008067926392, 1.6813289690762758, 1.33474260289222, 1.900696475058794, 1.9145923559553921]","[0.002715873997658491, 0.10536564816720784, 0.5073128610383719, 0.8125437879934907, 1.2162601340096444, 1800.042557049077]",TIME_LIMIT,753.999999036827,753.999999036827,869.0,862.0,0.5753739930955121,1896.2193770906888
62,9,150,6750,750,0,10,476,1800,9.76748898299411,[2.2592184310778975],[1800.0696340480354],TIME_LIMIT,720.0,706.0,0.0194444444444444,"[3.6381987910717726, 3.739087662892416, 3.841857617953792, 3.8521979090292007, 3.8541363799013197, 3.8574834188912064, 3.8727800210472196, 3.8796612229198217, 3.8832765398547053, 4.4246467559132725, 4.425920222885907, 4.427107136929408, 5.191872643074021, 5.198414895916358, 5.2003218019381166, 5.202431227080524, 5.209590760059655, 5.215262348996475, 7.673515486065298, 7.679012496955693, 9.358272226061672, 14.112468464998528, 15.324442486977205, 16.381867032963783, 16.48456430598162, 16.486680316971615, 16.693017011974007, 16.695278225000948, 16.732770489994437, 16.820966170867905, 16.91783796506934, 17.01262150495313, 17.158504049060866, 17.19300663098693, 17.4155915689189, 17.684725110884756, 18.102015144890174, 20.12293554400094, 20.126893021864817, 28.62391619803384, 30.720565598923713, 38.784581043059006, 38.786028892034665, 40.285870054969564, 41.07006311393343, 55.6818076740019, 57.869993994012475, 57.8975578059908, 83.1561347360257, 102.94198600994423, 174.14800101192668, 198.90903539699502, 270.9310888769105, 1800.066966574872]","[1083.0, 981.0, 887.0, 885.0, 828.0, 827.0, 826.0, 825.0, 821.0, 811.9999999597022, 810.9999999597022, 805.9999999597022, 781.0, 779.0, 776.0, 775.0, 774.0, 772.0, 764.0, 760.0, 759.0, 758.0, 755.0, 754.0, 753.0, 752.0, 751.0, 750.0, 749.0, 748.0, 747.0, 746.0, 745.0, 744.0, 743.0, 742.0, 741.0, 740.0, 739.0, 737.0, 736.0, 735.0, 734.0, 733.0, 732.0, 729.0, 727.0, 725.0, 724.0, 723.0, 722.0, 721.0, 720.0, 720.0]",1802.3288524791133,11,0.903680768301538,"[0.9590046988701779, 0.9649327046831849, 0.9311036713897625, 0.9431707052048245, 0.8956815535463182, 0.8740001501579546, 0.7832458937695025, 0.746337348075393, 0.6331006780806936, 0.6092944312741562, 0.5284043280329116]","[0.24202630220021523, 0.20774201154635938, 0.2747095082584313, 0.2634739980227491, 0.15565214721118584, 0.27922805313820465, 0.13607068325884905, 0.198603031960292, 0.10862502906300861, 0.16609552886726803, 0.1037446405753344]","[181.51972665016143, 153.72908854430594, 201.91148856994704, 192.33601855660686, 108.95650304783008, 178.70595400845096, 78.92099629013245, 105.25960693895476, 43.450011625203445, 59.794390392216485, 60.69061473657062]","[2.286363636363636, 1.931818181818182, 2.1, 2.031818181818182, 1.9852941176470587, 1.85, 1.65, 2.481818181818182, 1.5636363636363637, 1.7045454545454546, 1.9277777777777778]",1611.6318762936437,246.3574769332636,2.481818181818182,0.0364974039901131,0.1528621272369421,4.208843264030293,1.0461861840449274,"[750, 740, 735, 730, 700, 640, 580, 530, 400, 360, 585]","[[532, 954, 971, 947, 1003, 1049, 562, 977, 951, 918, 1040, 901, 929, 965, 945, 989, 999, 996, 1041, 904, 935, 1042, 978, 979, 915, 994, 1009, 908, 982, 1023, 993, 1015, 1047, 905, 1006, 1011, 1030, 936, 973, 990, 1012, 1008, 925, 926, 946, 1018, 913, 1039, 1043, 1046, 931, 1019, 914, 1000, 1037, 921, 934, 992, 916, 1035, 942, 975, 1045, 987, 902, 949, 969, 953, 960, 983, 988, 1002, 1031, 922, 961, 998, 1005, 1033, 930, 937, 940, 1010, 1007, 957, 962, 932, 959, 941, 944, 976, 900, 1048, 919, 964, 1013, 1022, 927, 952, 943, 956, 1016, 950, 924, 985, 928, 1014, 955, 981, 1036, 972, 1021, 1001, 907, 980, 938, 1044, 909, 974, 1029, 910, 1020, 1024, 917, 920, 933, 986, 1032, 958, 939, 968, 984, 963, 1034, 911, 948, 1004, 1110, 997, 1038, 912, 1027, 967, 1028, 995, 1025, 1017, 923, 903, 966, 970], [0, 110, 94, 84, 149, 33, 75, 116, 45, 91, 60, 88, 48, 78, 8, 32, 142, 56, 28, 54, 15, 20, 144, 52, 137, 23, 121, 123, 127, 71, 80, 133, 2, 119, 117, 3, 13, 7, 61, 46, 126, 12, 100, 131, 74, 82, 16, 97, 146, 10, 98, 79, 109, 136, 96, 40, 125, 114, 140, 55, 90, 64, 111, 76, 85, 124, 113, 132, 5, 49, 69, 135, 36, 42, 129, 34, 92, 134, 59, 587, 14, 26, 115, 35, 130, 19, 73, 1, 81, 17, 41, 86, 58, 89, 571, 101, 107, 68, 4, 38, 145, 47, 95, 11, 104, 37, 62, 118, 30, 83, 66, 72, 9, 39, 51, 141, 25, 67, 63, 93, 106, 138, 128, 139, 6, 65, 112, 27, 53, 108, 122, 77, 103, 18, 105, 143, 24, 21, 87, 102, 148, 44, 22, 70, 31, 99, 147, 234], [50, 477, 526, 481, 496, 529, 568, 450, 474, 554, 513, 543, 577, 462, 561, 467, 574, 480, 542, 482, 552, 510, 503, 539, 578, 459, 599, 563, 464, 469, 558, 472, 557, 573, 567, 586, 517, 594, 466, 555, 565, 564, 489, 521, 533, 518, 523, 595, 463, 520, 530, 559, 478, 502, 598, 495, 468, 476, 524, 505, 515, 591, 583, 536, 553, 576, 451, 479, 475, 486, 488, 538, 544, 588, 590, 458, 589, 579, 471, 484, 522, 572, 582, 534, 512, 516, 519, 491, 597, 511, 453, 473, 456, 550, 454, 545, 508, 498, 455, 549, 494, 547, 470, 584, 593, 507, 492, 535, 493, 581, 497, 490, 514, 540, 531, 537, 569, 596, 556, 460, 585, 551, 452, 546, 504, 570, 580, 592, 525, 528, 499, 566, 548, 501, 575, 465, 509, 457, 487, 506, 461, 485, 500, 527, 560, 687, 1026], [801, 1259, 1202, 814, 1340, 1210, 1309, 1341, 1212, 1229, 1239, 1261, 1228, 1294, 1345, 1263, 1310, 1318, 1272, 1254, 1312, 1264, 1329, 1278, 1206, 1343, 1333, 1214, 1255, 1256, 1288, 1203, 1277, 1280, 1283, 1323, 1224, 1275, 1238, 1219, 1260, 1222, 1281, 1257, 1236, 1313, 1258, 1334, 1266, 1292, 1302, 1209, 1290, 1303, 1304, 1218, 1307, 1249, 1319, 1207, 1241, 1232, 1325, 1227, 1339, 1237, 1262, 1215, 1298, 1337, 1234, 1217, 1316, 1289, 1349, 1247, 1230, 1271, 1250, 1315, 1338, 1244, 1270, 1273, 1299, 1286, 1336, 1060, 1346, 1251, 1284, 1330, 1204, 1201, 1287, 1248, 1225, 1311, 1335, 1208, 1274, 1342, 1216, 1231, 1226, 1291, 1243, 1246, 1326, 1279, 1205, 1324, 1332, 1221, 1305, 1297, 1245, 1314, 1267, 1331, 1252, 1296, 1265, 1308, 1285, 1344, 1276, 1300, 1213, 1317, 1253, 1328, 1348, 1233, 1268, 1327, 1293, 1295, 1301, 1211, 1220, 1320, 1242, 1269, 1321, 1282], [483, 541, 727, 714, 631, 730, 600, 745, 645, 652, 725, 633, 601, 626, 676, 707, 628, 686, 606, 658, 672, 746, 610, 699, 720, 744, 635, 612, 634, 641, 698, 664, 684, 702, 620, 713, 735, 683, 740, 603, 623, 719, 618, 678, 604, 627, 691, 705, 723, 605, 706, 608, 619, 621, 733, 632, 639, 738, 638, 667, 669, 642, 716, 656, 747, 646, 649, 700, 689, 704, 654, 709, 721, 665, 701, 607, 674, 668, 697, 708, 717, 616, 662, 703, 670, 722, 660, 688, 748, 671, 749, 622, 680, 659, 695, 739, 661, 677, 602, 666, 712, 718, 648, 732, 742, 609, 736, 728, 643, 644, 651, 737, 685, 629, 673, 614, 690, 681, 647, 675, 617, 655, 694, 743, 613, 663, 696, 1177, 625, 692, 724, 679, 711, 693, 729, 682, 637, 726, 734, 886], [384, 777, 764, 873, 806, 773, 840, 845, 825, 843, 884, 751, 816, 859, 860, 823, 1306, 1223, 1235, 1322, 1240, 731, 854, 827, 753, 778, 812, 791, 800, 818, 808, 834, 880, 897, 767, 779, 802, 797, 813, 879, 892, 783, 765, 864, 887, 774, 835, 841, 868, 833, 824, 826, 867, 876, 809, 858, 872, 772, 871, 848, 836, 829, 883, 788, 798, 811, 789, 807, 875, 750, 891, 771, 874, 780, 805, 889, 784, 882, 785, 828, 839, 898, 755, 895, 760, 831, 820, 888, 890, 838, 759, 781, 896, 763, 844, 804, 885, 822, 796, 855, 894, 837, 851, 877, 847, 870, 856, 752, 878, 790, 819, 775, 810, 794, 853, 899, 832, 756, 757, 761, 758, 762, 793, 861, 770, 787, 850, 857], [906, 1163, 1086, 1057, 1075, 1105, 1198, 1051, 1149, 1080, 1178, 1160, 1194, 1064, 1071, 1088, 1151, 1100, 1121, 1154, 1192, 1052, 1077, 1098, 1053, 1118, 1122, 1197, 1085, 1091, 1128, 1095, 1132, 1156, 1189, 1058, 1159, 1180, 1143, 1124, 1188, 1089, 1108, 1137, 1155, 1056, 1167, 1074, 1111, 1144, 1134, 1061, 1138, 1059, 1179, 1079, 1191, 991, 1087, 1181, 1116, 1148, 1050, 1169, 1113, 1115, 1117, 1065, 1173, 1097, 1140, 1147, 1101, 1127, 1062, 1193, 1175, 1185, 1131, 1055, 1063, 1125, 1109, 1070, 1146, 1164, 1066, 1145, 1171, 1162, 1067, 1199, 1150, 1153, 1102, 1161, 1136, 1072, 1092, 1112, 1172, 1103, 1152, 1158, 1073, 1195, 1076, 1106, 1094, 1130, 1129, 1107, 1183, 1114, 1123, 1166], [29, 191, 43, 57, 150, 273, 199, 291, 165, 266, 611, 200, 157, 194, 657, 615, 624, 650, 630, 636, 710, 741, 640, 715, 653, 160, 256, 215, 283, 164, 282, 296, 170, 287, 176, 285, 197, 276, 198, 292, 255, 175, 270, 182, 238, 171, 226, 190, 267, 213, 222, 247, 185, 278, 281, 204, 275, 240, 152, 192, 209, 293, 284, 259, 236, 265, 253, 203, 274, 186, 258, 224, 173, 177, 223, 202, 251, 219, 228, 153, 189, 162, 250, 208, 211, 196, 159, 183, 230, 262, 225, 254, 231, 260, 294, 289, 174, 295, 184, 193, 263, 288, 207, 249, 232, 272], [300, 754, 344, 446, 331, 436, 364, 388, 362, 413, 376, 306, 374, 378, 440, 390, 430, 308, 323, 342, 372, 366, 396, 422, 319, 443, 449, 343, 370, 416, 397, 301, 334, 395, 328, 361, 332, 353, 441, 382, 314, 333, 335, 400, 387, 348, 438, 305, 375, 429, 381, 421, 411, 435, 311, 383, 434, 309, 391, 324, 420, 339, 389, 401, 394, 340, 431, 371, 425, 393, 303, 365, 327, 412, 414, 351, 386, 427, 313, 419], [168, 271, 799, 359, 410, 307, 318, 377, 350, 447, 426, 360, 329, 402, 312, 369, 445, 326, 304, 356, 330, 352, 448, 320, 347, 418, 354, 367, 355, 444, 315, 403, 325, 368, 399, 433, 437, 404, 417, 205, 261, 277, 392, 346, 405, 424, 321, 345, 337, 363, 406, 336, 398, 439, 380, 302, 407, 423, 358, 373, 379, 316, 349, 310, 408, 317, 357, 322, 338, 341, 415, 432], [120, 195, 216, 229, 269, 156, 187, 151, 172, 188, 248, 227, 279, 268, 155, 169, 246, 239, 298, 299, 217, 221, 286, 161, 166, 181, 178, 206, 163, 210, 257, 167, 180, 214, 218, 154, 235, 220, 237, 244, 245, 264, 243, 201, 242, 297, 212, 252, 233, 290, 1054, 1126, 1174, 1347, 1099, 1184, 1157, 1069, 1083, 1200, 1090, 1135, 1176, 1068, 1120, 1187, 1141, 1186, 1081, 1082, 1096, 1139, 1119, 1142, 1165, 1078, 1168, 1084, 1182, 1093, 1190, 1104, 1170, 1133, 1196, 766, 769, 803, 776, 786, 881, 846, 863, 852, 768, 842, 782, 815, 849, 865, 866, 869, 792, 817, 830, 795, 862, 821, 893, 158, 241, 179, 280, 428, 442, 385, 409]]","[0.1414841739460826, 0.13759897486306727, 0.15110791916958988, 0.1237821439281106, 0.1448005170095712, 0.11985859903506935, 0.7011290630325675, 0.11578450491651893, 0.07764529995620251, 0.07030843896791339, 0.12932356796227396]","[15.684212201973423, 2.203233065083623, 2.965401178924367, 3.237151372944936, 1.6939529699739069, 1.9574191651772708, 0.7190325590781868, 0.23139008600264788, 0.07670988282188773, 0.08414821699261665, 0.05438736220821738]","[""OPTIMAL"", ""OPTIMAL"", ""OPTIMAL"", ""OPTIMAL"", ""OPTIMAL"", ""OPTIMAL"", ""OPTIMAL"", ""OPTIMAL"", ""OPTIMAL"", ""OPTIMAL"", ""OPTIMAL""]","[72.0, 65.0, 68.0, 123.0, 57.0, 68.0, 56.0, 40.0, 31.0, 21.0, 21.0]","[72.0, 65.0, 68.0, 123.0, 57.0, 68.0, 56.0, 40.0, 31.0, 21.0, 21.0]","[0.1756916071753949, 0.019290416967123747, 0.018374463077634573]","[604, 1564, 2439]",2439.0,"[0.29577979096211493, 0.25522352498956025, 0.20544472010806203]","[0.1608067520428449, 1.0343824459705502, 1.7233068579807878]","[0.003401438007131219, 0.11551316198892891, 24.755398991983384]",OPTIMAL,622.0,622.0,824.0,824.0,12.62135922330097,64.83750488329679
62,9,150,6750,750,0,10,477,1800,9.416637090966104,"[2.2655943350400776, 2.2495066141709685]","[3.9196736889425665, 1800.0663214200176]",TIME_LIMIT,802.0,787.0,0.0187032418952618,"[5.178408886073157, 5.351280651055276, 6.4101213701069355, 6.454456420149654, 6.4576150921639055, 6.463254013098776, 6.469171764096245, 6.519598840037361, 6.604399241041392, 6.7059016961138695, 6.773629947099835, 7.107808156171814, 7.646158317103982, 8.888314851094037, 8.893520031124353, 8.898701435187832, 9.47571107908152, 9.477655690163374, 9.54930574609898, 10.532742039998993, 11.491641600150615, 11.770728355972096, 11.926605554996058, 12.673972310032696, 12.693591648014262, 12.876855974085629, 13.112319759093225, 13.21485993405804, 13.418805533088744, 13.606384224025533, 13.906422151019797, 14.03612781711854, 14.039306396152824, 14.402404873166233, 14.407938104122877, 40.36199121107347, 65.41328125400469, 69.04799347696826, 82.70023122197017, 98.09821108402684, 113.5286834880244, 115.53381726006046, 127.74803033214994, 344.880460142158, 415.37537109619007, 1061.0436590840109, 1361.489522821037, 1800.0627838051878]","[1270.0, 1068.0, 959.0, 956.0, 904.0, 895.0, 894.0, 885.0, 883.0, 881.0, 879.0, 878.0, 876.0, 860.0, 859.0, 858.0, 854.0, 852.0, 850.0, 848.0, 844.0, 841.0, 840.0, 834.0, 833.0, 832.0, 830.0, 829.0, 828.0, 826.0, 823.0, 822.0, 821.0, 820.0, 819.0, 818.0, 814.0, 811.0, 810.0, 809.0, 808.0, 807.0, 806.0, 805.0, 804.0, 803.0, 802.0, 802.0]",1808.5010960581712,10,0.919623201342746,"[0.8624124749648331, 0.8469947925415757, 0.9086243163651662, 0.9593896504727961, 0.9479754616651372, 0.9063500388851712, 0.8095971259943546, 0.9040367963482412, 0.7904468052779823, 0.43682918728888387]","[0.07307761246460871, 0.06206342630689668, 0.11972870707503397, 0.2361276802075153, 0.07690087213828632, 0.05817626983183536, 0.08619154837519534, 0.11836752625521879, 0.06168196236131018, 0.013746003982135914]","[53.7120451614874, 44.99598407250009, 86.80331262939963, 171.19256815044858, 54.984123578874716, 40.72338888228475, 57.74833741138088, 79.30624259099659, 40.09327553485162, 5.979511732229122]","[1.45, 1.5958333333333334, 1.5833333333333335, 1.9604166666666665, 1.7, 1.5666666666666667, 2.0333333333333328, 1.75, 1.6583333333333337, 1.3479166666666667]",739.7629120974367,104.22412235298329,2.0333333333333328,0.0154406107189604,0.1408885477339456,4.140476519009098,1.1516673639416697,"[735, 725, 725, 725, 715, 700, 670, 670, 650, 435]","[[13, 119, 102, 22, 69, 95, 56, 543, 529, 563, 484, 76, 552, 459, 501, 564, 580, 462, 523, 535, 588, 547, 491, 546, 583, 599, 571, 496, 522, 482, 549, 510, 518, 534, 450, 542, 457, 463, 514, 502, 511, 573, 594, 460, 553, 467, 590, 465, 455, 492, 569, 700, 505, 551, 570, 576, 565, 718, 451, 536, 466, 483, 545, 456, 470, 461, 568, 566, 508, 556, 578, 584, 589, 452, 488, 598, 507, 559, 494, 574, 539, 453, 544, 525, 498, 531, 537, 560, 473, 528, 540, 595, 454, 558, 475, 468, 472, 516, 474, 513, 481, 526, 586, 500, 512, 469, 495, 533, 499, 582, 458, 478, 593, 477, 610, 721, 677, 687, 476, 490, 493, 562, 530, 548, 567, 541, 596, 471, 695, 737, 479, 519, 497, 485, 520, 486, 577, 480, 524, 489, 503, 554, 587, 538, 532, 592, 550], [2, 239, 170, 273, 208, 209, 259, 230, 250, 260, 232, 271, 172, 241, 247, 221, 251, 233, 223, 237, 234, 150, 168, 161, 274, 185, 267, 272, 298, 275, 166, 201, 183, 151, 158, 213, 211, 202, 163, 262, 186, 187, 175, 257, 235, 210, 287, 155, 254, 269, 190, 296, 160, 171, 165, 178, 182, 253, 212, 184, 197, 152, 248, 634, 249, 252, 154, 216, 256, 192, 205, 266, 299, 179, 227, 195, 283, 224, 246, 156, 176, 281, 261, 157, 189, 291, 164, 159, 222, 258, 177, 198, 167, 448, 614, 625, 280, 382, 153, 245, 217, 295, 264, 240, 282, 278, 188, 196, 263, 297, 194, 207, 285, 229, 255, 286, 199, 225, 236, 218, 220, 277, 292, 290, 169, 204, 181, 206, 226, 228, 243, 289, 174, 231, 162, 203, 609, 708, 265, 180, 191, 244, 268, 288, 279], [173, 276, 294, 214, 418, 346, 395, 407, 443, 441, 323, 356, 327, 355, 394, 425, 435, 193, 242, 415, 311, 419, 413, 447, 300, 322, 393, 396, 305, 390, 329, 308, 439, 345, 354, 380, 310, 334, 438, 320, 368, 426, 359, 367, 400, 301, 364, 361, 401, 449, 307, 348, 427, 369, 444, 328, 405, 374, 392, 429, 309, 321, 306, 337, 312, 440, 408, 316, 336, 339, 350, 428, 406, 331, 381, 389, 437, 330, 385, 388, 431, 360, 304, 363, 326, 342, 302, 365, 445, 411, 377, 372, 387, 403, 338, 351, 303, 344, 376, 314, 398, 434, 341, 318, 386, 349, 357, 422, 420, 317, 375, 319, 370, 412, 424, 313, 442, 335, 352, 384, 391, 430, 378, 325, 353, 432, 358, 397, 433, 436, 446, 315, 332, 371, 333, 402, 399, 410, 347, 366, 414, 416, 362, 409, 417], [1200, 1250, 1267, 1271, 1273, 1207, 1260, 1225, 1253, 1304, 1327, 1270, 1283, 1281, 1294, 1319, 1262, 1345, 1285, 1341, 1324, 1340, 1326, 1201, 1289, 1336, 1346, 1202, 1255, 1203, 1272, 1264, 1284, 1216, 1230, 1259, 1318, 1219, 1348, 1244, 1232, 1317, 1295, 1349, 1252, 1314, 1214, 1301, 1263, 1248, 1330, 1280, 1323, 1210, 1328, 1322, 1302, 1211, 1220, 1254, 1266, 1298, 1311, 1212, 1228, 1268, 1247, 1276, 1286, 1239, 1269, 1290, 1335, 1287, 1308, 1306, 1344, 1205, 1208, 1303, 1221, 1334, 1243, 1288, 1257, 1331, 1307, 1245, 1309, 1343, 1299, 1209, 1215, 1236, 1279, 1227, 1339, 1342, 1217, 1297, 1224, 1237, 1337, 1256, 1296, 1204, 1226, 1258, 1292, 1233, 1246, 1251, 1300, 1218, 1315, 1275, 1316, 1320, 1213, 1223, 1274, 1277, 1235, 1222, 1229, 1310, 1347, 1206, 1249, 1234, 1240, 1325, 1338, 1241, 1291, 1332, 1242, 1313, 1238, 1333, 1278, 1282, 1293, 1305, 1321], [0, 19, 140, 89, 139, 110, 134, 130, 143, 7, 9, 113, 30, 135, 21, 75, 52, 41, 25, 86, 42, 59, 23, 34, 80, 126, 105, 97, 32, 128, 124, 68, 71, 131, 146, 6, 54, 8, 66, 88, 104, 137, 14, 57, 29, 60, 36, 49, 61, 67, 79, 24, 48, 148, 84, 53, 109, 27, 55, 81, 47, 77, 3, 133, 39, 87, 118, 11, 74, 117, 18, 73, 44, 145, 16, 45, 63, 141, 132, 20, 40, 114, 138, 35, 85, 17, 37, 112, 103, 108, 122, 43, 107, 72, 96, 144, 120, 51, 115, 1, 26, 92, 136, 62, 46, 15, 50, 121, 149, 31, 101, 33, 58, 83, 127, 111, 100, 78, 82, 99, 147, 125, 129, 238, 270, 65, 70, 93, 4, 142, 123, 94, 5, 116, 98, 38, 90, 64, 10, 12, 28, 91, 106], [521, 527, 597, 585, 907, 958, 991, 1029, 1037, 1041, 901, 953, 1013, 910, 986, 916, 982, 1046, 919, 903, 999, 1031, 981, 924, 985, 1002, 935, 954, 939, 1048, 987, 1024, 1038, 974, 947, 989, 969, 1040, 998, 1015, 902, 1036, 912, 984, 928, 911, 1010, 975, 1033, 922, 960, 965, 933, 930, 952, 937, 936, 1000, 906, 1020, 979, 1028, 967, 1014, 971, 927, 1049, 951, 976, 1006, 941, 945, 1042, 1012, 977, 948, 950, 956, 968, 920, 1009, 923, 988, 1016, 1030, 904, 932, 934, 1005, 1035, 908, 921, 1044, 990, 1008, 1027, 914, 942, 994, 1034, 1047, 915, 944, 918, 925, 966, 959, 961, 1021, 909, 949, 931, 957, 913, 1043, 926, 962, 1025, 1045, 1022, 997, 1018, 1032, 938, 992, 972, 1039, 993, 1026, 946, 1017, 980, 995, 1001, 996, 1003, 1023, 1007, 978, 1011], [200, 215, 219, 662, 293, 670, 607, 722, 601, 704, 618, 653, 683, 699, 606, 631, 745, 637, 640, 600, 649, 706, 638, 643, 673, 685, 660, 608, 619, 663, 747, 647, 732, 626, 284, 628, 615, 624, 674, 616, 697, 623, 632, 669, 684, 735, 627, 716, 487, 602, 639, 688, 698, 724, 605, 742, 661, 676, 690, 707, 630, 702, 723, 636, 701, 696, 740, 744, 603, 617, 714, 725, 729, 644, 648, 682, 657, 654, 709, 686, 694, 612, 667, 775, 886, 666, 680, 629, 668, 675, 613, 679, 731, 622, 730, 650, 651, 734, 620, 691, 633, 672, 703, 715, 641, 664, 741, 652, 655, 748, 710, 611, 720, 621, 671, 712, 678, 692, 646, 658, 727, 665, 635, 728, 689, 738, 736, 693, 659, 719, 717, 746, 739, 749], [421, 898, 750, 763, 887, 830, 855, 767, 841, 848, 782, 885, 784, 884, 776, 894, 897, 824, 755, 1312, 842, 863, 876, 781, 792, 847, 820, 832, 780, 864, 801, 856, 849, 882, 865, 896, 751, 831, 788, 854, 822, 790, 836, 811, 860, 809, 812, 843, 756, 873, 764, 857, 816, 752, 807, 789, 895, 819, 802, 757, 840, 793, 758, 786, 805, 765, 774, 839, 858, 861, 899, 838, 760, 892, 828, 759, 785, 777, 773, 815, 891, 766, 869, 817, 859, 813, 834, 761, 800, 778, 804, 837, 880, 806, 862, 875, 772, 825, 851, 795, 835, 846, 852, 753, 853, 868, 769, 889, 821, 870, 762, 794, 770, 833, 883, 771, 871, 796, 845, 814, 829, 823, 879, 779, 881, 810, 827, 844, 768, 877, 866, 797, 872, 888], [604, 1103, 890, 656, 1056, 1130, 1261, 1121, 1190, 1157, 1063, 1079, 1092, 1194, 1066, 1142, 1181, 1052, 1132, 1067, 1126, 1076, 1055, 1059, 1069, 1168, 1141, 1155, 1081, 1057, 1064, 1071, 1101, 1108, 1136, 1191, 1175, 1197, 1102, 1158, 1123, 1169, 1112, 1131, 1146, 1149, 1143, 1189, 1152, 1060, 1093, 1166, 1163, 1061, 1176, 1078, 1074, 1114, 1099, 1196, 1128, 1096, 1133, 1113, 1100, 1144, 1156, 1083, 1177, 1198, 1125, 1134, 1097, 1124, 1192, 1173, 1129, 1148, 1145, 1186, 642, 711, 645, 681, 743, 733, 713, 1159, 726, 705, 1115, 1077, 1054, 1150, 1065, 1119, 1160, 1095, 1184, 1187, 1050, 1107, 1151, 1183, 1062, 1120, 1137, 1147, 1073, 1117, 1087, 1127, 1161, 1089, 1058, 1165, 1139, 1080, 1105, 1178, 1154, 1091, 1094, 1118, 1122, 1104, 1082, 1170, 1167, 1162], [1051, 1182, 1193, 1085, 1185, 1172, 1199, 1053, 1070, 1116, 1110, 1086, 1138, 1068, 1090, 1164, 1098, 1174, 1072, 1106, 1179, 1140, 1188, 1088, 1135, 1109, 1111, 1195, 1075, 1084, 1171, 1153, 1180, 464, 506, 579, 581, 575, 517, 929, 555, 591, 905, 973, 1004, 964, 943, 970, 917, 983, 955, 1019, 504, 572, 515, 557, 509, 561, 900, 963, 940, 754, 799, 803, 874, 808, 818, 893, 1231, 1329, 1265, 878, 850, 783, 791, 826, 787, 798, 867, 324, 340, 373, 383, 343, 379, 423, 404]]","[0.7882053940556943, 0.20241601904854178, 0.17354873497970402, 0.1716132469009608, 0.18063551001250744, 0.17557076690718532, 0.8037122569512576, 0.1648552210535854, 0.17680887202732265, 0.14291905309073627]","[2.823598242131993, 1.6518902061507106, 85.83274585194886, 5.27068174793385, 4.783622192917392, 0.7175351290497929, 3.7404187140055, 3.790759305935353, 0.6911091548390687, 0.06408501300029457]","[""OPTIMAL"", ""OPTIMAL"", ""OPTIMAL"", ""OPTIMAL"", ""OPTIMAL"", ""OPTIMAL"", ""OPTIMAL"", ""OPTIMAL"", ""OPTIMAL"", ""OPTIMAL""]","[66.0, 39.0, 84.0, 146.0, 91.0, 49.0, 62.0, 79.0, 75.0, 27.0]","[66.0, 39.0, 84.0, 146.0, 91.0, 49.0, 62.0, 79.0, 75.0, 27.0]","[0.22144578280858696, 0.019573635887354612]","[478, 1660]",1660.0,"[0.29173706099390984, 0.3778715501539409]","[0.19302538805641234, 2.221002850914374]","[0.003799526020884514, 3.478350586956367]",OPTIMAL,718.0,718.0,963.0,963.0,16.71858774662513,124.4456808976829
62,9,150,6750,750,0,10,478,1800,9.306532899849117,[1.9463302160147578],[1800.055041857995],TIME_LIMIT,719.0,709.0,0.0139082058414464,"[3.353198952972889, 3.459131225012243, 3.6006672580260783, 3.6132802220527083, 3.6151354701723903, 3.617873504990712, 3.6210078571457416, 3.639143206179142, 3.6428758820984513, 4.0020207420457155, 4.003246817970648, 4.00433759810403, 4.0054305989760906, 4.006517758127302, 4.007602289086208, 4.00868510408327, 4.009770559147, 4.010844824137166, 4.581464484101161, 4.586268590064719, 4.595842982176691, 5.408704100176692, 5.587860017083585, 5.589190819999203, 5.590428966097534, 5.591676736017689, 5.592867236118764, 6.558589761145413, 6.6237165161874145, 7.15270828618668, 8.02840897301212, 10.862252731109038, 12.315058049047366, 12.823471465148032, 13.060034204041585, 13.282689411193132, 13.284976204158738, 13.390685043064877, 13.645156603073701, 13.647701594047248, 13.773973998147994, 23.64484275202267, 36.56906159198843, 53.749285442056134, 71.96615631110035, 76.21465525310487, 87.57822196302004, 87.94878797815181, 131.53063591802493, 151.36200405005366, 151.36874170717783, 248.6211945260875, 1800.0522850640118]","[1208.0, 1046.0, 949.0, 941.0, 865.0, 864.0, 861.0, 860.0, 858.0, 824.0, 822.0, 820.0, 818.0, 817.0, 813.0, 811.0, 810.0, 804.0, 775.0, 772.0, 771.0, 770.0, 762.0, 761.0, 760.0, 759.0, 757.0, 755.0, 753.0, 749.0, 747.0, 745.0, 744.0, 743.0, 740.0, 738.0, 736.0, 733.0, 732.0, 731.0, 730.0, 729.0, 728.0, 727.0, 726.0, 724.9999996553554, 724.0, 723.0, 722.0, 721.0, 720.0, 719.0, 719.0]",1802.0013720740096,11,0.9120314498350351,"[0.932744339551879, 0.9266840123808461, 0.8674358318220758, 0.901288893209646, 0.9354493556898007, 0.9156950392297833, 0.8884540765313893, 0.7644952909062326, 0.6625918171817892, 0.6517316441592473, 0.5242071836244261]","[0.26086176684444456, 0.20985833142198787, 0.20812247830154496, 0.28801977415274804, 0.2078543745617158, 0.2081034763310305, 0.17010455946988454, 0.16612250826852606, 0.13227401450789755, 0.06462788419310157, 0.0567914190379994]","[193.03770746488897, 153.19658193805114, 149.84818437711237, 205.93413851921486, 147.5766059388182, 145.67243343172134, 102.06273568193072, 93.85921717171723, 57.53919631093544, 25.204874835309614, 25.272181471909732]","[2.05, 2.159090909090909, 2.05, 2.2, 2.05, 1.9388888888888889, 1.722222222222222, 1.75, 1.7, 1.35, 1.5444444444444445]",1486.8819554773136,187.6780983357039,2.2,0.0278041627164005,0.1262225946345081,4.173010831000283,1.0473563170526177,"[740, 730, 720, 715, 710, 700, 600, 565, 435, 390, 445]","[[168, 394, 233, 241, 321, 294, 307, 361, 358, 412, 340, 393, 348, 367, 408, 396, 322, 337, 437, 341, 419, 439, 300, 347, 414, 395, 428, 316, 390, 397, 409, 305, 352, 421, 444, 309, 319, 336, 380, 410, 353, 365, 432, 338, 404, 343, 387, 359, 391, 402, 330, 372, 401, 426, 424, 443, 362, 368, 388, 407, 413, 442, 301, 311, 427, 379, 375, 447, 326, 448, 373, 389, 441, 303, 304, 310, 323, 363, 356, 403, 345, 354, 405, 449, 308, 320, 420, 422, 328, 302, 306, 392, 400, 406, 313, 317, 332, 339, 333, 349, 364, 383, 382, 423, 425, 312, 315, 346, 435, 360, 369, 399, 357, 376, 431, 314, 335, 418, 334, 417, 415, 329, 344, 355, 370, 434, 438, 440, 324, 342, 411, 325, 366, 416, 429, 433, 327, 331, 351, 385, 374, 377, 445, 446, 318, 430, 398, 234], [150, 190, 221, 251, 167, 291, 206, 175, 220, 183, 272, 184, 214, 236, 250, 299, 156, 197, 277, 162, 229, 166, 218, 203, 248, 264, 189, 151, 224, 227, 242, 185, 282, 296, 249, 276, 163, 198, 280, 160, 288, 283, 200, 205, 222, 188, 223, 161, 381, 386, 187, 231, 172, 259, 174, 285, 216, 279, 194, 255, 254, 210, 240, 237, 157, 244, 195, 238, 159, 182, 262, 293, 196, 245, 191, 256, 226, 271, 152, 179, 228, 154, 215, 235, 199, 263, 165, 230, 173, 273, 252, 275, 239, 270, 298, 169, 284, 278, 265, 207, 295, 164, 258, 170, 217, 247, 261, 180, 274, 289, 292, 202, 286, 246, 253, 193, 232, 260, 257, 290, 171, 268, 181, 243, 204, 153, 297, 158, 176, 208, 209, 269, 178, 219, 281, 640, 747, 225, 267, 155, 287, 186, 177, 213, 266, 192], [1050, 1071, 1053, 1171, 1126, 1159, 1190, 1052, 1197, 1146, 1167, 1177, 1198, 1061, 1065, 1164, 1091, 1183, 1093, 1118, 1128, 1155, 1172, 1173, 1082, 1134, 1135, 1097, 1138, 1137, 1162, 1079, 1051, 1168, 1112, 1181, 1115, 1113, 1058, 1131, 1084, 1090, 1121, 1054, 1109, 1195, 1116, 1151, 1187, 1176, 1055, 1068, 1088, 1100, 1060, 1103, 1180, 1089, 1186, 1122, 1081, 1140, 1102, 1170, 1056, 1092, 1105, 1136, 1083, 1104, 1143, 1347, 1094, 1110, 1067, 1075, 1191, 1193, 1132, 1073, 1106, 1099, 1194, 1314, 1127, 1196, 1096, 1101, 1163, 1119, 1319, 1231, 1057, 1199, 1188, 1129, 1145, 1074, 1182, 1156, 1066, 1123, 1150, 1069, 1124, 1133, 1185, 1077, 1158, 1178, 1111, 1153, 1175, 1062, 1147, 1169, 1085, 1141, 1139, 1098, 1076, 1078, 1161, 1080, 1157, 1117, 1160, 1107, 1144, 1148, 1174, 1063, 1087, 1149, 1072, 1070, 1152, 1108, 1086, 1125, 1095, 1179, 1120, 1166], [350, 881, 1201, 1290, 1294, 1219, 1268, 1248, 1316, 1225, 1246, 1315, 1259, 1227, 1247, 1286, 1267, 1339, 1200, 1211, 1337, 1236, 1287, 1283, 1284, 1291, 1322, 1253, 1203, 1341, 1305, 1218, 1298, 1222, 1264, 1232, 1324, 1329, 1204, 1243, 1275, 1260, 1223, 1258, 1311, 1205, 1300, 1309, 1285, 1320, 1338, 1349, 1212, 1244, 1207, 1242, 1234, 1332, 1288, 1214, 1289, 1240, 1241, 1346, 1233, 1270, 1220, 1254, 1302, 1334, 1221, 1277, 1301, 1310, 1230, 1213, 1216, 1335, 1217, 1226, 1224, 1295, 1238, 1280, 1330, 1292, 1299, 1313, 1184, 1202, 1250, 1278, 1344, 1297, 1323, 1343, 1345, 1208, 1239, 1255, 1271, 1336, 1235, 1333, 1348, 1215, 1273, 1265, 1317, 1266, 1272, 1282, 1281, 1327, 1206, 1261, 1340, 1321, 1307, 1257, 1209, 1256, 1342, 1308, 1263, 1276, 1303, 1326, 1228, 1262, 1229, 1245, 1325, 1318, 1237, 1293, 1279, 1328, 1210, 1331, 1269, 1304, 1274], [31, 507, 585, 494, 567, 451, 455, 515, 550, 473, 479, 492, 594, 554, 461, 491, 532, 595, 498, 564, 529, 572, 475, 481, 486, 524, 547, 584, 537, 457, 578, 513, 581, 516, 552, 534, 593, 469, 562, 497, 540, 548, 471, 576, 505, 528, 508, 555, 574, 450, 580, 579, 587, 452, 530, 464, 482, 559, 460, 502, 546, 487, 453, 467, 553, 566, 458, 503, 544, 568, 463, 549, 556, 499, 536, 459, 462, 514, 520, 506, 582, 526, 512, 560, 543, 551, 478, 483, 522, 538, 561, 500, 474, 533, 539, 573, 511, 472, 557, 635, 518, 570, 525, 535, 541, 558, 575, 596, 454, 510, 527, 571, 476, 517, 586, 589, 565, 598, 588, 470, 490, 597, 456, 477, 545, 493, 523, 488, 496, 591, 599, 480, 495, 509, 465, 468, 542, 590, 531, 484, 519, 577], [0, 68, 52, 91, 102, 134, 6, 44, 59, 98, 129, 26, 1, 123, 111, 149, 43, 7, 64, 27, 15, 25, 49, 20, 48, 115, 19, 124, 21, 83, 2, 76, 41, 47, 66, 127, 73, 29, 60, 3, 22, 12, 133, 34, 125, 9, 103, 11, 40, 23, 4, 65, 37, 86, 53, 119, 74, 28, 56, 94, 33, 46, 108, 147, 75, 78, 132, 32, 93, 120, 51, 69, 144, 10, 13, 121, 16, 62, 138, 18, 118, 90, 143, 39, 63, 50, 130, 55, 80, 71, 126, 489, 82, 89, 87, 99, 105, 106, 131, 95, 122, 8, 30, 45, 85, 142, 104, 116, 145, 92, 110, 140, 5, 38, 57, 146, 67, 79, 112, 100, 107, 96, 137, 148, 24, 88, 109, 36, 113, 42, 101, 58, 35, 136, 84, 117, 128, 135, 592, 139], [902, 996, 942, 980, 932, 973, 918, 975, 988, 1025, 1043, 968, 987, 907, 1048, 979, 991, 929, 1015, 1046, 906, 1006, 915, 1023, 933, 945, 908, 1026, 911, 956, 1017, 953, 986, 1033, 990, 974, 1035, 903, 923, 940, 976, 1018, 919, 1007, 998, 920, 989, 960, 1019, 994, 912, 985, 931, 1016, 961, 947, 1021, 982, 1024, 910, 967, 1034, 983, 972, 1010, 977, 1012, 927, 1022, 1044, 941, 952, 1037, 922, 1045, 964, 1031, 957, 969, 926, 1009, 1014, 936, 949, 1000, 1001, 1029, 1030, 904, 971, 909, 955, 917, 965, 913, 951, 1027, 1041, 981, 914, 924, 1008, 1032, 999, 963, 993, 1013, 1040, 978, 916, 1036, 1028, 1038, 1039, 959, 970, 934, 992, 1003, 938], [371, 841, 848, 378, 384, 436, 864, 753, 767, 850, 776, 819, 812, 769, 836, 773, 797, 895, 760, 762, 829, 757, 860, 835, 821, 761, 853, 893, 783, 791, 805, 858, 808, 875, 823, 880, 756, 877, 866, 878, 884, 806, 869, 822, 851, 798, 815, 833, 750, 889, 891, 758, 816, 826, 847, 794, 796, 807, 844, 751, 786, 781, 830, 803, 859, 846, 763, 800, 789, 828, 832, 871, 754, 883, 897, 784, 787, 813, 810, 840, 759, 766, 885, 778, 887, 788, 1306, 1312, 809, 765, 888, 772, 771, 872, 894, 782, 775, 777, 831, 795, 845, 785, 852, 802, 811, 820, 898, 868, 755, 779, 861, 873, 774], [466, 669, 485, 501, 583, 616, 699, 504, 609, 615, 667, 664, 624, 701, 668, 670, 687, 645, 672, 569, 638, 715, 710, 726, 637, 644, 656, 619, 725, 626, 623, 691, 739, 688, 731, 622, 633, 684, 666, 674, 675, 627, 665, 677, 521, 614, 605, 713, 749, 734, 744, 745, 727, 743, 695, 1059, 1064, 607, 620, 659, 704, 680, 716, 693, 689, 706, 601, 649, 602, 642, 711, 685, 740, 686, 697, 690, 634, 709, 1154, 1165, 651, 722, 718, 712, 721, 1114, 1130], [201, 211, 728, 647, 741, 738, 603, 613, 629, 621, 658, 646, 730, 663, 661, 682, 702, 604, 628, 673, 681, 612, 657, 708, 694, 719, 748, 724, 729, 617, 698, 643, 662, 714, 735, 671, 679, 600, 618, 606, 717, 632, 705, 746, 650, 707, 723, 610, 655, 648, 652, 683, 736, 611, 732, 737, 630, 742, 653, 703, 733, 608, 692, 654, 720, 639, 700, 625, 636, 678, 660, 631, 1142, 1192, 1189, 676, 641, 696], [752, 818, 896, 790, 854, 855, 804, 764, 792, 768, 780, 817, 870, 770, 856, 839, 849, 863, 874, 892, 876, 801, 843, 825, 867, 837, 882, 824, 834, 793, 862, 857, 814, 879, 1251, 1249, 799, 865, 827, 899, 838, 890, 1252, 1296, 842, 886, 563, 900, 928, 1047, 954, 905, 950, 930, 1049, 925, 943, 921, 935, 958, 984, 1020, 1042, 937, 966, 944, 1005, 1004, 939, 901, 946, 995, 1011, 948, 1002, 962, 997, 14, 61, 70, 17, 77, 81, 212, 54, 72, 114, 97, 141]]","[0.1441490368451923, 0.14820116199553013, 0.13077067211270332, 0.11474795802496374, 0.13587605790235102, 0.14400927303358912, 0.11510513280518353, 0.7870381509419531, 0.10181982279755175, 0.0812044870108366, 0.10460662399418652]","[1.797252238029614, 2.23387066507712, 2.0017294969875365, 2.321887728990987, 1.1975606998894364, 1.1319025021512061, 0.7790848300792277, 0.9484250999521464, 0.12892612698487937, 0.09652511705644429, 0.05882308818399906]","[""OPTIMAL"", ""OPTIMAL"", ""OPTIMAL"", ""OPTIMAL"", ""OPTIMAL"", ""OPTIMAL"", ""OPTIMAL"", ""OPTIMAL"", ""OPTIMAL"", ""OPTIMAL"", ""OPTIMAL""]","[66.0, 48.0, 76.0, 101.0, 61.0, 63.0, 69.0, 70.0, 27.0, 27.0, 23.0]","[66.0, 48.0, 76.0, 101.0, 61.0, 63.0, 69.0, 70.0, 27.0, 27.0, 23.0]","[0.17920205113478005, 0.019875537836924195, 0.018661972833797336, 0.01811670302413404]","[554, 1692, 2725, 3779]",3779.0,"[0.2770808059722185, 0.28831229102797806, 0.23400137200951576, 0.18969689402729273]","[0.14920330606400967, 1.153364669997245, 1.8928187168203294, 2.072767228120938]","[0.003375902073457837, 0.13060138816945255, 0.15560077619738877, 1800.0494254599325]",TIME_LIMIT,631.0,631.0,770.0,768.0,6.623376623376624,1826.7559881941413
62,9,150,6750,750,0,10,479,1800,9.577207359019669,[1.8765253510791808],[1800.0536603101064],TIME_LIMIT,772.0,758.0,0.0181347150259067,"[4.396295652026311, 4.397439474938437, 4.39852615701966, 4.399683346040547, 4.400867588119581, 4.402111140079796, 4.403323925100267, 4.404461300931871, 4.405634436989203, 4.406845323974267, 4.408022246090695, 5.341665237909183, 5.344034730922431, 5.345863186987117, 5.349269869038835, 6.659905249951407, 6.6611827339511365, 6.662404389120638, 6.663543366128579, 6.686346600065008, 6.904304098105058, 6.909476841101423, 8.034878503996879, 8.044475943082944, 8.04670770606026, 8.055021974025294, 9.925322011113167, 9.933835980016738, 11.388412229018286, 16.902976613957435, 16.905132428975776, 16.955531248124316, 17.108759341062978, 17.183411018922925, 17.34272580500692, 17.631483651930466, 17.63367890799418, 17.942465889034793, 18.15118947508745, 18.372134645003825, 18.499781389022246, 18.69603189197369, 19.04778069909662, 19.253871886059642, 19.81122482009232, 20.01184541010298, 24.27150905295275, 34.51314685004763, 34.750611710129306, 35.11200646008365, 35.11415275512263, 35.56994719710201, 46.49086520099081, 50.84672416909598, 57.78282012999989, 64.65012798598036, 66.38734297500923, 77.4160839850083, 77.42098480300047, 77.42589080613106, 88.64199040294625, 292.8615747950971, 331.75577082508244, 407.76616027695127, 538.2383637239691, 1800.0510749421082]","[1248.0, 1110.0, 1109.0, 963.0, 961.0, 922.0, 921.0, 919.0, 918.0, 912.0, 902.0, 848.0, 847.0, 845.0, 842.0, 830.0, 829.0, 828.0, 827.0, 825.0, 822.0, 821.0, 819.0, 817.0, 816.0, 815.0, 814.0, 813.0, 812.0, 809.0, 808.0, 807.0, 805.0, 804.0, 803.0, 802.0, 801.0, 800.0, 798.0, 796.0, 795.0, 793.0, 792.0, 791.0, 790.0, 789.0, 788.0, 787.0, 786.0, 785.0, 784.0, 783.0, 782.0, 781.0, 780.0, 778.0, 777.0, 777.0, 778.0, 780.0, 776.0, 775.0, 774.0, 773.0, 772.0, 772.0]",1801.9301856611853,10,0.930769356237069,"[0.9578222747029118, 0.9682719672714336, 0.9356302956942764, 0.9245489779910487, 0.9003139252502518, 0.9021153527512641, 0.8724714916050657, 0.8566176934232927, 0.7349357858673946, 0.5448102977572525]","[0.31204155280339824, 0.20582267455477177, 0.34082494200736035, 0.2509316406137388, 0.1366604697212928, 0.3383487601579706, 0.1425274417254842, 0.20312128821575065, 0.16065211958765044, 0.057922462328200044]","[234.03116460254867, 154.36700591607882, 253.91458179548346, 180.67078124189192, 98.39553819933082, 236.8441321105794, 95.49338595607442, 134.06005022239543, 68.27715082475143, 35.33270202020203]","[1.9, 1.8045454545454547, 2.7727272727272725, 2.1636363636363636, 1.7813131313131312, 2.0666666666666664, 1.968181818181818, 2.0, 1.7558823529411764, 1.4272727272727272]",1617.9587782428734,109.92015354786416,2.7727272727272725,0.0162844671922761,0.0679375488584271,4.099586708005518,1.0490466828923672,"[750, 750, 745, 720, 720, 700, 670, 660, 425, 610]","[[0, 49, 97, 14, 16, 55, 86, 4, 33, 106, 65, 17, 71, 128, 69, 137, 102, 7, 11, 40, 25, 84, 27, 81, 52, 57, 93, 111, 67, 127, 36, 107, 44, 83, 116, 18, 20, 125, 180, 1, 35, 26, 34, 31, 99, 6, 29, 13, 21, 73, 145, 43, 141, 61, 23, 149, 96, 103, 30, 148, 78, 92, 142, 2, 8, 95, 139, 121, 41, 68, 112, 50, 64, 91, 146, 3, 10, 79, 455, 591, 45, 70, 74, 42, 77, 138, 54, 115, 24, 58, 98, 144, 47, 88, 94, 109, 104, 118, 87, 120, 5, 82, 15, 100, 28, 140, 135, 51, 22, 63, 117, 114, 85, 133, 39, 60, 48, 32, 59, 143, 126, 56, 119, 53, 90, 75, 122, 123, 9, 105, 136, 12, 80, 130, 147, 46, 76, 124, 110, 19, 113, 108, 38, 132, 129, 72, 37, 101, 62, 89], [300, 335, 336, 372, 391, 313, 410, 324, 401, 407, 415, 425, 303, 347, 396, 331, 328, 439, 360, 449, 342, 430, 435, 310, 323, 383, 375, 399, 369, 419, 422, 326, 340, 334, 393, 427, 400, 337, 348, 374, 442, 370, 373, 305, 318, 428, 356, 433, 444, 321, 411, 429, 350, 380, 447, 390, 352, 378, 432, 379, 387, 409, 301, 355, 413, 365, 424, 307, 329, 384, 426, 309, 813, 403, 794, 420, 434, 408, 438, 789, 304, 371, 416, 302, 368, 394, 446, 330, 445, 385, 317, 367, 359, 311, 389, 412, 320, 364, 395, 349, 382, 322, 306, 346, 440, 319, 397, 376, 353, 402, 332, 406, 418, 423, 308, 325, 315, 363, 343, 421, 431, 314, 358, 392, 405, 357, 443, 333, 361, 351, 417, 339, 436, 366, 316, 377, 404, 327, 338, 341, 441, 344, 437, 345, 362, 388, 386, 398, 354, 414], [900, 903, 951, 928, 1026, 1016, 934, 1015, 918, 925, 988, 956, 966, 1003, 944, 970, 933, 1009, 947, 968, 943, 1010, 1038, 996, 1005, 902, 1017, 909, 995, 965, 1025, 1027, 1045, 923, 916, 1046, 967, 1048, 1011, 1042, 917, 922, 950, 969, 924, 962, 1030, 949, 987, 927, 1006, 1022, 906, 926, 984, 999, 1018, 940, 953, 961, 919, 971, 1019, 972, 1024, 1043, 910, 915, 974, 978, 1037, 994, 936, 993, 1001, 975, 992, 1028, 901, 930, 939, 941, 904, 1023, 945, 1032, 1004, 921, 1029, 980, 912, 991, 1036, 1034, 914, 938, 986, 1041, 1020, 1044, 931, 935, 963, 983, 937, 942, 1049, 985, 1047, 977, 1033, 1002, 929, 948, 1013, 932, 905, 913, 911, 960, 954, 979, 920, 1021, 1040, 952, 958, 955, 1008, 1007, 1014, 998, 1000, 959, 946, 982, 1012, 964, 1058, 973, 981, 907, 1031, 1056, 1193, 1169, 1191, 990, 1035], [1101, 1211, 1204, 1324, 1267, 1274, 1346, 1287, 1337, 1297, 1306, 1203, 1257, 1341, 1290, 1281, 1208, 1243, 1236, 1213, 1263, 1262, 1230, 1242, 1251, 1300, 1275, 1339, 1343, 1131, 1234, 1205, 1336, 1218, 1245, 1349, 1224, 1210, 1269, 1322, 1217, 1247, 1323, 1293, 1200, 1294, 1317, 1215, 1237, 1216, 1268, 1310, 1302, 1227, 1206, 1344, 1285, 1214, 1239, 1316, 1250, 1301, 1303, 1334, 1228, 1238, 1229, 1282, 1212, 1325, 1286, 1308, 1292, 1307, 1330, 1320, 1252, 1280, 1296, 1342, 1340, 1261, 1327, 1258, 1338, 1254, 1335, 1255, 1319, 1201, 1207, 1264, 1299, 1220, 1329, 1235, 1248, 1318, 1202, 1226, 1348, 1312, 1273, 1279, 1219, 1313, 1256, 1305, 1332, 1266, 1314, 1221, 1311, 1233, 1309, 1259, 1288, 1283, 1260, 1291, 1265, 1345, 1272, 1277, 1231, 1249, 1289, 1304, 1321, 1271, 1232, 1284, 1295, 1315, 1333, 1298, 1222, 1253, 1241, 1223, 1278, 1244, 1270, 1347], [450, 908, 989, 957, 566, 457, 547, 997, 1039, 465, 552, 535, 546, 500, 580, 461, 541, 518, 486, 976, 451, 573, 497, 550, 453, 528, 516, 469, 527, 490, 537, 561, 459, 521, 555, 582, 472, 491, 567, 514, 562, 456, 596, 517, 489, 493, 495, 463, 525, 478, 545, 574, 492, 501, 503, 533, 558, 513, 534, 526, 572, 519, 522, 531, 538, 530, 578, 590, 553, 452, 512, 524, 581, 598, 482, 483, 488, 474, 476, 557, 584, 542, 544, 466, 515, 594, 502, 564, 532, 475, 511, 523, 569, 597, 467, 510, 554, 579, 470, 529, 539, 565, 592, 460, 468, 568, 462, 509, 480, 595, 481, 458, 577, 570, 563, 556, 585, 586, 464, 593, 548, 549, 575, 496, 508, 560, 583, 471, 506, 494, 473, 498, 540, 551, 588, 479, 487, 599, 499, 571, 589, 507, 536, 576], [633, 1147, 1154, 1152, 1076, 1172, 1074, 1162, 1123, 1136, 1097, 1050, 1107, 1067, 1196, 1055, 1080, 1081, 1062, 1085, 1115, 1089, 1120, 1053, 1110, 1149, 1079, 1195, 1061, 1199, 1151, 1181, 1087, 1104, 1160, 1112, 1108, 1156, 1165, 1066, 1088, 1114, 1177, 1134, 1176, 1130, 1141, 1197, 1187, 1188, 1051, 1109, 1077, 1164, 1083, 1174, 1166, 1168, 1065, 1073, 1167, 1139, 1057, 1118, 1084, 1094, 1135, 1068, 1082, 1121, 1194, 1106, 1186, 1137, 1161, 1069, 1189, 1075, 1138, 1157, 1184, 1054, 1071, 1096, 1148, 1125, 1102, 1072, 1103, 1163, 1117, 1159, 1063, 1170, 1182, 1091, 1198, 1145, 1111, 1171, 1064, 1092, 1133, 1099, 1185, 1180, 1059, 1095, 1098, 1113, 1060, 1124, 1127, 1175, 1078, 1190, 1093, 1144, 1100, 1143, 1158, 1070, 1153, 1192, 1105, 1146, 1128, 1052, 1086, 1179, 1116, 1119, 1140, 1173, 1126, 1129, 1142, 1132, 1183, 1150], [600, 636, 746, 639, 701, 707, 623, 694, 644, 630, 674, 743, 604, 698, 612, 686, 615, 734, 620, 652, 688, 745, 703, 711, 605, 710, 682, 735, 642, 640, 648, 696, 747, 641, 656, 607, 665, 668, 706, 724, 609, 699, 611, 625, 714, 1090, 1178, 723, 637, 608, 645, 721, 712, 646, 621, 715, 738, 697, 617, 669, 681, 650, 651, 741, 628, 657, 690, 675, 654, 736, 679, 601, 676, 632, 635, 634, 726, 655, 603, 627, 673, 740, 659, 685, 684, 725, 727, 653, 700, 737, 602, 672, 618, 693, 678, 619, 622, 739, 610, 647, 677, 663, 680, 709, 731, 670, 692, 730, 720, 733, 613, 689, 729, 614, 705, 629, 732, 662, 661, 671, 704, 722, 616, 717, 748, 626, 638, 666, 718, 658, 664, 749, 687, 728], [751, 782, 853, 832, 850, 785, 851, 878, 816, 847, 857, 811, 887, 758, 787, 793, 801, 859, 769, 790, 817, 836, 886, 806, 888, 862, 866, 848, 898, 777, 844, 855, 879, 858, 754, 818, 756, 802, 831, 869, 825, 868, 827, 761, 770, 800, 771, 874, 846, 797, 767, 768, 784, 824, 897, 843, 845, 795, 882, 877, 757, 821, 791, 854, 779, 796, 808, 865, 826, 870, 830, 884, 776, 841, 822, 872, 892, 867, 893, 871, 823, 880, 752, 774, 837, 755, 876, 772, 805, 799, 875, 763, 889, 780, 1225, 783, 829, 778, 1209, 1240, 1326, 1331, 883, 788, 759, 819, 838, 820, 891, 842, 762, 815, 786, 863, 885, 765, 810, 896, 835, 881, 864, 775, 803, 834, 840, 792, 814, 899, 804, 1276, 807, 1328], [131, 134, 186, 232, 284, 164, 234, 243, 288, 169, 270, 181, 162, 279, 176, 220, 237, 259, 201, 271, 187, 203, 209, 224, 222, 275, 172, 225, 253, 290, 226, 280, 151, 191, 173, 158, 244, 266, 261, 252, 175, 178, 193, 297, 240, 152, 177, 227, 190, 296, 179, 216, 238, 196, 159, 166, 250, 289, 161, 165, 274, 170, 230, 249, 212, 260, 273, 163, 189, 221, 215, 217, 282, 167, 272, 174, 199, 268, 197, 281, 168, 262, 214, 277, 285], [150, 204, 155, 295, 171, 298, 293, 294, 265, 156, 157, 264, 182, 242, 194, 267, 256, 198, 218, 299, 233, 287, 236, 184, 231, 188, 206, 200, 255, 245, 251, 254, 205, 239, 235, 202, 223, 292, 213, 258, 283, 278, 683, 702, 719, 742, 153, 183, 192, 241, 744, 263, 291, 185, 229, 219, 210, 195, 286, 207, 276, 228, 154, 247, 257, 160, 691, 708, 211, 248, 269, 208, 713, 246, 606, 660, 649, 716, 624, 667, 1122, 1155, 695, 643, 766, 753, 773, 861, 631, 833, 890, 894, 750, 798, 856, 852, 760, 849, 809, 812, 860, 895, 828, 764, 839, 781, 873, 66, 505, 454, 485, 559, 484, 477, 504, 520, 587, 543, 312, 448, 381, 1246]]","[0.15246940683573484, 0.12923802179284394, 0.13400988187640905, 0.1227062928956002, 0.7553683698642999, 0.13286586408503354, 0.13792578782886267, 0.12552916095592082, 0.08258765819482505, 0.1575916688889265]","[52.12273136712611, 2.588910018093884, 4.488290013046935, 0.8476634330581874, 2.9506825539283454, 4.33549543004483, 0.514887313824147, 2.782565169967711, 0.3658831238280982, 0.08435218594968319]","[""OPTIMAL"", ""OPTIMAL"", ""OPTIMAL"", ""OPTIMAL"", ""OPTIMAL"", ""OPTIMAL"", ""OPTIMAL"", ""OPTIMAL"", ""OPTIMAL"", ""OPTIMAL""]","[105.0, 97.0, 93.0, 105.0, 32.0, 82.0, 66.0, 70.0, 33.0, 18.0]","[105.0, 96.99999999999999, 93.0, 105.0, 31.99999999999995, 82.0, 66.0, 70.0, 33.0, 18.0]","[0.17215875582769513, 0.020138263935223222, 0.019068929133936763]","[447, 1431, 2295]",2295.0,"[0.23105273093096912, 0.25970287807285786, 0.20739640900865197]","[0.13481993903405964, 1.5682419191580266, 1.1307513839565217]","[0.00315028615295887, 0.10715270903892815, 30.596387441037223]",OPTIMAL,701.0,701.0,850.0,850.0,9.176470588235292,112.61040775827132
41,2,150,1500,750,1,10,955,1800,5.884793059958611,[0.3010200579883531],[6.639538514020387],OPTIMAL,141.0,140.99999999999997,0.0,"[0.42234814702533185, 0.43940926098730415, 0.4541074890294112, 0.45568444003583863, 0.6950130210025236, 0.7014832550194114, 1.0312956820125692, 1.032451398030389, 1.416561020014342, 1.4173193630413152, 2.41791005700361, 2.4195509490091354, 2.4211716420250013, 6.635786904022098]","[178.0, 163.0, 159.0, 153.0, 151.0, 147.0, 146.0, 145.0, 144.0, 142.0, 142.0, 144.0, 145.0, 141.0]",6.94055857200874,3,0.9672118963912728,"[0.9634372464943795, 0.9320701943691168, 0.2847885954965171]","[0.22150864893723474, 0.1531432482830778, 0.0]","[162.80885696886753, 109.49742252240063, 0.0]","[2.018181818181818, 1.731818181818182, 1.0]",288.86688555187425,16.56060606060612,2.018181818181818,0.011040404040404,0.057329541352274,1.88328631198965,0.2296364950016141,"[735, 715, 50]","[[43, 192, 236, 222, 165, 285, 282, 267, 293, 157, 214, 173, 163, 229, 252, 178, 280, 292, 278, 159, 161, 170, 272, 295, 164, 264, 154, 260, 246, 261, 211, 248, 169, 269, 276, 219, 221, 177, 188, 256, 186, 196, 231, 238, 283, 166, 273, 235, 200, 194, 242, 257, 174, 182, 288, 227, 254, 277, 150, 281, 234, 297, 203, 218, 240, 253, 271, 270, 158, 208, 201, 230, 249, 179, 197, 190, 220, 168, 286, 202, 275, 209, 215, 290, 291, 244, 296, 155, 199, 185, 228, 247, 180, 294, 205, 210, 152, 245, 172, 217, 284, 151, 289, 213, 184, 225, 156, 183, 171, 259, 268, 298, 162, 224, 255, 176, 279, 181, 223, 187, 287, 262, 153, 250, 237, 274, 204, 232, 258, 207, 299, 241, 160, 263, 212, 243, 193, 216, 251, 167, 191, 195, 226, 206, 233, 189, 198], [0, 25, 33, 19, 239, 175, 97, 45, 82, 2, 64, 118, 80, 26, 66, 140, 74, 88, 8, 46, 75, 77, 116, 53, 84, 96, 67, 128, 69, 102, 139, 73, 12, 91, 122, 141, 71, 114, 13, 81, 130, 79, 36, 103, 115, 1, 51, 87, 119, 148, 48, 76, 54, 60, 72, 108, 104, 135, 137, 42, 98, 89, 129, 47, 112, 4, 5, 143, 7, 16, 28, 52, 34, 101, 44, 20, 146, 30, 31, 126, 3, 85, 142, 29, 105, 109, 138, 144, 40, 147, 6, 83, 62, 11, 18, 58, 95, 125, 136, 124, 41, 107, 123, 92, 9, 15, 14, 24, 39, 57, 86, 133, 111, 21, 93, 68, 78, 23, 49, 56, 100, 22, 37, 131, 99, 110, 27, 32, 50, 134, 59, 149, 10, 120, 17, 121, 35, 38, 145, 65, 94, 127, 132], [55, 63, 113, 61, 106, 90, 70, 265, 266, 117]]","[0.13856218598084524, 0.14451118500437587, 0.014172624971251935]","[2.9766725309891626, 0.421363721950911, 0.0037718290113843977]","[""OPTIMAL"", ""OPTIMAL"", ""OPTIMAL""]","[78.0, 60.0, 0.0]","[78.0, 60.0, 0.0]","[0.03459935198770836, 0.003232531016692519, 0.0035013799788430333]","[31, 177, 321]",321.0,"[0.02051306900102645, 0.03650848299730569, 0.035463584994431585]","[0.005996480002067983, 0.1320463470183313, 0.16468910401454195]","[0.0004672170034609735, 0.016557766997721046, 0.061331456003244966]",OPTIMAL,138.0,138.0,155.0,155.0,9.03225806451613,6.326883655914571
41,2,150,1500,750,1,10,956,1800,6.422615904011764,[0.30305183498421684],[247.38505515101133],OPTIMAL,187.0,187.0,0.0,"[0.5158171819639392, 0.5324261599453166, 0.5490235329489224, 0.5513115329667926, 0.5544492399785668, 0.5553923900006339, 0.8363165779737756, 0.836663284979295, 0.96121990197571, 0.9617125479853712, 0.9621822279877961, 0.9690409799804911, 1.0127035889890976, 1.316227972973138, 1.3166796349687502, 1.5870854069944471, 1.6944029219448566, 1.8611027669976465, 2.3940295729553327, 3.2270232689916156, 4.964039209997281, 5.180188789963722, 6.158964137954172, 9.369322391983587, 28.12913298397325, 121.8148851589649, 203.21753979299683, 247.38399551896146]","[299.0, 270.0, 242.0, 221.0, 217.0, 214.0, 211.0, 210.0, 209.0, 208.0, 205.0, 204.0, 202.0, 198.0, 197.0, 196.0, 195.0, 194.0, 193.0, 192.0, 191.0, 190.0, 189.0, 191.0, 188.0, 188.0, 187.0, 187.0]",247.68810698599555,3,0.8946909988325883,"[0.9405643945302344, 0.7758328744493392, 0.5789029281384759]","[0.1424827723297111, 0.21781280386261712, 0.1435436922547556]","[104.72483766233765, 113.2626580085609, 35.16820460241512]","[2.0, 1.8818181818181816, 1.55]",312.11278923698154,58.95708896366784,2.0,0.0393047259757785,0.1888967418080196,1.8651532840449363,0.2209854780230671,"[735, 520, 245]","[[0, 100, 63, 202, 269, 125, 7, 60, 26, 51, 291, 79, 1, 102, 84, 128, 17, 144, 13, 67, 74, 6, 10, 14, 78, 34, 115, 41, 89, 49, 104, 57, 94, 80, 117, 88, 105, 12, 72, 93, 129, 15, 118, 132, 20, 62, 73, 130, 23, 66, 141, 2, 107, 18, 111, 114, 39, 43, 127, 136, 56, 120, 46, 58, 90, 134, 139, 146, 8, 69, 71, 103, 65, 124, 54, 145, 87, 109, 95, 64, 76, 122, 16, 32, 135, 142, 38, 119, 11, 27, 24, 47, 82, 148, 50, 126, 29, 101, 147, 36, 40, 59, 137, 31, 138, 4, 30, 19, 25, 86, 28, 55, 52, 61, 70, 77, 91, 92, 98, 116, 123, 143, 5, 96, 44, 45, 68, 121, 133, 21, 110, 83, 112, 131, 22, 75, 33, 108, 9, 37, 53, 113, 99, 35, 140, 85, 106], [3, 149, 81, 232, 186, 233, 214, 216, 219, 299, 213, 152, 155, 158, 267, 293, 270, 278, 177, 277, 179, 226, 199, 200, 245, 164, 295, 153, 159, 169, 211, 234, 172, 195, 285, 251, 259, 183, 162, 294, 252, 165, 292, 161, 204, 220, 281, 191, 261, 176, 289, 194, 223, 290, 185, 215, 239, 235, 198, 208, 262, 298, 221, 243, 249, 282, 42, 222, 227, 236, 283, 280, 266, 209, 154, 268, 166, 238, 196, 157, 171, 276, 178, 192, 264, 175, 210, 288, 197, 163, 237, 201, 256, 181, 193, 253, 167, 271, 168, 240, 174, 180, 265, 284], [48, 97, 187, 244, 150, 188, 286, 156, 170, 173, 296, 184, 229, 207, 230, 241, 257, 273, 275, 263, 151, 190, 217, 205, 224, 189, 242, 160, 231, 260, 297, 287, 203, 247, 248, 218, 225, 246, 250, 254, 182, 272, 228, 255, 212, 206, 258, 274, 279]]","[0.15225403395015746, 0.10674168297555298, 0.05508380098035559]","[1.6195299709797837, 0.6428050670074299, 0.07016448397189379]","[""OPTIMAL"", ""OPTIMAL"", ""OPTIMAL""]","[82.0, 62.0, 12.0]","[82.0, 62.0, 12.0]","[0.03700018400559202, 0.0038154079811647534, 0.003963263006880879]","[160, 357, 551]",551.0,"[0.07198693900136277, 0.05137313203886151, 0.045505094982218]","[0.041424021997954696, 0.21124879299895838, 0.41260181798134]","[0.0014774409937672317, 0.021395518037024885, 1.5672279249993153]",OPTIMAL,156.0,156.0,213.0,213.0,12.206572769953052,7.201737339957617
41,2,150,1500,750,1,10,958,1800,4.451555217034183,[0.45534875098383054],[766.660818807024],OPTIMAL,169.0,169.0,0.0,"[0.7516182730323635, 0.7518740630475804, 0.7520931090111844, 0.752328162023332, 0.7525587980053388, 0.9023851330275647, 0.9027911860030144, 0.9034430290339515, 0.9083714770385996, 1.0459890070487745, 1.0462954050162807, 1.1596766410511918, 1.6468233829946257, 1.6478319800226018, 1.6528202530462295, 1.8940369660267606, 2.983811731042806, 3.0114656800287776, 4.35287695802981, 30.01493389904499, 34.96184593002545, 766.6597254380467]","[313.0, 279.0, 270.0, 215.0, 214.0, 210.0, 190.0, 189.0, 188.0, 187.0, 183.0, 181.0, 178.0, 176.0, 175.0, 174.0, 173.0, 172.0, 171.0, 170.0, 169.0, 169.0]",767.1161675580079,2,0.9763814297648884,"[0.9517417120840801, 0.9557869103338882]","[0.19816396103896103, 0.20515677125915727]","[148.62297077922076, 153.86757844436795]","[2.8, 1.65]",320.0610506176193,17.5705013940306,2.8,0.0117136675960204,0.0548973433664297,0.3743913570069708,0.5043089520186186,"[750, 750]","[[0, 144, 77, 42, 101, 104, 137, 113, 120, 11, 71, 127, 1, 95, 106, 9, 65, 126, 66, 107, 33, 124, 78, 121, 43, 64, 80, 141, 133, 2, 34, 58, 49, 14, 31, 108, 79, 109, 100, 8, 45, 59, 110, 22, 53, 36, 37, 38, 74, 17, 116, 24, 3, 75, 89, 191, 267, 39, 138, 7, 19, 15, 55, 105, 114, 61, 148, 26, 117, 62, 76, 73, 10, 28, 32, 131, 30, 146, 286, 18, 98, 129, 20, 21, 147, 96, 52, 56, 122, 47, 86, 54, 91, 83, 93, 136, 81, 140, 143, 4, 134, 119, 125, 6, 88, 29, 99, 41, 72, 5, 84, 112, 139, 67, 94, 97, 13, 51, 103, 128, 87, 132, 27, 118, 69, 142, 23, 46, 60, 123, 12, 149, 25, 145, 102, 135, 92, 16, 63, 111, 68, 70, 35, 44, 115, 40, 90, 48, 82, 85], [171, 242, 193, 247, 237, 214, 218, 256, 217, 150, 211, 185, 236, 275, 204, 227, 155, 212, 167, 233, 298, 162, 239, 179, 208, 292, 221, 258, 235, 253, 151, 215, 257, 196, 251, 158, 172, 296, 252, 166, 178, 205, 289, 183, 243, 272, 250, 152, 180, 198, 285, 153, 280, 188, 176, 216, 206, 259, 284, 168, 173, 270, 281, 160, 181, 210, 199, 195, 266, 244, 264, 279, 169, 255, 276, 184, 190, 245, 262, 165, 274, 294, 186, 223, 207, 225, 241, 299, 260, 50, 187, 249, 175, 174, 230, 246, 156, 157, 164, 220, 231, 159, 201, 161, 200, 291, 219, 240, 278, 224, 282, 273, 297, 290, 268, 269, 163, 213, 202, 248, 130, 228, 154, 293, 177, 189, 263, 287, 254, 265, 182, 271, 283, 222, 288, 209, 295, 226, 261, 229, 194, 203, 232, 170, 234, 192, 197, 238, 277, 57]]","[0.14208859798964113, 0.24861620797310024]","[1.8915679730125703, 15.693523648951668]","[""OPTIMAL"", ""OPTIMAL""]","[89.0, 74.0]","[89.0, 74.0]","[0.03576420003082603, 0.003123922972008586, 0.0036415490321815014, 0.0038190449704416096]","[33, 172, 308, 472]",472.0,"[0.025850924022961408, 0.04017495102016255, 0.034636120952200145, 0.03472915099700913]","[0.007001756050158292, 0.11383394803851843, 0.2583710460457951, 0.19895612698746845]","[0.00040030397940427065, 0.018684700015001, 0.05684901197673753, 0.18111075600609183]",OPTIMAL,163.0,163.0,183.0,183.0,7.6502732240437155,19.87144425004953
41,2,150,1500,750,1,10,959,1800,5.5827433209633455,"[0.2910048269550316, 0.6564058199874125]","[0.32826086797285825, 210.6623986759805]",OPTIMAL,203.0,203.0,0.0,"[0.5461096750223078, 0.5703054280020297, 0.5981680320110172, 0.6179211570415646, 0.6186565490206704, 0.6202352630207315, 0.6221916869981214, 0.6399783000233583, 0.6677732830285095, 0.6903564829844981, 0.7330275400308892, 0.7605673430371098, 0.7866718590375967, 0.8083232769859023, 1.0011956180096604, 1.001691967016086, 1.0876525990315713, 1.0882310820161365, 1.454281410027761, 1.6365413180319592, 2.1920572250382975, 5.503288683015853, 6.016340146015864, 9.378073738014791, 43.852601290040184, 88.21657625603257, 88.21819418802625, 132.35057271900587, 132.35252424998907, 132.3543973559863, 210.66029574902495]","[312.0, 273.0, 270.0, 268.0, 234.0, 231.0, 229.0, 227.0, 225.0, 223.0, 221.0, 220.0, 217.0, 216.0, 215.0, 214.0, 213.0, 212.0, 211.0, 210.0, 209.0, 207.0, 205.0, 204.0, 203.0, 203.0, 204.0, 203.0, 204.0, 205.0, 203.0]",211.9380701908958,3,0.9323757377515466,"[0.9323705952523716, 0.8901792612734558, 0.524931302953973]","[0.06787876232172646, 0.10453463551535125, 0.0]","[49.55149649486032, 70.03820579528534, 0.0]","[1.5583333333333333, 1.769940476190476, 1.0]",153.08767306936633,33.49797077922068,1.969940476190476,0.0223319805194804,0.2188155983259568,0.5174821749678813,0.2436324619920924,"[730, 670, 100]","[[0, 10, 75, 11, 122, 13, 83, 5, 42, 53, 31, 70, 85, 111, 119, 51, 8, 65, 43, 137, 50, 95, 63, 4, 44, 22, 87, 14, 38, 52, 15, 86, 40, 97, 140, 110, 1, 79, 27, 82, 33, 93, 149, 47, 132, 64, 6, 239, 9, 62, 21, 148, 210, 166, 30, 80, 108, 35, 61, 69, 128, 54, 2, 88, 72, 104, 107, 133, 36, 116, 141, 66, 23, 109, 115, 114, 26, 121, 41, 118, 16, 20, 127, 34, 129, 29, 67, 103, 117, 46, 81, 92, 91, 45, 100, 48, 105, 77, 112, 3, 73, 134, 113, 138, 139, 17, 102, 18, 68, 94, 24, 59, 78, 74, 76, 143, 96, 7, 90, 58, 130, 136, 32, 84, 37, 39, 57, 144, 49, 131, 146, 89, 101, 142, 98, 25, 99, 145, 55, 56, 106, 159, 203, 220, 248, 271], [60, 180, 71, 147, 191, 173, 179, 299, 269, 152, 158, 194, 249, 253, 202, 217, 285, 228, 156, 282, 226, 263, 237, 245, 169, 292, 255, 274, 167, 199, 267, 294, 151, 283, 252, 174, 293, 254, 260, 298, 261, 168, 188, 197, 284, 175, 286, 218, 192, 256, 186, 235, 187, 279, 211, 250, 184, 273, 262, 209, 176, 297, 221, 247, 177, 231, 232, 222, 214, 295, 219, 229, 296, 242, 259, 153, 225, 182, 280, 160, 236, 213, 288, 276, 178, 264, 230, 238, 204, 183, 193, 154, 172, 216, 243, 244, 223, 272, 162, 190, 224, 291, 181, 196, 170, 227, 290, 289, 265, 234, 257, 240, 275, 155, 270, 200, 195, 258, 164, 215, 281, 161, 266, 246, 268, 277, 287, 241, 198, 233, 171, 205, 185, 251], [12, 150, 28, 123, 189, 120, 207, 208, 206, 201, 165, 19, 124, 125, 126, 135, 212, 157, 163, 278]]","[0.2060953959589824, 0.3340673340135254, 0.03322679101256654]","[3.2968985440093093, 2.4525604260270484, 0.015775937994476408]","[""OPTIMAL"", ""OPTIMAL"", ""OPTIMAL""]","[93.0, 94.0, 0.0]","[93.0, 94.0, 0.0]","[0.04543433798244223, 0.0037112300051376224, 0.0036648690002039075, 0.0036482670111581683]","[103, 361, 608, 837]",837.0,"[0.06487570999888703, 0.08610852796118706, 0.06879208801547065, 0.04760776297189295]","[0.05070050904760137, 0.4992065289989114, 0.3791954870102927, 0.5842306450358592]","[0.0013504979433491826, 0.037010058003943413, 0.04324640496633947, 2.9313583290204406]",OPTIMAL,187.0,187.0,215.0,215.0,5.5813953488372094,11.949880318949
41,2,150,1500,750,1,10,960,1800,4.634842852014117,[0.4599485640064813],[97.78700469899923],OPTIMAL,167.0,167.0,0.0,"[0.537654428044334, 0.5539813540526666, 0.5685332680004649, 0.5723732990445569, 0.5727624000282958, 0.5734963360009715, 0.5829451770405285, 0.8966047580470331, 0.8968879290041514, 0.897124782030005, 0.950103075010702, 0.9523485540412366, 0.9528047680505551, 0.9556742760469206, 1.2225109370192513, 1.6200898270471953, 1.6204356500529684, 1.6207260580267757, 1.722446542000398, 2.2497959410538897, 2.4466564300237224, 2.8563114010030404, 2.9403832490206696, 8.368620776047464, 8.369758917018771, 8.37089320603991, 32.58731752401218, 97.78594845900079]","[296.0, 260.0, 253.0, 244.0, 201.0, 200.0, 196.0, 195.0, 194.0, 193.0, 189.0, 182.0, 181.0, 180.0, 179.0, 178.0, 177.0, 176.0, 173.0, 172.0, 170.0, 169.0, 168.0, 168.0, 169.0, 170.0, 167.0, 167.0]",98.24695326300572,3,0.9095655205740046,"[0.9318366879180665, 0.8116836295185528, 0.4614570782026038]","[0.2745507208431814, 0.19230338299485547, 0.013554046406338423]","[194.9310117986588, 122.11264820173322, 2.1008771929824555]","[1.827777777777778, 1.85, 1.15]",378.56383890615416,59.41930171277966,1.9,0.0396128678085197,0.1569597927903323,0.5355388890020549,0.2227520080050453,"[710, 635, 155]","[[25, 137, 265, 157, 171, 186, 201, 151, 163, 184, 191, 240, 174, 213, 237, 204, 271, 272, 254, 259, 194, 292, 199, 234, 274, 233, 277, 253, 180, 193, 264, 238, 293, 247, 276, 258, 260, 278, 285, 150, 266, 224, 250, 188, 230, 197, 235, 225, 153, 216, 284, 246, 296, 166, 172, 262, 239, 242, 202, 279, 286, 159, 173, 248, 281, 152, 195, 212, 261, 297, 196, 282, 270, 162, 256, 203, 228, 165, 223, 289, 209, 214, 185, 251, 294, 229, 273, 218, 220, 263, 299, 283, 164, 208, 200, 215, 167, 217, 221, 211, 268, 298, 267, 183, 241, 187, 255, 198, 287, 182, 249, 244, 155, 222, 236, 161, 219, 168, 177, 280, 269, 275, 170, 207, 190, 178, 192, 189, 156, 158, 175, 245, 226, 257, 160, 232, 291, 205, 295, 179, 227, 169], [0, 117, 148, 14, 131, 141, 8, 68, 102, 6, 9, 1, 101, 2, 86, 26, 37, 21, 140, 50, 80, 72, 63, 29, 83, 78, 105, 125, 95, 103, 119, 99, 33, 81, 39, 70, 84, 43, 113, 118, 16, 122, 35, 55, 85, 96, 121, 54, 112, 135, 120, 149, 32, 44, 49, 139, 74, 146, 17, 144, 56, 147, 48, 124, 143, 94, 104, 90, 111, 126, 136, 142, 3, 47, 13, 51, 45, 114, 127, 66, 71, 52, 69, 59, 92, 75, 100, 181, 130, 20, 34, 46, 290, 77, 116, 42, 243, 154, 176, 206, 231, 5, 62, 134, 24, 7, 61, 60, 23, 18, 53, 106, 12, 288, 115, 210, 252, 15, 107, 108, 38, 97, 57, 89, 76, 82, 87], [4, 133, 10, 65, 67, 128, 28, 129, 11, 41, 98, 138, 132, 40, 93, 58, 73, 123, 19, 27, 31, 64, 110, 145, 22, 88, 30, 79, 91, 36, 109]]","[0.12918313295813277, 0.3239413570263423, 0.036548964970279485]","[4.2777388080139644, 0.47075143799884245, 0.013135051005519927]","[""OPTIMAL"", ""OPTIMAL"", ""OPTIMAL""]","[77.0, 61.0, 5.0]","[77.0, 60.99999999999999, 5.0]","[0.03946612396975979, 0.0037249299930408597, 0.0038315519923344254, 0.003834737988654524]","[129, 372, 586, 815]",815.0,"[0.06455042399466038, 0.059279622975736856, 0.0471371230087243, 0.039563587051816285]","[0.021442290977574885, 0.2236852619680576, 0.2497347590397112, 0.4535046480013989]","[0.0006097130244597793, 0.025684413965791464, 0.027709837013389915, 2.170646926970221]",OPTIMAL,143.0,143.0,178.0,178.0,6.179775280898877,9.443995600915514
41,3,150,2250,750,1,10,1240,1800,6.0065562459640205,[0.4316363651305437],[1800.018336751964],TIME_LIMIT,257.0,256.0,0.0038910505836575,"[1.0360041027888656, 1.1464423756115139, 1.4047862878069282, 1.4052505129948258, 1.4056487157940865, 1.406038582790643, 1.4064243589527905, 1.4068151409737766, 1.407202806789428, 1.407590834889561, 1.4079787987284362, 1.4083642046898603, 1.5802951366640627, 1.5815702988766134, 1.5829832516610622, 1.9371892088092864, 1.9474616306833923, 1.9505824139341712, 1.9615529710426927, 1.9633102817460895, 2.0029064449481666, 2.5281220506876707, 2.528641726821661, 2.562322510872036, 2.5628733709454536, 4.121148603968322, 4.63270795578137, 4.693500692024827, 4.780044260900468, 4.7808843846432865, 4.8085179827176034, 4.858651785645634, 9.862737409770489, 10.326274828985333, 13.916411814745516, 15.162033464759588, 15.164099969901145, 15.165938436985016, 18.924959464929998, 1800.0168968038633]","[1198.0, 1181.0, 425.0, 379.0, 373.0, 372.0, 299.0, 298.0, 297.0, 294.0, 293.0, 289.0, 285.0, 279.0, 278.0, 277.0, 276.0, 275.0, 274.0, 273.0, 272.0, 271.0, 270.0, 269.0, 268.0, 267.0, 266.0, 265.0, 264.0, 263.0, 262.0, 261.0, 260.0, 259.0, 258.0, 258.0, 259.0, 260.0, 257.0, 257.0]",1800.4499731170945,4,0.9040643067990536,"[0.9239558869177653, 0.8797610705108954, 0.6960972138595435, 0.7238681237946551]","[0.23889956976741036, 0.20861082172303405, 0.06658703538907981, 0.185986670708033]","[176.78568162788366, 135.59703411997214, 28.96536039424972, 79.04433505091401]","[1.8, 1.8, 1.45, 1.6863636363636363]",465.3842926345914,44.99188144157188,1.8,0.0199963917518097,0.0966768370861234,1.6106509319506586,0.2492093960754573,"[740, 650, 435, 425]","[[18, 220, 241, 48, 55, 85, 191, 272, 51, 90, 233, 190, 239, 290, 198, 243, 178, 183, 236, 255, 261, 280, 182, 195, 194, 151, 247, 172, 201, 193, 156, 175, 252, 217, 287, 264, 265, 258, 283, 155, 210, 161, 294, 184, 224, 257, 152, 225, 215, 254, 223, 279, 291, 154, 176, 221, 164, 249, 231, 250, 170, 216, 173, 166, 296, 165, 284, 208, 237, 213, 251, 196, 228, 271, 167, 253, 185, 159, 226, 238, 245, 168, 189, 293, 288, 187, 218, 199, 204, 248, 197, 229, 268, 270, 207, 295, 256, 267, 246, 150, 169, 171, 162, 214, 244, 292, 163, 298, 186, 275, 289, 179, 282, 202, 203, 212, 222, 260, 153, 200, 274, 285, 160, 262, 269, 205, 273, 157, 174, 232, 299, 230, 177, 188, 235, 209, 277, 266, 286, 180, 297, 240, 206, 242, 211, 227, 263, 281], [42, 54, 0, 62, 24, 234, 35, 53, 21, 12, 17, 119, 91, 105, 125, 117, 3, 87, 127, 25, 68, 70, 135, 140, 80, 114, 131, 147, 9, 120, 69, 27, 37, 28, 148, 128, 29, 88, 111, 30, 103, 77, 82, 61, 115, 67, 46, 11, 107, 15, 113, 36, 43, 60, 31, 108, 96, 32, 84, 136, 1, 2, 52, 97, 123, 65, 124, 50, 58, 110, 138, 76, 14, 38, 104, 126, 149, 133, 79, 139, 16, 121, 40, 45, 78, 118, 143, 20, 106, 112, 72, 92, 4, 5, 39, 34, 10, 83, 122, 116, 7, 63, 134, 75, 47, 56, 86, 23, 57, 144, 71, 81, 99, 6, 64, 89, 145, 19, 146, 94, 129, 22, 66, 41, 93, 59, 73, 102, 130, 132], [13, 158, 181, 219, 109, 259, 192, 278, 402, 423, 44, 276, 326, 386, 388, 416, 336, 377, 409, 348, 367, 33, 98, 392, 448, 142, 334, 419, 399, 300, 365, 371, 391, 381, 302, 330, 428, 341, 352, 303, 304, 344, 317, 401, 331, 408, 349, 389, 412, 425, 373, 438, 313, 440, 339, 354, 441, 335, 343, 418, 324, 447, 382, 427, 445, 351, 417, 375, 387, 405, 424, 328, 394, 364, 360, 374, 429, 329, 400, 370, 422, 340, 355, 436, 345, 358, 380], [8, 95, 101, 356, 357, 361, 316, 327, 359, 347, 390, 411, 74, 442, 137, 376, 407, 100, 141, 413, 305, 421, 323, 325, 350, 26, 49, 321, 378, 430, 319, 346, 404, 353, 443, 362, 385, 398, 415, 435, 406, 439, 301, 432, 426, 308, 314, 315, 395, 444, 320, 338, 363, 311, 383, 396, 306, 322, 307, 403, 410, 368, 309, 310, 333, 449, 312, 332, 366, 337, 372, 434, 379, 414, 342, 318, 384, 431, 446, 369, 420, 397, 437, 393, 433]]","[0.2692260444164276, 0.11751060420647264, 0.09112301701679826, 0.2148156980983913]","[2.06026631873101, 6.367172230035067, 0.08397011505439878, 0.22692672396078706]","[""OPTIMAL"", ""OPTIMAL"", ""OPTIMAL"", ""OPTIMAL""]","[86.0, 57.0, 34.0, 49.0]","[86.0, 56.99999999999997, 34.0, 49.0]","[0.05644894763827324, 0.03639042982831597, 0.037308632396161556]","[250, 569, 877]",877.0,"[0.12330117402598262, 0.08040539687499404, 0.06796628888696432]","[0.05280183395370841, 0.5089863790199161, 0.3833460728637874]","[0.0011423258110880852, 0.03938405169174075, 1.8534570531919599]",OPTIMAL,226.0,226.0,323.0,323.0,25.68093385214008,14.53180966572836
41,3,150,2250,750,1,10,1241,1800,6.334512018132955,[0.5811583600006998],[481.0472531011328],OPTIMAL,281.0,281.0,0.0,"[1.1017280695959926, 1.180414033588022, 1.1938115418888628, 1.2110943607985973, 1.241142203565687, 1.2448993297293782, 1.2455047988332808, 1.2465117420069873, 1.251960243564099, 1.2533049127086997, 1.4679978545755148, 1.4684254387393594, 1.6188838426023722, 1.6200275686569512, 1.6740130367688835, 2.1264988016337156, 2.126997474581003, 2.1274621109478176, 2.3448364078067243, 2.346404087729752, 2.3474422246217728, 2.3499167668633163, 2.8520032656379044, 2.854214148595929, 3.5965273077599704, 3.6786853349767625, 4.209009299986064, 4.210045859683305, 4.285140706691891, 12.750274376012385, 12.752123995684087, 12.753874868620187, 18.56268177460879, 38.02548556774855, 288.5147550087422, 481.045729000587]","[1107.0, 1059.0, 447.0, 396.0, 366.0, 364.0, 324.0, 323.0, 319.0, 318.0, 317.0, 315.0, 312.0, 303.0, 299.0, 298.0, 296.0, 294.0, 293.0, 292.0, 291.0, 290.0, 289.0, 288.0, 287.0, 286.0, 285.0, 284.0, 283.0, 283.0, 284.0, 285.0, 282.0, 284.0, 281.0, 281.0]",481.6284114611335,4,0.9608825681976176,"[0.9648200395834712, 0.9631657703692571, 0.9143265676636191, 0.4313573255389112]","[0.2643704286856461, 0.2022465457248066, 0.2926175737370682, 0.10509209744503861]","[198.27782151423455, 144.60628019323673, 200.44303800989172, 10.509209744503861]","[2.4152173913043478, 1.9227272727272726, 2.7581339712918664, 1.3833333333333333]",572.836349461867,19.000000000000117,2.7581339712918664,0.0084444444444444,0.0331682862266263,1.5948674478568137,0.2541511920280754,"[750, 715, 685, 100]","[[53, 74, 272, 155, 270, 295, 156, 175, 247, 225, 159, 279, 182, 219, 254, 238, 267, 220, 240, 260, 152, 195, 233, 252, 171, 261, 192, 273, 276, 226, 299, 258, 158, 203, 197, 237, 248, 208, 293, 249, 164, 172, 189, 193, 268, 198, 265, 224, 178, 217, 211, 288, 150, 212, 271, 243, 257, 187, 287, 292, 163, 180, 290, 202, 170, 284, 214, 216, 277, 151, 183, 297, 210, 251, 169, 184, 176, 205, 232, 246, 161, 269, 200, 245, 283, 162, 194, 173, 229, 160, 282, 165, 294, 244, 291, 242, 255, 153, 185, 207, 227, 215, 266, 154, 190, 221, 188, 157, 186, 275, 223, 206, 241, 235, 196, 234, 230, 278, 204, 274, 281, 166, 177, 286, 209, 222, 239, 289, 218, 298, 179, 285, 236, 213, 253, 181, 262, 263, 280, 168, 201, 199, 167, 174, 264, 256, 191, 231, 259, 344], [300, 420, 430, 326, 342, 360, 317, 323, 374, 372, 407, 409, 432, 389, 347, 382, 329, 376, 392, 371, 378, 379, 396, 384, 333, 398, 442, 354, 390, 353, 362, 397, 419, 340, 380, 412, 373, 438, 350, 387, 337, 338, 352, 302, 433, 322, 440, 395, 331, 355, 357, 399, 437, 361, 385, 303, 304, 345, 307, 320, 426, 403, 315, 369, 351, 393, 421, 427, 447, 305, 415, 311, 411, 308, 388, 332, 381, 391, 316, 363, 321, 328, 422, 402, 425, 365, 413, 444, 310, 314, 343, 364, 370, 386, 404, 408, 429, 443, 330, 435, 368, 334, 349, 424, 301, 336, 417, 318, 423, 446, 312, 319, 358, 400, 383, 401, 416, 441, 418, 445, 309, 325, 366, 375, 428, 341, 348, 359, 346, 377, 306, 414, 431, 335, 434, 324, 327, 405, 339, 410, 449, 313, 439], [0, 145, 16, 31, 35, 6, 136, 98, 9, 38, 73, 107, 147, 11, 57, 69, 47, 68, 50, 71, 85, 102, 126, 7, 148, 228, 296, 90, 67, 250, 115, 81, 99, 1, 112, 18, 144, 106, 8, 10, 79, 128, 137, 39, 82, 91, 62, 70, 135, 78, 142, 149, 4, 45, 124, 37, 83, 105, 119, 101, 140, 59, 63, 130, 14, 48, 109, 43, 86, 89, 113, 103, 19, 51, 92, 42, 96, 58, 94, 118, 29, 100, 143, 3, 44, 129, 134, 21, 61, 139, 133, 55, 56, 121, 25, 88, 77, 110, 104, 12, 33, 27, 23, 122, 108, 141, 80, 17, 138, 36, 5, 40, 20, 52, 95, 117, 66, 87, 120, 123, 22, 127, 131, 114, 72, 97, 24, 65, 34, 116, 54, 28, 41, 64, 46, 75, 49], [2, 356, 367, 394, 406, 13, 84, 111, 26, 146, 30, 15, 436, 32, 125, 132, 76, 448, 60, 93]]","[0.12812285404652357, 0.12468754267320037, 0.3394669471308589, 0.023267393000423908]","[2.633984550833702, 4.0762595711275935, 2.7721446421928704, 0.007590780965983868]","[""OPTIMAL"", ""OPTIMAL"", ""OPTIMAL"", ""OPTIMAL""]","[88.0, 89.0, 78.0, 0.0]","[88.0, 89.0, 78.0, 0.0]","[0.05432099802419543, 0.036794657818973064, 0.037875217851251364]","[83, 376, 672]",672.0,"[0.05167162837460637, 0.08038665726780891, 0.06783056678250432]","[0.021822680719196796, 0.2320414730347693, 0.44276781287044287]","[0.0006553372368216515, 0.023895674850791693, 0.28190641663968563]",OPTIMAL,255.0,255.0,301.0,301.0,7.117437722419929,13.286512043327091
41,3,150,2250,750,1,10,1242,1800,5.569985978771001,[0.7137820050120354],[1800.0211475063115],TIME_LIMIT,296.0,295.0,0.0033783783783783,"[0.9457133891992271, 0.9722093921154737, 0.9926346959546208, 0.9937383071519434, 0.994937761221081, 1.2992418021894991, 1.2997070932760835, 1.5363142811693251, 1.5386468851938844, 1.5397708853706717, 1.5405014650896192, 1.54139742301777, 1.543885131366551, 1.5452182963490486, 2.0338492351584136, 2.1626660069450736, 2.1631439882330596, 2.1635323790833354, 2.1639806772582233, 2.164443084038794, 2.278621230274439, 2.2799064479768276, 3.738327844068408, 3.8477906989865005, 4.196434207260609, 4.307216790039092, 4.308090860024095, 5.480988208204508, 5.602777440100908, 5.685783667024225, 11.484480851329863, 509.5863987021148, 527.4188807401806, 1800.0197260123678]","[444.0, 402.0, 364.0, 343.0, 342.0, 341.0, 340.0, 329.0, 328.0, 327.0, 326.0, 325.0, 321.0, 319.0, 318.0, 317.0, 316.0, 315.0, 314.0, 313.0, 312.0, 311.0, 310.0, 309.0, 308.0, 305.0, 304.0, 303.0, 302.0, 301.0, 298.0, 297.0, 296.0, 296.0]",1800.7349295113236,4,0.9425881702420924,"[0.9703628393077739, 0.8547719076919414, 0.907443457789793, 0.40632603406326034]","[0.31905494326508266, 0.20813745434501452, 0.20160263406457005, 0.0875]","[239.291207448812, 155.06240348703582, 136.08177799358478, 7.0]","[2.0, 1.85, 1.85, 1.55]",586.2858175578217,48.85042862838907,2.0,0.0217113016126173,0.0833218665117853,1.543982188217342,0.2471840530633926,"[750, 745, 675, 80]","[[16, 163, 294, 184, 264, 180, 221, 253, 150, 274, 165, 193, 223, 241, 187, 287, 218, 205, 240, 290, 281, 164, 169, 217, 168, 250, 176, 196, 227, 262, 157, 199, 231, 182, 158, 173, 292, 172, 289, 273, 178, 214, 232, 244, 246, 297, 181, 234, 183, 252, 266, 185, 256, 249, 209, 295, 236, 188, 247, 189, 225, 276, 192, 245, 203, 219, 151, 261, 271, 288, 153, 174, 195, 299, 272, 186, 255, 291, 190, 155, 279, 159, 156, 166, 198, 220, 268, 275, 194, 230, 171, 175, 229, 228, 154, 162, 280, 298, 237, 167, 179, 215, 285, 206, 265, 269, 282, 177, 197, 213, 238, 248, 191, 207, 257, 260, 224, 208, 296, 235, 286, 118, 259, 152, 243, 212, 278, 222, 263, 160, 277, 161, 233, 254, 210, 284, 267, 170, 293, 242, 200, 202, 251, 258, 283, 226, 270, 201, 211, 204], [239, 0, 143, 67, 33, 115, 76, 109, 18, 127, 122, 34, 132, 59, 1, 147, 149, 22, 92, 120, 4, 11, 53, 101, 93, 10, 78, 15, 24, 106, 86, 17, 112, 103, 87, 121, 99, 56, 128, 98, 38, 116, 68, 50, 60, 113, 146, 328, 371, 139, 387, 404, 406, 20, 61, 91, 79, 84, 47, 51, 73, 80, 95, 123, 2, 9, 105, 111, 23, 64, 66, 102, 130, 142, 74, 140, 97, 124, 137, 40, 3, 46, 96, 48, 5, 72, 19, 70, 8, 37, 26, 144, 108, 133, 57, 43, 14, 35, 119, 148, 28, 125, 89, 30, 85, 94, 62, 129, 107, 77, 7, 134, 25, 71, 138, 117, 42, 100, 32, 90, 39, 136, 36, 69, 41, 52, 54, 58, 104, 110, 29, 44, 55, 141, 65, 135, 145, 82, 114, 126, 318, 335, 441, 385, 337, 343, 426, 361, 411], [6, 377, 333, 383, 353, 300, 413, 432, 374, 309, 368, 321, 322, 372, 440, 308, 342, 423, 329, 348, 386, 324, 398, 330, 401, 449, 331, 375, 360, 369, 313, 325, 393, 424, 355, 364, 216, 388, 397, 303, 435, 320, 307, 317, 312, 382, 409, 429, 336, 418, 315, 390, 431, 438, 302, 380, 378, 407, 416, 403, 433, 448, 345, 421, 447, 391, 439, 402, 306, 405, 351, 415, 323, 367, 414, 340, 443, 381, 446, 422, 425, 366, 436, 376, 399, 428, 444, 410, 430, 445, 301, 327, 314, 350, 334, 316, 434, 344, 310, 319, 363, 394, 427, 349, 341, 419, 352, 354, 373, 400, 356, 362, 437, 396, 359, 420, 442, 304, 384, 417, 311, 408, 326, 332, 365, 379, 347, 370, 338, 357, 395, 346, 392, 358, 412], [12, 13, 49, 31, 75, 45, 21, 81, 63, 88, 131, 83, 27, 305, 339, 389]]","[0.12985836993902922, 0.32764399982988834, 0.11633501993492246, 0.02222936414182186]","[4.4344803700223565, 0.7761283409781754, 0.6577165313065052, 0.012579145841300488]","[""OPTIMAL"", ""OPTIMAL"", ""OPTIMAL"", ""OPTIMAL""]","[119.0, 72.0, 85.0, 0.0]","[119.0, 72.0, 85.0, 0.0]","[0.05252128699794412, 0.03697462286800146, 0.037520430982112885]","[146, 456, 751]",751.0,"[0.07487113494426012, 0.07842894271016121, 0.06430740002542734]","[0.03814071882516146, 0.4471124168485403, 0.5048720207996666]","[0.0009671379812061787, 0.03134484589099884, 0.25848065689206123]",OPTIMAL,276.0,276.0,323.0,323.0,9.12162162162162,9.893678999040276
41,3,150,2250,750,1,10,1244,1800,4.74081801623106,[0.5790360369719565],[1800.0190122029744],TIME_LIMIT,262.0,261.0,0.0038167938931297,"[0.8347847452387214, 0.8612521323375404, 0.8810998150147498, 0.8883281261660159, 0.8889150912873447, 0.8905122149735689, 0.891946776304394, 0.8973011691123247, 1.4142749500460923, 1.4152680849656463, 1.4663676461204886, 1.466786309145391, 2.0652028382755816, 2.2342838062904775, 2.237218350172043, 2.5533907609060407, 2.5538922641426325, 2.554360114969313, 2.634485808201134, 2.9182661143131554, 4.277763334102929, 5.108774044085294, 7.326805570162833, 7.602453631348908, 11.992114660330117, 1040.9453908670694, 1800.017621864099]","[437.0, 368.0, 348.0, 346.0, 307.0, 303.0, 301.0, 300.0, 290.0, 288.0, 287.0, 284.0, 282.0, 281.0, 278.0, 276.0, 273.0, 272.0, 270.0, 269.0, 267.0, 266.0, 265.0, 264.0, 263.0, 262.0, 262.0]",1800.5980482399464,4,0.8613974708019647,"[0.8898161909480076, 0.8755023400142435, 0.6325250901986734, 0.5699696190698761]","[0.2279074499284471, 0.2973809039285229, 0.0793049753277026, 0.09224377053963452]","[149.27937970313286, 187.34996947496944, 39.25596278721279, 43.354572153628226]","[1.75, 2.1891996891996897, 1.5, 1.7]",533.8431536564235,114.60326953748016,2.1891996891996897,0.0509347864611023,0.214675918858038,1.1669955421239138,0.2518166098743677,"[655, 630, 495, 470]","[[60, 163, 268, 159, 232, 244, 224, 235, 269, 255, 291, 155, 273, 203, 299, 178, 277, 289, 193, 218, 238, 188, 271, 297, 156, 259, 226, 202, 212, 164, 194, 208, 201, 294, 165, 243, 275, 179, 258, 160, 206, 222, 189, 151, 260, 228, 241, 183, 197, 276, 266, 192, 295, 199, 216, 234, 280, 150, 264, 287, 157, 256, 186, 231, 167, 168, 207, 182, 211, 219, 172, 221, 158, 227, 204, 225, 233, 272, 169, 217, 195, 237, 175, 283, 239, 200, 282, 210, 220, 249, 253, 152, 185, 278, 240, 247, 293, 205, 213, 279, 296, 171, 180, 288, 281, 174, 198, 292, 176, 254, 184, 223, 229, 270, 257, 251, 161, 262, 162, 191, 261, 214, 196, 177, 215, 236, 242, 267, 246, 252, 284], [30, 154, 351, 46, 125, 321, 377, 434, 361, 431, 436, 333, 373, 300, 364, 443, 379, 418, 326, 384, 400, 313, 332, 435, 319, 353, 419, 310, 389, 398, 315, 349, 417, 355, 446, 301, 370, 385, 369, 387, 305, 309, 324, 359, 416, 394, 360, 407, 437, 308, 318, 335, 344, 339, 334, 383, 371, 346, 421, 367, 337, 433, 444, 358, 426, 363, 445, 372, 403, 404, 376, 397, 409, 354, 405, 441, 303, 338, 345, 312, 340, 382, 430, 304, 356, 366, 347, 365, 380, 386, 311, 388, 414, 428, 348, 399, 438, 357, 374, 449, 306, 317, 402, 378, 393, 422, 425, 439, 320, 331, 341, 391, 410, 406, 429, 307, 440, 401, 316, 420, 442, 432, 362, 325, 412, 448], [0, 2, 122, 86, 7, 20, 10, 329, 137, 56, 114, 62, 69, 21, 31, 53, 29, 55, 32, 37, 106, 1, 36, 6, 138, 43, 57, 72, 8, 99, 110, 40, 136, 141, 41, 52, 92, 145, 95, 166, 117, 128, 103, 250, 12, 81, 63, 131, 17, 70, 44, 173, 153, 274, 286, 112, 115, 248, 118, 11, 126, 146, 67, 104, 71, 124, 39, 61, 49, 91, 76, 14, 74, 98, 38, 80, 134, 77, 84, 107, 16, 78, 101, 85, 116, 119, 45, 75, 89, 127, 33, 144, 42, 108, 390, 47, 90, 109, 100], [3, 93, 111, 13, 113, 121, 5, 34, 73, 129, 15, 48, 140, 4, 123, 18, 19, 27, 28, 88, 23, 59, 143, 87, 149, 97, 133, 139, 147, 51, 148, 68, 142, 24, 105, 26, 50, 83, 79, 102, 94, 9, 135, 25, 64, 120, 58, 130, 22, 54, 66, 65, 82, 132, 35, 96, 170, 263, 285, 181, 209, 265, 230, 298, 290, 187, 190, 245, 302, 392, 343, 330, 336, 447, 327, 350, 415, 323, 396, 328, 408, 411, 342, 352, 424, 375, 413, 314, 381, 423, 395, 322, 427, 368]]","[0.12018569093197584, 0.11840168526396155, 0.2994869239628315, 0.09991859132423997]","[2.108279089909047, 2.172788141760975, 0.3905476192012429, 0.10014634486287832]","[""OPTIMAL"", ""OPTIMAL"", ""OPTIMAL"", ""OPTIMAL""]","[66.0, 70.0, 30.0, 32.0]","[66.0, 70.0, 30.0, 32.0]","[0.051590544171631336, 0.03531399928033352, 0.0360701410099864]","[285, 655, 1001]",1001.0,"[0.13885791040956974, 0.09205466136336327, 0.07412211271002889]","[0.06796798901632428, 0.5385931259952486, 0.5847338358871639]","[0.0015505957417190075, 0.08080239640548825, 3.7019764706492424]",OPTIMAL,198.0,198.0,312.0,312.0,19.083969465648856,12.232200021855531
41,3,150,2250,750,1,10,1335,1800,5.000822043046355,[0.6022476758807898],[1800.0242553590797],TIME_LIMIT,257.0,254.0,0.0116731517509727,"[0.7668549879454076, 0.7950094351544976, 0.8201603260822594, 0.8281930573284626, 0.8288946188986301, 0.8305414412170649, 0.8326349151320755, 0.8378769382834435, 0.8391765090636909, 0.995366286020726, 0.995788651984185, 0.9961636941879988, 0.9965381412766874, 0.9969058549031615, 0.9972821259871125, 1.1160163562744856, 1.1164925913326442, 1.1168603170663118, 1.117236444260925, 1.194533369038254, 1.1952291149646044, 1.837621336337179, 1.8461499400436878, 1.8476560153067112, 2.172799900174141, 3.08618400990963, 3.0887719239108264, 3.6201826012693346, 3.710360561031848, 4.023432689253241, 8.599141895305365, 9.281808031257242, 12.481477696914226, 12.48318740632385, 12.484896778129041, 37.22614313708618, 1800.0227933973074]","[509.0, 419.0, 407.0, 403.0, 321.0, 319.0, 316.0, 315.0, 309.0, 297.0, 291.0, 289.0, 288.0, 287.0, 286.0, 283.0, 282.0, 281.0, 280.0, 276.0, 273.0, 268.0, 267.0, 266.0, 265.0, 264.00000000000074, 263.00000000000074, 262.0, 261.0, 260.0, 259.0, 258.0, 258.0, 259.0, 260.0, 257.0, 257.0]",1800.6265030349605,4,0.8645414177931469,"[0.9243152026170894, 0.6355122356334416, 0.8247173723994916, 0.56138999164229]","[0.23557530493897136, 0.13905068777715437, 0.20149145139141747, 0.08777845418470419]","[173.14784913014395, 91.77345393292188, 115.85758455006504, 24.577967171717173]","[1.825, 1.9, 1.85, 1.55]",528.5561717325202,123.19931694767216,2.0,0.0547552519767431,0.2330865166962519,1.2622990063391626,0.2491405662149191,"[735, 660, 575, 280]","[[3, 300, 90, 448, 143, 326, 346, 431, 351, 362, 437, 303, 327, 391, 341, 415, 305, 344, 403, 353, 302, 445, 304, 419, 337, 390, 319, 441, 306, 428, 433, 354, 357, 435, 355, 373, 389, 312, 425, 411, 318, 365, 392, 343, 421, 422, 331, 443, 358, 420, 311, 345, 336, 388, 333, 423, 377, 387, 417, 330, 348, 393, 352, 368, 322, 349, 397, 424, 399, 321, 367, 405, 378, 394, 395, 442, 416, 427, 308, 376, 386, 444, 323, 434, 438, 370, 324, 329, 426, 342, 332, 360, 418, 402, 314, 363, 380, 366, 369, 334, 372, 446, 359, 413, 361, 447, 335, 404, 439, 347, 350, 371, 412, 320, 364, 375, 339, 449, 328, 379, 401, 325, 381, 430, 400, 410, 340, 374, 382, 385, 409, 310, 440, 315, 398, 356, 301, 309, 317, 406, 407, 414, 436, 307, 384, 313, 396], [0, 17, 68, 19, 26, 52, 107, 34, 74, 148, 4, 53, 137, 36, 24, 69, 138, 139, 57, 65, 97, 5, 128, 72, 7, 83, 99, 102, 124, 103, 38, 64, 85, 142, 15, 122, 54, 92, 96, 140, 47, 88, 149, 77, 105, 14, 81, 101, 16, 20, 144, 67, 75, 13, 23, 119, 22, 291, 82, 258, 408, 86, 154, 166, 186, 227, 31, 27, 280, 157, 182, 216, 241, 231, 236, 197, 299, 28, 129, 73, 429, 338, 383, 432, 43, 133, 136, 113, 126, 80, 55, 145, 78, 106, 121, 84, 48, 49, 70, 91, 127, 1, 114, 8, 279, 35, 146, 112, 33, 246, 221, 224, 287, 39, 160, 194, 66, 135, 193, 117, 266, 200, 206, 223, 225, 270, 289, 228, 268, 201, 295, 290], [150, 245, 178, 218, 286, 288, 173, 267, 230, 247, 264, 202, 168, 272, 205, 190, 255, 276, 215, 220, 234, 235, 296, 156, 274, 282, 212, 229, 249, 172, 244, 285, 164, 260, 179, 243, 209, 226, 165, 239, 238, 152, 185, 298, 232, 163, 180, 195, 217, 214, 256, 207, 204, 187, 250, 261, 208, 196, 219, 259, 233, 284, 262, 277, 159, 177, 203, 269, 181, 237, 198, 158, 254, 161, 240, 210, 222, 167, 169, 252, 151, 199, 297, 265, 275, 292, 191, 192, 257, 211, 273, 171, 176, 253, 153, 251, 213, 294, 155, 281, 271, 162, 278, 189, 242, 263, 248, 283, 170, 188, 293, 175, 183, 174, 184], [2, 30, 110, 109, 6, 93, 94, 125, 12, 41, 95, 115, 147, 32, 62, 59, 104, 18, 51, 40, 130, 61, 108, 116, 50, 98, 45, 9, 60, 10, 44, 58, 316, 25, 42, 56, 46, 131, 100, 11, 29, 134, 71, 132, 79, 89, 118, 120, 37, 63, 87, 76, 123, 21, 111, 141]]","[0.12832567933946848, 0.27055878611281514, 0.10162204736843705, 0.18013188801705837]","[5.063427303917706, 0.27680245507508516, 0.5346864559687674, 0.07858198508620262]","[""OPTIMAL"", ""OPTIMAL"", ""OPTIMAL"", ""OPTIMAL""]","[51.0, 41.0, 74.0, 29.0]","[51.0, 41.0, 74.0, 29.0]","[0.05675146821886301, 0.03367253998294473, 0.03381358040496707, 0.036364959087222815]","[242, 629, 988, 1334]",1334.0,"[0.12088398728519678, 0.09463929198682308, 0.07740481616929173, 0.05963375698775053]","[0.06475420435890555, 0.5431452989578247, 0.5861645671539009, 0.46406562300398946]","[0.0013368111103773117, 0.04560220008715987, 0.21249281521886587, 38.57940126070753]",OPTIMAL,195.0,195.0,281.0,281.0,9.33852140077821,49.15570335416123
41,4,150,3000,750,1,10,958,1800,4.587599885999225,[0.8546275779954158],[1800.0439416560112],TIME_LIMIT,354.0,346.0,0.0225988700564971,"[2.0863049009931274, 2.0868136700009927, 2.0872662339825183, 2.087740534974728, 2.088209919980727, 2.0886793849640526, 2.0891584960045293, 2.08962102397345, 2.0900882220012136, 2.090556670969818, 2.3294276669621468, 2.329966200981289, 2.429122943955008, 2.436334258003626, 2.437124310992658, 2.4393211329588667, 2.4443310589995235, 2.8622830939712003, 2.8627895239624195, 2.8632550339680165, 2.863717074971646, 2.8641838419716805, 3.1372015670058317, 3.138029399968218, 3.655521681997925, 3.670026418985799, 4.848867591004819, 4.878747324983124, 5.683560737001244, 6.501841968973167, 6.976954390993342, 7.192477301985491, 7.227945002960041, 7.327016286959406, 7.442011717008427, 7.785392075951677, 12.814845982997213, 13.245735918986611, 13.358613205957226, 35.40542760596145, 36.30571773898555, 326.7603245509672, 607.2511121479911, 1800.0422957689734]","[514.0, 471.0, 447.0, 444.0, 403.0, 402.0, 400.0, 399.0, 398.0, 396.0, 392.0, 391.0, 390.0, 389.0, 387.0, 386.0, 385.0, 384.0, 383.0, 382.0, 381.0, 380.0, 378.0, 377.0, 375.0, 373.0, 372.0, 371.0, 370.0, 369.0, 368.0, 367.0, 365.0, 363.0, 362.0, 361.0, 360.0, 359.0, 358.0, 357.0, 356.0, 355.0, 354.0, 354.0]",1800.8985692340066,5,0.881633816099502,"[0.8880286389702639, 0.8846506125252833, 0.8500128241142201, 0.6778036844397756, 0.573524357222497]","[0.21433965941417651, 0.19479123243012134, 0.2110196209339416, 0.17291215728715725, 0.09268047359296476]","[148.96606329285268, 131.4840818903319, 136.10765550239233, 96.83080808080805, 39.389201277010024]","[1.65, 2.8, 2.0567251461988305, 2.5, 2.018181818181818]",692.0642997727064,139.28648972931137,2.8,0.0464288299097704,0.2012623534761954,0.9950904340366832,0.4320040990132838,"[695, 675, 645, 560, 425]","[[50, 187, 249, 175, 174, 230, 246, 156, 157, 164, 220, 231, 159, 201, 161, 200, 291, 219, 240, 278, 224, 282, 273, 297, 290, 268, 269, 163, 213, 202, 248, 130, 228, 154, 293, 177, 189, 263, 287, 567, 182, 271, 283, 222, 288, 209, 295, 226, 261, 575, 229, 194, 203, 232, 170, 234, 192, 197, 238, 277, 152, 180, 198, 285, 153, 280, 188, 176, 216, 206, 259, 284, 168, 173, 270, 281, 160, 181, 210, 199, 195, 266, 244, 264, 279, 169, 255, 276, 184, 190, 245, 262, 150, 211, 185, 236, 275, 204, 227, 155, 212, 167, 233, 298, 162, 239, 179, 208, 292, 221, 258, 235, 253, 151, 215, 257, 196, 251, 158, 172, 296, 252, 166, 178, 205, 289, 183, 243, 272, 250, 171, 242, 193, 247, 237, 214, 218, 256, 217], [0, 144, 77, 42, 1, 95, 106, 9, 139, 112, 5, 84, 101, 104, 137, 113, 120, 35, 44, 115, 40, 90, 48, 82, 85, 13, 51, 103, 128, 87, 132, 27, 118, 69, 142, 23, 46, 60, 123, 4, 134, 119, 125, 6, 88, 29, 99, 41, 72, 67, 94, 97, 12, 149, 25, 145, 102, 135, 92, 16, 63, 111, 68, 70, 2, 34, 58, 49, 14, 31, 108, 79, 109, 100, 8, 45, 59, 110, 22, 53, 36, 37, 38, 74, 17, 116, 24, 3, 75, 89, 191, 267, 39, 138, 7, 19, 15, 55, 105, 114, 61, 148, 26, 117, 62, 76, 73, 10, 28, 32, 131, 30, 146, 286, 18, 98, 129, 20, 21, 147, 96, 52, 56, 122, 47, 86, 54, 91, 83, 93, 136, 81, 140, 143, 57], [165, 526, 540, 274, 294, 588, 186, 223, 207, 225, 462, 501, 574, 487, 241, 299, 260, 450, 572, 544, 530, 531, 474, 477, 582, 504, 569, 524, 565, 458, 593, 461, 466, 490, 541, 454, 510, 509, 549, 525, 538, 511, 517, 579, 457, 500, 506, 547, 591, 595, 468, 573, 478, 484, 452, 488, 571, 592, 568, 476, 493, 552, 497, 583, 585, 456, 594, 528, 491, 459, 516, 557, 553, 562, 480, 550, 581, 519, 596, 355, 469, 507, 546, 451, 560, 513, 465, 486, 590, 502, 580, 464, 481, 472, 453, 483, 536, 479, 537, 555, 534, 503, 570, 563, 523, 535, 496, 577, 515, 597, 499, 576, 558, 561, 473, 564, 520, 598, 559, 494, 542, 551, 578, 566, 460, 482, 589, 521, 522], [11, 352, 353, 410, 324, 71, 127, 133, 302, 395, 412, 33, 124, 78, 121, 43, 64, 80, 141, 65, 443, 337, 126, 66, 107, 346, 301, 323, 327, 361, 385, 373, 330, 356, 370, 254, 265, 545, 318, 363, 377, 316, 358, 320, 331, 431, 448, 354, 389, 432, 407, 300, 351, 322, 417, 433, 378, 408, 387, 429, 421, 409, 426, 416, 436, 442, 317, 362, 340, 305, 434, 394, 349, 425, 440, 376, 415, 403, 309, 325, 328, 398, 445, 347, 359, 388, 383, 430, 335, 374, 390, 446, 312, 367, 396, 342, 399, 366, 338, 360, 381, 418, 315, 400, 405, 423, 413, 336, 447, 368, 424, 402], [303, 310, 428, 344, 393, 345, 427, 319, 348, 404, 313, 420, 449, 304, 444, 333, 364, 306, 311, 391, 372, 314, 384, 435, 332, 371, 414, 307, 438, 341, 401, 419, 386, 321, 326, 437, 334, 392, 308, 369, 382, 375, 406, 365, 422, 343, 350, 379, 397, 357, 441, 339, 329, 380, 411, 475, 505, 584, 467, 512, 495, 529, 533, 489, 498, 539, 532, 556, 527, 586, 543, 514, 587, 439, 455, 463, 518, 470, 554, 599, 471, 508, 492, 548, 485]]","[0.2726563669857569, 0.12839286000235006, 0.11490445397794247, 0.2589395419927314, 0.07642727001802996]","[9.19189695402747, 1.818823869980406, 2.9854098120122217, 0.2807333029923029, 0.07760427298489958]","[""OPTIMAL"", ""OPTIMAL"", ""OPTIMAL"", ""OPTIMAL"", ""OPTIMAL""]","[69.0, 74.0, 55.0, 54.0, 30.0]","[69.0, 74.0, 55.0, 54.0, 30.0]","[0.07418242702260613, 0.00689793296623975, 0.0068798590218648314]","[325, 846, 1316]",1316.0,"[0.140707365993876, 0.12995652901008725, 0.10294934205012396]","[0.07874768797773868, 0.6786576730082743, 0.7438278149929829]","[0.0016339260037057102, 0.05648771702544764, 8.658771222049836]",OPTIMAL,282.0,282.0,435.0,435.0,18.620689655172413,27.31258273514686
41,4,150,3000,750,1,10,959,1800,5.859250136010815,"[0.7735562719753943, 1.1654794090427458]","[0.4319387470022775, 1800.0398449879722]",TIME_LIMIT,468.0,462.0,0.0128205128205128,"[2.693970547989011, 2.7562237269594334, 2.869207085983362, 2.87077097495785, 2.8737583470065147, 2.8750679069780745, 2.880472522985656, 2.881974793970585, 2.938015207007993, 2.9394752889638767, 3.0031941069755703, 3.004580356006045, 3.0081802000058815, 3.2218515549902804, 3.267007543996442, 3.3251114969607443, 4.124500956968404, 4.125289063958917, 4.126014915993437, 4.40125115099363, 5.1847486879560165, 5.299287458998151, 5.831388795981184, 5.832721380982548, 5.834095598955173, 5.978300374990795, 8.062502574990503, 13.205174982955214, 26.148802420007996, 29.822213559993543, 41.00168401800329, 69.92760912200902, 146.68878418498207, 1800.0377963259816]","[629.0, 563.0, 559.0, 530.0, 529.0, 524.0, 512.0, 511.0, 510.0, 509.0, 507.0, 505.0, 502.0, 498.0, 497.0, 496.0, 493.0, 492.0, 491.0, 490.0, 489.0, 488.0, 487.0, 486.0, 484.0, 478.0, 476.0, 475.0, 472.0, 471.0, 470.0, 469.0, 468.0, 468.0]",1802.4108194159928,5,0.9254316302191312,"[0.9223947973686609, 0.8300802626778548, 0.8682426661851474, 0.9039433112341019, 0.40521212954686103]","[0.10023293810393351, 0.09867704197513527, 0.14493413505856295, 0.07277994661090868, 0.0]","[75.17470357795013, 73.51439627147577, 107.25125994333659, 50.21816316152699, 0.0]","[1.6984848484848485, 1.7699404761904762, 1.8855072463768114, 1.5583333333333333, 1.0]",366.9639255830618,60.8054026287723,1.969940476190476,0.0202684675429241,0.1656985834016084,1.62810339697171,0.4842909909784794,"[750, 745, 740, 690, 75]","[[2, 424, 415, 330, 447, 382, 364, 405, 306, 442, 335, 392, 342, 393, 345, 412, 386, 353, 41, 315, 118, 362, 302, 437, 114, 374, 336, 341, 366, 433, 317, 373, 416, 344, 368, 303, 435, 355, 397, 438, 308, 314, 346, 337, 432, 379, 421, 410, 445, 310, 389, 443, 359, 381, 319, 326, 380, 332, 311, 446, 322, 348, 413, 312, 329, 347, 387, 406, 328, 376, 385, 429, 318, 428, 339, 357, 425, 440, 349, 356, 369, 408, 401, 441, 407, 451, 426, 351, 384, 398, 372, 422, 420, 352, 414, 404, 395, 354, 434, 396, 300, 307, 327, 448, 313, 423, 449, 301, 383, 304, 400, 350, 390, 316, 320, 367, 418, 377, 360, 417, 411, 431, 305, 333, 321, 378, 334, 419, 309, 343, 375, 403, 323, 361, 409, 358, 444, 394, 427, 436, 402, 430, 324, 365, 439, 331, 338, 340, 399, 325], [60, 180, 71, 147, 191, 173, 179, 299, 269, 152, 158, 194, 249, 253, 202, 217, 285, 228, 156, 282, 226, 263, 237, 245, 169, 292, 255, 274, 167, 199, 267, 294, 153, 225, 182, 280, 178, 264, 230, 238, 204, 160, 236, 195, 258, 505, 213, 288, 276, 170, 227, 290, 172, 216, 243, 244, 265, 162, 190, 224, 291, 181, 196, 183, 193, 511, 234, 257, 240, 275, 155, 270, 200, 233, 198, 161, 266, 246, 268, 277, 287, 241, 164, 504, 215, 281, 289, 529, 522, 171, 205, 185, 251, 461, 546, 223, 272, 478, 480, 486, 497, 151, 283, 252, 174, 293, 254, 260, 298, 261, 168, 188, 197, 284, 175, 286, 218, 192, 256, 186, 235, 187, 279, 211, 250, 184, 273, 262, 209, 176, 297, 221, 247, 177, 231, 232, 222, 214, 295, 219, 229, 296, 242, 259, 159, 203, 220, 248, 271], [135, 212, 157, 577, 163, 278, 474, 363, 370, 391, 482, 574, 589, 593, 537, 594, 570, 154, 575, 481, 500, 551, 452, 492, 568, 527, 553, 515, 455, 508, 458, 465, 555, 450, 579, 470, 582, 454, 473, 531, 468, 520, 495, 585, 463, 572, 573, 462, 590, 547, 477, 571, 550, 485, 514, 545, 559, 556, 581, 518, 562, 532, 459, 565, 513, 476, 561, 535, 528, 475, 509, 564, 490, 592, 569, 491, 554, 563, 543, 530, 371, 487, 472, 483, 519, 586, 456, 517, 536, 524, 576, 567, 533, 453, 512, 552, 499, 457, 541, 489, 560, 466, 510, 557, 584, 469, 542, 566, 494, 506, 588, 599, 479, 496, 597, 488, 548, 523, 521, 460, 501, 534, 549, 558, 464, 595, 516, 507, 591, 578, 493, 525, 503, 498, 540, 467, 526, 539, 471, 583, 596, 598, 484, 587, 502, 544, 538, 580], [0, 10, 75, 11, 122, 13, 83, 5, 42, 53, 31, 70, 85, 111, 119, 51, 8, 65, 43, 137, 50, 95, 63, 4, 44, 22, 87, 14, 38, 52, 15, 86, 40, 97, 140, 110, 1, 79, 27, 82, 33, 93, 149, 47, 132, 64, 6, 239, 9, 62, 21, 148, 210, 166, 30, 80, 108, 35, 61, 69, 128, 54, 3, 73, 134, 113, 138, 32, 57, 37, 39, 84, 7, 90, 58, 130, 136, 49, 131, 146, 89, 101, 142, 98, 25, 99, 145, 55, 56, 106, 17, 102, 59, 78, 388, 96, 76, 143, 74, 144, 18, 68, 94, 24, 139, 16, 20, 127, 34, 129, 23, 109, 115, 26, 66, 121, 36, 116, 141, 72, 104, 107, 88, 133, 29, 67, 103, 117, 46, 81, 92, 91, 45, 100, 48, 105, 77, 112], [12, 150, 28, 123, 189, 120, 207, 208, 206, 201, 165, 19, 124, 125, 126]]","[0.1848573749884963, 0.46579566498985514, 0.16415478201815858, 0.19504487997619435, 0.026495950995013118]","[2.476062666042708, 1.4375453789834864, 19.326570906036068, 1.8650874919840135, 0.01358320500003174]","[""OPTIMAL"", ""OPTIMAL"", ""OPTIMAL"", ""OPTIMAL"", ""OPTIMAL""]","[125.0, 108.0, 101.0, 88.0, 0.0]","[125.0, 108.0, 101.0, 88.0, 0.0]","[0.0919135520234704, 0.007590161985717714, 0.007331603032071143]","[212, 721, 1197]",1197.0,"[0.14299282699357718, 0.16226801596349105, 0.13342853303765878]","[0.07963851798558608, 0.9041031349916011, 0.9979438760201447]","[0.001974085986148566, 0.07470527198165655, 26.3583302529878]",OPTIMAL,422.0,422.0,512.0,512.0,8.59375,57.229812521953136
41,4,150,3000,750,1,10,960,1800,5.537635984946974,"[0.8230220759869553, 0.9942537589813583]","[0.4174958469811827, 1800.0684906639508]",TIME_LIMIT,423.0,417.0,0.0141843971631205,"[2.4630644990247674, 2.520249633991625, 2.62516717199469, 2.648145381012, 2.6494551859796047, 2.66769644402666, 2.7035373660037294, 2.7544374319841154, 2.757429717981722, 4.097662543994375, 4.098466683004517, 4.099167933978606, 4.127073684008792, 4.889527612016536, 4.992010926012881, 5.459331960009877, 5.460762645991053, 5.56877956201788, 5.767542420013342, 6.2729887930327095, 13.262037659995258, 14.139909173012711, 14.697884277033154, 15.459211122011766, 15.86210587801179, 19.518409168988, 19.521760815987363, 103.15607454400742, 231.1026504180045, 1800.066473199986]","[658.0, 569.0, 505.0, 504.0, 500.0, 461.0, 460.0, 459.0, 457.0, 455.0, 450.0, 449.0, 448.0, 443.0, 442.0, 440.0, 439.0, 438.0, 435.0, 434.0, 433.0, 432.0, 430.0, 429.0, 428.0, 427.0, 425.0, 424.0, 423.0, 423.0]",1802.3032623459003,5,0.8856628477442147,"[0.9060917983621135, 0.916756906559371, 0.7014372396051786, 0.7945838296370523, 0.5472999589315498]","[0.09461044228061663, 0.17608007356504124, 0.02986359126984129, 0.08685599946193166, 0.015174804098854727]","[67.17341401923781, 124.13645186335407, 17.918154761904773, 51.245039682539684, 5.994047619047617]","[1.6507246376811593, 2.1000000000000005, 1.6, 1.4666666666666668, 1.2479166666666666]",322.7101635016393,56.24305555555532,2.1000000000000005,0.0187476851851851,0.174283496203228,1.660718547005672,0.480955543986056,"[710, 705, 600, 590, 395]","[[137, 265, 157, 171, 186, 201, 167, 184, 191, 240, 183, 241, 187, 217, 221, 211, 268, 298, 267, 152, 195, 212, 261, 297, 196, 282, 270, 162, 256, 203, 228, 165, 223, 289, 209, 214, 185, 251, 294, 229, 273, 218, 220, 263, 299, 283, 151, 163, 204, 271, 272, 254, 259, 213, 237, 194, 292, 199, 234, 274, 233, 277, 253, 247, 276, 258, 260, 278, 285, 156, 158, 175, 245, 226, 257, 160, 232, 486, 291, 174, 499, 295, 169, 205, 179, 227, 150, 266, 224, 188, 230, 197, 235, 225, 193, 264, 238, 293, 250, 164, 208, 200, 215, 173, 248, 281, 153, 216, 284, 246, 296, 159, 166, 172, 262, 239, 242, 168, 177, 280, 269, 275, 202, 279, 286, 155, 222, 236, 161, 219, 170, 207, 190, 178, 192, 189, 182, 249, 255, 198, 287, 244], [180, 531, 542, 559, 476, 518, 479, 530, 544, 599, 543, 578, 507, 511, 549, 516, 461, 462, 500, 487, 483, 537, 496, 526, 506, 570, 554, 513, 595, 579, 460, 335, 520, 535, 451, 470, 503, 475, 577, 508, 478, 514, 538, 592, 598, 453, 568, 480, 569, 587, 471, 528, 564, 515, 591, 472, 594, 477, 553, 536, 493, 492, 586, 593, 525, 590, 555, 584, 597, 481, 504, 558, 532, 540, 455, 489, 539, 519, 585, 533, 523, 588, 450, 547, 474, 548, 566, 459, 596, 534, 576, 457, 498, 488, 560, 589, 466, 495, 556, 484, 522, 452, 482, 510, 517, 458, 494, 465, 468, 521, 456, 550, 546, 467, 491, 541, 454, 567, 581, 464, 473, 574, 485, 490, 524, 512, 557, 582, 571, 583, 501, 575, 505, 565, 551, 502, 529, 509, 572, 463, 580], [3, 47, 13, 51, 17, 144, 56, 147, 90, 111, 126, 136, 142, 94, 104, 143, 16, 122, 35, 55, 85, 96, 121, 54, 112, 135, 120, 149, 32, 44, 49, 139, 74, 146, 5, 62, 134, 24, 7, 61, 60, 23, 18, 53, 106, 45, 127, 66, 71, 114, 20, 34, 365, 561, 413, 46, 290, 77, 116, 42, 243, 154, 176, 206, 231, 52, 69, 59, 92, 75, 100, 181, 130, 4, 133, 10, 65, 67, 128, 28, 129, 11, 41, 98, 138, 132, 40, 93, 58, 73, 123, 19, 27, 31, 64, 110, 145, 22, 88, 30, 79, 91, 36, 109, 12, 288, 115, 210, 252, 15, 107, 108, 38, 97, 57, 89, 76, 82, 87, 25], [43, 361, 301, 331, 406, 306, 409, 318, 325, 412, 307, 426, 390, 444, 447, 322, 364, 440, 377, 433, 353, 382, 304, 405, 439, 374, 397, 420, 443, 431, 334, 438, 383, 407, 385, 434, 358, 341, 346, 403, 345, 395, 312, 415, 400, 386, 391, 392, 344, 427, 370, 414, 408, 422, 333, 437, 366, 428, 343, 363, 394, 424, 384, 303, 321, 402, 359, 316, 340, 310, 393, 339, 349, 425, 323, 329, 309, 419, 379, 354, 320, 401, 423, 362, 311, 342, 387, 338, 314, 448, 356, 380, 432, 302, 545, 328, 389, 332, 360, 562, 369, 469, 527, 552, 563, 573, 315, 351, 330, 372, 441, 327, 381, 350, 446, 357, 388, 417], [0, 117, 148, 14, 131, 141, 6, 9, 2, 86, 26, 37, 21, 140, 50, 80, 72, 63, 8, 68, 102, 29, 319, 33, 81, 39, 70, 84, 113, 118, 95, 103, 119, 99, 105, 125, 48, 124, 371, 83, 352, 410, 429, 430, 1, 376, 101, 308, 300, 399, 368, 435, 449, 396, 497, 411, 416, 326, 305, 375, 324, 445, 355, 348, 404, 421, 373, 78, 398, 436, 418, 442, 313, 347, 317, 336, 337, 367, 378]]","[0.17925231897970662, 0.15208572201663628, 0.5005455530481413, 0.14541325700702146, 0.11084074602695182]","[8.112169173022266, 15.923687099013478, 0.33979639696190134, 1.7306359069771133, 0.08502608898561448]","[""OPTIMAL"", ""OPTIMAL"", ""OPTIMAL"", ""OPTIMAL"", ""OPTIMAL""]","[76.0, 103.0, 28.0, 92.0, 30.0]","[76.0, 103.0, 28.0, 92.0, 30.0]","[0.09737325401511043, 0.007759288011584431, 0.007546313980128616]","[317, 870, 1364]",1364.0,"[0.18448346498189494, 0.18023822898976505, 0.1416884220088832]","[0.10259989596670493, 1.0312515620025806, 1.1265565960202366]","[0.0025859029847197235, 0.08840338402660564, 14.415361693012528]",OPTIMAL,329.0,329.0,484.0,484.0,12.603305785123966,46.8069743590313
41,4,150,3000,750,1,10,961,1800,5.626407594943885,[0.5663408180116676],[1800.0219771359698],TIME_LIMIT,499.0,493.0,0.0120240480961923,"[15.899205708992667, 16.515560238971375, 17.85356434097048, 21.67295799596468, 21.67514815297909, 21.677236794959754, 25.525256689987145, 29.584255748952273, 29.58703248697566, 37.85531092097517, 71.3414033089648, 98.70874637499219, 332.78469808097, 618.6165366349742, 1800.0203110769507]","[513.0, 509.0, 508.0, 508.0, 509.0, 513.0, 507.0, 506.0, 505.0, 504.0, 502.0, 501.0, 500.0, 498.9999997522299, 499.0]",1800.5883179539817,5,0.9388888813097792,"[0.9064199642534545, 0.9608249003373198, 0.9150468754295769, 0.8216452948862756, 0.3776801334472517]","[0.30944696562713775, 0.29237893533601217, 0.24808756547985125, 0.2894758662528702, 0.018518518518518517]","[228.99075456408195, 216.360412148649, 178.6230471454929, 192.5014510581587, 2.5]","[1.9839431466366453, 1.85, 2.0, 2.1854066985645932, 1.4]",897.0808452052006,78.10518028881802,2.185406698564593,0.0260350600962726,0.0870659324699603,1.6448291899869218,0.439328153966926,"[740, 740, 720, 665, 135]","[[150, 521, 596, 493, 555, 505, 471, 506, 240, 265, 549, 183, 285, 537, 504, 529, 586, 459, 478, 491, 540, 597, 519, 574, 577, 550, 576, 595, 485, 486, 565, 513, 489, 502, 541, 533, 590, 593, 453, 481, 527, 532, 573, 497, 589, 545, 543, 554, 463, 524, 487, 575, 466, 581, 561, 479, 476, 584, 516, 592, 568, 512, 578, 518, 551, 579, 488, 302, 534, 526, 594, 483, 507, 572, 480, 496, 557, 461, 562, 510, 464, 509, 582, 454, 523, 494, 539, 583, 558, 457, 548, 547, 563, 546, 567, 585, 587, 588, 473, 503, 569, 538, 528, 531, 553, 451, 465, 599, 598, 499, 544, 564, 455, 530, 475, 456, 560, 468, 501, 500, 536, 508, 452, 495, 472, 511, 559, 470, 517, 542, 570, 458, 525, 552, 467, 469, 522, 490, 535, 474, 498, 580, 566, 591, 571, 462, 515, 477], [104, 318, 422, 353, 313, 394, 402, 366, 349, 371, 414, 362, 370, 300, 324, 355, 377, 310, 314, 419, 329, 341, 306, 359, 435, 396, 301, 446, 327, 421, 382, 438, 351, 439, 423, 360, 424, 303, 401, 429, 389, 492, 309, 408, 336, 345, 330, 397, 317, 368, 334, 363, 340, 347, 390, 432, 365, 319, 373, 410, 372, 442, 323, 321, 406, 338, 386, 403, 436, 326, 331, 444, 416, 352, 440, 387, 428, 320, 400, 335, 361, 392, 344, 383, 443, 430, 346, 375, 433, 369, 395, 388, 357, 376, 385, 448, 367, 380, 384, 417, 304, 333, 342, 350, 311, 354, 356, 348, 412, 378, 415, 322, 305, 420, 358, 391, 411, 413, 307, 418, 437, 312, 328, 364, 407, 447, 431, 426, 325, 409, 337, 398, 374, 434, 379, 381, 449, 332, 399, 404, 441, 315, 339, 316, 393, 425, 445, 343], [0, 8, 94, 7, 30, 12, 82, 56, 71, 117, 5, 25, 79, 24, 37, 61, 40, 81, 77, 64, 132, 134, 58, 105, 121, 1, 63, 55, 93, 141, 124, 10, 51, 59, 68, 6, 74, 114, 14, 138, 15, 146, 173, 209, 75, 101, 11, 139, 22, 88, 143, 107, 142, 145, 73, 116, 66, 85, 2, 39, 102, 26, 53, 27, 60, 123, 92, 31, 4, 32, 36, 120, 122, 128, 57, 103, 137, 65, 69, 72, 108, 115, 28, 99, 140, 149, 35, 126, 42, 46, 76, 86, 19, 112, 67, 87, 106, 111, 95, 13, 70, 47, 194, 135, 148, 144, 16, 131, 38, 109, 125, 49, 118, 17, 43, 41, 33, 50, 62, 34, 44, 89, 3, 136, 113, 48, 45, 84, 21, 29, 96, 18, 54, 147, 110, 20, 83, 129, 130, 405, 133, 9, 427, 308], [23, 188, 156, 206, 178, 280, 296, 237, 460, 239, 520, 247, 260, 295, 182, 167, 292, 200, 261, 189, 201, 190, 251, 273, 450, 514, 482, 556, 52, 159, 186, 191, 205, 157, 250, 180, 281, 279, 210, 248, 275, 216, 168, 484, 172, 262, 284, 184, 198, 289, 228, 288, 151, 283, 202, 203, 174, 258, 185, 230, 245, 223, 224, 175, 195, 211, 263, 160, 222, 246, 249, 204, 226, 165, 253, 217, 291, 287, 170, 213, 219, 212, 256, 267, 196, 208, 254, 255, 218, 177, 282, 298, 257, 264, 163, 220, 278, 233, 293, 297, 270, 181, 225, 232, 244, 169, 193, 272, 235, 152, 171, 166, 290, 176, 155, 197, 199, 241, 243, 268, 153, 215, 236, 252, 269, 266, 154, 164, 277, 187, 158, 259, 227], [78, 231, 274, 192, 276, 80, 271, 161, 179, 229, 162, 221, 242, 286, 238, 207, 234, 294, 214, 299, 90, 98, 97, 127, 119, 91, 100]]","[0.4585362949874252, 0.12208622496109456, 0.13828432402806357, 0.1256375780212693, 0.030867676017805934]","[12.05251957901055, 15.081045473052654, 1.1892104939906858, 2.929596784990281, 0.008522109012119472]","[""OPTIMAL"", ""OPTIMAL"", ""OPTIMAL"", ""OPTIMAL"", ""OPTIMAL""]","[115.0, 116.0, 96.0, 122.0, 0.0]","[115.0, 116.0, 96.0, 122.0, 0.0]","[0.07282133196713403, 0.007817581994459033, 0.007772726996336132, 0.007712076010648161, 0.007074709050357342]","[221, 705, 1163, 1637, 2109]",2109.0,"[0.10118570597842336, 0.12335697800153866, 0.09980627096956596, 0.08276202401611954, 0.06206263299100101]","[0.05281960201682523, 0.7298713600030169, 0.49677397398045287, 0.8753837959957309, 0.9149701680289581]","[0.0012135140132158995, 0.04771632101619616, 0.2267845300375484, 0.41609522700309753, 74.35593245900236]",OPTIMAL,449.0,449.0,507.9999999294991,507.9999999294991,1.7716535296748286,112.91039687109878
41,4,150,3000,750,1,10,962,1800,5.764328199031297,[0.5731234220438637],[1800.0429576850147],TIME_LIMIT,292.0,288.0,0.0136986301369863,"[1.410681367968209, 1.448254624963738, 1.47869824396912, 1.4856156449532136, 1.486437309999019, 1.4878130489960313, 1.4950926619931124, 1.5068900949554518, 1.5086672129691578, 1.870795567985624, 1.8715155409881845, 2.1717518439982086, 2.1728335459483787, 3.3831099259550683, 3.4052323490031995, 3.448407279967796, 4.134486032999121, 5.4025410389876924, 6.023364787979517, 6.331077631970402, 6.389894257998094, 6.51279369398253, 6.682414163951762, 6.839122277975548, 11.296155465999618, 38.263381417957135, 71.68118026695447, 71.68295712996041, 71.68470882799011, 176.09974724898348, 260.15536021097796, 1800.041257934994]","[451.0, 393.0, 365.0, 360.0, 335.0, 332.0, 328.0, 326.0, 323.0, 319.0, 318.0, 309.0, 308.0, 307.0, 306.0, 305.0, 304.0, 303.0, 302.0, 301.0, 300.0, 299.0, 297.0, 296.0, 295.0, 294.0, 294.0, 295.0, 296.0, 293.0, 292.0, 292.0]",1800.6160811070586,5,0.8643880047740669,"[0.8782187215995153, 0.8956533214355288, 0.806851511477846, 0.6147137032441057, 0.6108402971216341]","[0.1553294962408875, 0.24817936566470508, 0.26235635939929564, 0.10463053512752309, 0.1012214323255442]","[111.06058981223455, 170.00286548032298, 124.61927071466542, 43.42167207792208, 71.86721695113638]","[1.9645933014354067, 2.255263157894737, 1.7458333333333331, 1.55, 1.6388888888888888]",676.187352282183,151.4008931310383,2.255263157894737,0.0504669643770127,0.2239037636829867,1.657184948970098,0.433978361019399,"[715, 685, 475, 415, 710]","[[0, 116, 70, 82, 115, 16, 117, 43, 114, 22, 129, 38, 37, 81, 112, 30, 94, 137, 100, 27, 140, 119, 125, 56, 79, 76, 109, 135, 36, 66, 49, 111, 50, 91, 128, 85, 65, 127, 93, 90, 113, 103, 126, 3, 130, 17, 4, 55, 64, 5, 139, 40, 60, 63, 72, 84, 1, 59, 6, 99, 80, 144, 7, 41, 21, 142, 31, 88, 25, 57, 11, 44, 48, 92, 68, 145, 147, 15, 46, 96, 83, 9, 138, 61, 14, 45, 20, 132, 26, 32, 67, 141, 18, 71, 108, 73, 98, 2, 34, 120, 136, 24, 276, 33, 89, 200, 121, 52, 62, 74, 101, 53, 77, 118, 75, 54, 102, 105, 10, 86, 12, 23, 19, 39, 13, 97, 107, 42, 69, 47, 265, 124, 110, 123, 35, 148, 95, 146, 122, 226, 227, 261, 149], [362, 150, 190, 201, 157, 236, 238, 180, 203, 167, 279, 211, 267, 277, 218, 222, 153, 223, 284, 176, 207, 233, 297, 168, 246, 255, 266, 187, 163, 275, 234, 258, 155, 219, 177, 186, 249, 205, 294, 286, 189, 215, 252, 270, 154, 220, 214, 228, 243, 290, 194, 237, 247, 292, 156, 269, 173, 273, 158, 181, 202, 295, 251, 171, 232, 264, 212, 268, 282, 296, 289, 299, 159, 192, 240, 179, 199, 197, 291, 151, 271, 206, 288, 152, 245, 216, 209, 164, 262, 230, 161, 280, 221, 274, 208, 229, 162, 285, 256, 188, 210, 231, 166, 172, 217, 169, 170, 293, 195, 248, 250, 287, 160, 185, 182, 253, 235, 193, 174, 191, 196, 244, 259, 281, 494, 178, 241, 254, 184, 298, 242, 224, 213, 278, 225, 257, 263], [404, 523, 520, 472, 524, 568, 558, 450, 583, 506, 533, 597, 536, 586, 451, 492, 581, 526, 540, 579, 497, 508, 469, 547, 475, 559, 518, 453, 488, 509, 486, 468, 578, 515, 522, 483, 487, 456, 466, 555, 465, 575, 537, 556, 596, 545, 563, 457, 543, 516, 593, 464, 505, 598, 470, 521, 574, 530, 477, 585, 534, 592, 476, 491, 531, 562, 514, 467, 595, 550, 577, 541, 471, 576, 517, 496, 504, 474, 554, 591, 489, 580, 485, 570, 490, 502, 500, 544, 549, 553, 528, 588, 511, 539, 590], [300, 337, 305, 317, 449, 302, 334, 431, 319, 331, 339, 372, 414, 425, 380, 309, 383, 326, 401, 359, 325, 406, 330, 442, 347, 341, 304, 307, 423, 392, 395, 365, 441, 367, 435, 318, 333, 342, 440, 379, 403, 384, 303, 338, 312, 427, 382, 421, 313, 332, 378, 409, 443, 390, 397, 438, 336, 482, 571, 346, 351, 415, 374, 396, 370, 386, 327, 357, 389, 361, 436, 498, 561, 375, 402, 410, 394, 478, 420, 344, 519, 373, 424], [8, 131, 314, 417, 387, 58, 134, 340, 448, 419, 356, 363, 335, 348, 369, 434, 400, 51, 418, 433, 329, 345, 381, 437, 349, 399, 371, 388, 439, 353, 368, 405, 432, 320, 446, 360, 413, 416, 385, 398, 324, 366, 343, 411, 106, 328, 358, 354, 393, 430, 364, 408, 444, 133, 321, 447, 377, 412, 301, 407, 316, 315, 352, 391, 445, 422, 426, 428, 165, 572, 459, 501, 198, 510, 484, 529, 175, 499, 463, 567, 461, 503, 507, 512, 183, 599, 535, 525, 557, 594, 454, 564, 584, 462, 560, 239, 260, 565, 479, 493, 532, 542, 546, 548, 452, 473, 481, 587, 458, 538, 589, 204, 272, 283, 460, 552, 566, 480, 513, 582, 455, 495, 569, 551, 573, 527, 28, 29, 78, 87, 104, 143, 310, 376, 355, 306, 429, 308, 350, 322, 311, 323]]","[0.43011287704575807, 0.12408974999561906, 0.07674938399577513, 0.08511166600510478, 0.15003512700786814]","[1.8577614279929549, 0.9644512859522365, 0.4796473699971102, 0.11389059398788959, 0.21632353600580245]","[""OPTIMAL"", ""OPTIMAL"", ""OPTIMAL"", ""OPTIMAL"", ""OPTIMAL""]","[64.0, 72.0, 46.0, 10.0, 25.0]","[64.0, 72.0, 46.0, 10.0, 25.0]","[0.3376839790144004, 0.008111679984722286, 0.007614622008986771]","[429, 941, 1420]",1420.0,"[0.18520104000344872, 0.1283108930219896, 0.1052665960160084]","[0.1048164339736104, 0.5576781040290371, 0.8914815229945816]","[0.0034869170049205422, 0.06236383301438764, 2.832688454014715]",OPTIMAL,217.0,217.0,344.0,344.0,15.116279069767442,11.814040403056424
62,6,150,4500,750,1,10,963,1800,7.176558106031735,[1.1898624479654245],[1800.0378888419946],TIME_LIMIT,532.0,525.0,0.0131578947368421,"[2.289348633028567, 2.3497944460250437, 2.405098685005214, 2.4156076930230483, 2.416932918014936, 2.419667726033367, 2.4223982089897618, 2.4271780180279166, 3.2526035929913633, 3.256647183035966, 3.262187795015052, 4.435271652007941, 4.785008548991755, 4.795988153025974, 4.804048749036156, 5.334132210002281, 5.679180996026844, 5.804916716995649, 5.805890629009809, 8.45388341601938, 9.560617629031185, 10.010807926999405, 13.041006485989783, 13.35554855800001, 14.258313568017911, 19.038883567031007, 21.79725334502291, 33.63825320301112, 33.641453157004435, 33.644617073994596, 303.46234566601925, 1800.0358069610083]","[699.0, 650.0, 630.0, 628.0, 591.0, 589.0, 588.0, 584.0, 567.0, 555.0, 553.0, 551.0, 550.0, 548.0, 547.0, 546.0, 544.0, 543.0, 542.0, 541.0, 540.0, 538.0, 537.0, 536.0, 535.0, 534.0, 533.0, 533.0, 534.0, 535.0, 531.9999995526014, 532.0]",1801.22775128996,9,0.8436560185646911,"[0.9048151158065827, 0.8729245586599749, 0.6921361068581384, 0.7453295734931266, 0.7233547464909292, 0.7272304946331206, 0.5614418286146072, 0.5439476650385661, 0.571452217596769]","[0.22202517347143289, 0.29461914148466234, 0.09980959595959593, 0.18933873016425087, 0.20644306673718438, 0.07680061685640718, 0.100053569618787, 0.1011495214393765, 0.0878530079137496]","[163.18850250150317, 190.02934625760722, 62.38099747474746, 92.77597778048293, 93.93159536541889, 31.488252911126946, 34.518481518481515, 31.862099253403596, 42.16944379859981]","[2.35, 2.0, 1.631818181818182, 1.85, 1.95, 1.6227272727272726, 1.599300699300699, 1.9166666666666665, 1.831818181818182]",931.606336905885,189.2616400445136,2.35,0.0420581422321141,0.2031562394400398,2.037630452017765,0.6758450430352241,"[735, 645, 625, 490, 455, 410, 345, 315, 480]","[[346, 754, 866, 806, 888, 771, 803, 841, 817, 849, 836, 868, 808, 823, 893, 758, 807, 876, 894, 762, 822, 853, 828, 851, 764, 788, 860, 799, 767, 877, 776, 890, 884, 790, 833, 847, 898, 859, 777, 864, 869, 782, 405, 861, 874, 761, 768, 775, 837, 875, 797, 867, 848, 842, 752, 863, 800, 773, 862, 879, 892, 896, 787, 810, 855, 872, 789, 798, 755, 840, 792, 819, 756, 858, 802, 830, 870, 757, 852, 816, 850, 670, 897, 843, 751, 786, 813, 753, 814, 793, 856, 698, 882, 829, 857, 794, 883, 809, 845, 791, 880, 796, 750, 759, 772, 783, 801, 871, 865, 769, 887, 812, 815, 885, 760, 804, 770, 779, 891, 811, 820, 826, 889, 895, 832, 827, 831, 838, 878, 899, 881, 763, 765, 766, 780, 839, 781, 818, 795, 834, 778, 844, 784, 825, 846, 854, 873], [369, 54, 270, 191, 157, 163, 201, 181, 204, 218, 249, 224, 291, 155, 179, 160, 170, 264, 186, 233, 187, 189, 161, 217, 219, 166, 292, 281, 210, 242, 278, 258, 167, 268, 248, 151, 271, 196, 286, 195, 205, 288, 165, 246, 216, 214, 223, 261, 279, 150, 215, 299, 178, 222, 250, 182, 241, 185, 234, 153, 266, 207, 276, 284, 171, 297, 238, 206, 280, 194, 226, 236, 251, 152, 212, 202, 240, 199, 174, 256, 188, 243, 237, 254, 162, 272, 259, 295, 227, 296, 245, 175, 290, 273, 154, 298, 252, 289, 176, 265, 255, 269, 164, 200, 293, 177, 209, 235, 232, 267, 156, 287, 192, 197, 247, 208, 173, 253, 263, 180, 203, 231, 198, 257, 230, 260, 213, 221, 225], [15, 471, 149, 592, 665, 618, 642, 738, 635, 744, 603, 619, 648, 622, 631, 704, 672, 711, 644, 675, 739, 641, 745, 183, 275, 728, 676, 785, 680, 616, 679, 685, 621, 805, 659, 717, 613, 774, 615, 712, 735, 657, 674, 691, 693, 601, 700, 701, 723, 741, 730, 749, 604, 835, 724, 713, 623, 630, 651, 677, 660, 673, 734, 683, 729, 696, 707, 722, 220, 239, 743, 262, 607, 716, 228, 690, 614, 649, 656, 709, 736, 662, 695, 611, 746, 612, 694, 740, 703, 714, 721, 632, 687, 666, 681, 652, 720, 643, 705, 645, 668, 457, 494, 555, 478, 470, 496, 559, 678, 638, 669, 544, 549, 655, 697, 608, 725, 626, 726, 733, 639, 682, 688, 742, 727], [158, 345, 357, 325, 327, 401, 383, 434, 310, 352, 436, 414, 356, 336, 367, 385, 338, 370, 438, 443, 301, 375, 318, 415, 433, 311, 334, 350, 381, 396, 368, 428, 304, 322, 362, 389, 371, 316, 349, 408, 420, 323, 419, 411, 432, 306, 364, 332, 307, 320, 376, 321, 431, 348, 361, 412, 331, 446, 337, 354, 437, 380, 439, 448, 388, 424, 314, 329, 317, 386, 319, 333, 397, 886, 422, 440, 445, 303, 441, 312, 343, 418, 313, 410, 351, 417, 403, 330, 384, 394, 339, 353, 378, 416, 344, 429, 379, 400], [1, 33, 140, 102, 16, 510, 20, 119, 159, 145, 3, 103, 79, 84, 142, 137, 118, 136, 55, 12, 23, 50, 24, 87, 35, 125, 53, 5, 41, 81, 27, 124, 76, 168, 148, 51, 74, 89, 110, 4, 126, 92, 6, 67, 88, 34, 42, 36, 48, 93, 101, 38, 131, 99, 7, 117, 146, 123, 56, 95, 47, 77, 31, 141, 108, 8, 26, 28, 120, 63, 133, 61, 127, 69, 85, 139, 17, 65, 29, 46, 57, 83, 128, 96, 40, 52, 114, 100, 71, 82, 121], [453, 556, 528, 476, 587, 461, 509, 463, 574, 481, 493, 500, 504, 484, 529, 585, 516, 577, 570, 584, 527, 593, 455, 543, 511, 579, 464, 506, 551, 488, 502, 466, 552, 474, 525, 477, 589, 564, 566, 491, 526, 545, 586, 507, 524, 554, 535, 503, 523, 598, 581, 454, 599, 462, 486, 547, 501, 590, 512, 568, 595, 465, 505, 517, 569, 576, 479, 548, 575, 530, 563, 467, 469, 498, 572, 578, 492, 538, 557, 515, 539, 536], [106, 609, 667, 495, 561, 671, 129, 450, 458, 706, 558, 580, 610, 715, 620, 732, 625, 646, 654, 692, 650, 653, 661, 451, 594, 490, 497, 588, 452, 475, 522, 473, 456, 565, 520, 542, 472, 534, 514, 571, 518, 553, 540, 546, 459, 532, 519, 521, 597, 533, 460, 508, 499, 567, 573, 483, 537, 480, 513, 591, 485, 583, 596, 487, 582, 560, 541, 550, 562], [172, 193, 315, 398, 211, 430, 285, 294, 359, 283, 277, 326, 406, 355, 425, 427, 435, 358, 360, 399, 402, 421, 444, 300, 409, 387, 395, 305, 413, 382, 308, 342, 442, 328, 366, 377, 347, 365, 407, 190, 373, 391, 244, 390, 274, 302, 393, 340, 374, 447, 404, 423, 449, 363, 309, 824, 821, 335, 324, 372, 426, 341, 392], [0, 122, 66, 109, 13, 30, 80, 60, 132, 2, 10, 45, 147, 49, 73, 138, 111, 113, 9, 78, 22, 98, 19, 143, 32, 107, 14, 144, 58, 90, 18, 68, 37, 94, 112, 116, 11, 531, 489, 25, 64, 105, 468, 482, 59, 134, 86, 91, 62, 104, 21, 97, 70, 75, 39, 135, 72, 44, 115, 130, 43, 169, 637, 640, 684, 699, 602, 710, 629, 617, 719, 731, 184, 229, 282, 600, 633, 663, 605, 708, 737, 748, 627, 647, 634, 624, 718, 658, 606, 628, 636, 664, 747, 686, 702, 689]]","[0.1351275279885158, 0.12781408498995006, 0.4800659560132772, 0.09356150298845023, 0.10068472399143502, 0.08315666200360283, 0.08322718099225312, 0.06865094101522118, 0.10943905002204701]","[1.2530452919891104, 21.40785480401246, 0.15032012603478506, 0.1283330959849991, 0.09678580099716783, 0.07017317699501291, 0.07309366000117734, 0.03904884401708841, 0.11601857398636639]","[""OPTIMAL"", ""OPTIMAL"", ""OPTIMAL"", ""OPTIMAL"", ""OPTIMAL"", ""OPTIMAL"", ""OPTIMAL"", ""OPTIMAL"", ""OPTIMAL""]","[71.0, 72.0, 45.0, 57.0, 38.0, 27.0, 41.0, 19.0, 29.0]","[71.0, 72.0, 45.0, 57.0, 38.0, 27.0, 41.0, 19.0, 29.0]","[0.12357231200439855, 0.011688629048876464, 0.011297790973912925]","[666, 1448, 2156]",2156.0,"[0.29978552198735997, 0.19593628001166508, 0.15720092796254903]","[0.16365023603430018, 1.2572495830245316, 1.322429665015079]","[0.003393797029275447, 0.10707221803022549, 6.535672502010129]",OPTIMAL,399.0,399.0,619.0,619.0,14.05492730210016,37.51882596220821
62,6,150,4500,750,1,10,964,1800,7.041051837964915,"[1.2732206709915772, 1.583639824995771, 2.2259628690080717]","[0.6970791139756329, 1.3020149119547568, 1800.1064986609854]",TIME_LIMIT,583.0,573.0,0.0171526586620926,"[4.181484890985303, 4.344739325984847, 4.4153009679866955, 5.548800438002218, 5.551788604003377, 5.669731932983268, 5.6730643740156665, 5.785280512005556, 5.8932278319844045, 5.992465747985989, 6.503117899002973, 6.651278830016963, 6.67429761699168, 6.677003610995598, 6.703667082998436, 6.774565235013142, 6.805683756014332, 6.952666616009083, 6.955448792024981, 6.958172483020462, 7.068670072010718, 7.307593585981522, 7.677871234016493, 7.797688080987427, 7.945453018997796, 8.010113850992639, 9.779833901033271, 9.791985507006757, 12.195774094027001, 12.199475895031355, 12.397606089012697, 13.263055146031547, 14.05780968698673, 14.062126601987984, 14.164930569007993, 14.342888689017855, 39.445540280023124, 65.3685905400198, 135.08740687801037, 279.019423515012, 1800.1034020240186]","[938.0, 723.0, 690.0, 685.0, 660.0, 643.0, 642.0, 627.0, 625.0, 622.0, 621.0, 620.0, 619.0, 617.0, 616.0, 614.0, 612.0, 611.0, 609.0, 608.0, 607.0, 605.0, 604.0, 603.0, 602.0, 601.0, 600.0, 598.0, 595.0, 594.0, 592.0, 591.0, 590.0, 589.0, 588.0, 587.0, 586.0, 585.0, 584.0, 583.0, 583.0]",1807.1884160519112,7,0.8816179305737415,"[0.9188174664338927, 0.8014975616071814, 0.9379026258007149, 0.7661598869354905, 0.7807538024402474, 0.6951655480766421, 0.5945416310637884]","[0.0929643337160845, 0.03927082902535366, 0.10492773813194717, 0.05202849815815656, 0.06427686062983547, 0.09615767688565172, 0.013655788655788644]","[69.25842861848295, 28.078642753127866, 73.97405538302276, 36.41994871070959, 35.352273346409504, 35.57834044769113, 9.76388888888888]","[1.5666666666666669, 1.3249999999999997, 1.4666666666666668, 1.6405797101449273, 1.5666666666666664, 1.5458333333333336, 1.2791666666666666]",153.54284484761897,32.406260880548814,1.532142857142857,0.0072013913067886,0.2110567959874575,2.0578603200265206,0.8204040059936233,"[745, 720, 715, 680, 550, 375, 715]","[[334, 884, 783, 883, 787, 802, 814, 788, 867, 799, 877, 768, 778, 820, 751, 770, 861, 882, 762, 852, 755, 819, 843, 817, 767, 786, 857, 886, 784, 803, 898, 899, 879, 793, 813, 841, 847, 848, 891, 750, 850, 775, 789, 829, 895, 795, 859, 827, 887, 824, 825, 897, 856, 757, 766, 855, 790, 780, 872, 821, 811, 889, 864, 760, 876, 880, 800, 831, 752, 845, 797, 828, 761, 781, 810, 753, 792, 812, 842, 776, 865, 773, 844, 849, 764, 874, 839, 834, 870, 851, 808, 816, 863, 815, 832, 838, 860, 885, 345, 822, 826, 892, 785, 835, 853, 389, 763, 830, 769, 869, 840, 801, 805, 881, 754, 890, 871, 756, 809, 866, 818, 759, 774, 858, 854, 777, 806, 823, 798, 846, 868, 804, 664, 674, 894, 758, 765, 782, 875, 771, 873, 833, 896, 862, 893, 779, 796, 878, 791], [173, 306, 183, 304, 318, 333, 327, 380, 383, 376, 323, 424, 361, 390, 411, 405, 393, 446, 339, 425, 352, 348, 349, 420, 408, 374, 447, 300, 309, 350, 400, 431, 319, 335, 438, 386, 308, 330, 385, 321, 443, 384, 358, 373, 412, 415, 317, 423, 325, 341, 377, 301, 305, 369, 313, 414, 442, 324, 314, 398, 366, 394, 410, 422, 418, 316, 322, 329, 332, 430, 370, 444, 363, 391, 368, 419, 440, 449, 310, 409, 433, 351, 407, 365, 328, 343, 396, 359, 437, 381, 448, 302, 445, 337, 387, 326, 429, 375, 342, 346, 347, 362, 378, 379, 426, 344, 432, 354, 360, 397, 311, 441, 338, 388, 357, 404, 303, 401, 364, 406, 399, 395, 434, 340, 436, 307, 372, 320, 421, 416, 312, 435, 315, 382, 355, 428, 336, 392, 417, 413, 331, 403, 371, 439], [120, 299, 256, 731, 605, 620, 741, 649, 682, 707, 687, 743, 609, 632, 677, 635, 225, 744, 654, 698, 742, 675, 748, 637, 657, 686, 722, 502, 588, 661, 648, 631, 696, 645, 747, 670, 671, 604, 737, 734, 662, 676, 678, 721, 724, 153, 644, 211, 704, 172, 272, 691, 613, 739, 608, 636, 610, 666, 653, 655, 716, 672, 689, 729, 706, 713, 607, 626, 634, 622, 660, 712, 720, 732, 708, 714, 736, 618, 888, 630, 684, 807, 656, 690, 711, 619, 621, 733, 624, 625, 717, 627, 639, 702, 603, 794, 643, 699, 700, 746, 606, 650, 652, 628, 638, 735, 738, 615, 685, 668, 693, 683, 697, 745, 641, 647, 651, 695, 703, 673, 680, 611, 612, 679, 667, 663, 709, 681, 616, 601, 715, 740, 646, 665, 836, 694, 710, 772, 837, 658, 692, 725, 633], [6, 26, 232, 176, 34, 179, 226, 221, 57, 125, 116, 136, 187, 234, 202, 204, 629, 642, 287, 233, 268, 150, 230, 271, 295, 165, 175, 237, 239, 152, 154, 182, 718, 158, 160, 236, 274, 275, 269, 163, 205, 171, 190, 280, 155, 177, 162, 227, 192, 224, 222, 161, 198, 181, 201, 210, 218, 231, 402, 427, 164, 356, 193, 288, 240, 249, 186, 258, 151, 213, 297, 178, 282, 156, 243, 266, 270, 284, 184, 279, 195, 199, 250, 276, 180, 241, 277, 252, 294, 185, 208, 167, 219, 197, 255, 157, 259, 278, 293, 159, 203, 207, 191, 170, 174, 209, 253, 257, 247, 285, 263, 166, 246, 169, 235, 200, 217, 194, 254, 206, 238, 290, 229, 260, 286, 245, 296, 214, 251, 264, 188, 267, 189, 220, 244, 248], [450, 461, 575, 481, 531, 468, 558, 474, 470, 550, 559, 593, 498, 576, 548, 583, 476, 598, 542, 569, 513, 454, 555, 540, 456, 477, 590, 509, 544, 517, 455, 506, 493, 556, 492, 572, 597, 486, 529, 573, 594, 528, 591, 512, 554, 520, 504, 563, 568, 543, 570, 589, 549, 578, 505, 592, 524, 530, 564, 451, 464, 500, 510, 515, 545, 457, 462, 484, 458, 577, 511, 516, 581, 582, 469, 586, 507, 536, 488, 541, 482, 499, 587, 459, 557, 523, 562, 467, 728, 546, 553, 640, 525, 485, 534, 580, 552, 561, 496, 472, 489, 567, 479, 494, 574, 473, 503, 497, 535, 595], [1, 56, 2, 88, 100, 68, 15, 73, 111, 126, 9, 17, 31, 42, 51, 79, 98, 137, 144, 11, 82, 84, 49, 139, 19, 23, 48, 18, 27, 124, 4, 113, 52, 95, 101, 21, 22, 62, 97, 28, 142, 148, 43, 50, 53, 63, 102, 13, 129, 29, 141, 10, 108, 74, 115, 90, 20, 30, 134, 61, 91, 72, 14, 64, 132, 46, 131, 71, 83, 118, 121, 140, 58, 92, 87], [0, 107, 37, 75, 5, 8, 85, 38, 54, 77, 16, 70, 86, 143, 242, 273, 123, 3, 104, 32, 55, 149, 478, 7, 147, 40, 44, 35, 119, 47, 127, 146, 24, 491, 453, 547, 67, 117, 96, 106, 475, 571, 487, 538, 533, 560, 599, 81, 532, 94, 130, 539, 112, 466, 483, 471, 579, 463, 522, 585, 514, 519, 551, 480, 105, 465, 518, 495, 527, 526, 566, 501, 12, 66, 76, 80, 89, 215, 289, 223, 33, 99, 78, 25, 93, 138, 145, 59, 114, 36, 65, 39, 41, 109, 69, 45, 128, 60, 135, 122, 103, 110, 133, 196, 212, 262, 168, 265, 292, 291, 298, 281, 216, 228, 261, 283, 452, 537, 596, 602, 701, 460, 584, 521, 508, 565, 490, 600, 623, 726, 614, 659, 727, 705, 723, 719, 617, 669, 688, 749, 730, 353, 367]]","[0.2312571979709901, 0.7082298320019618, 0.26117713894927874, 0.2292000720044598, 0.18734689598204568, 0.6138940069940872, 0.27562738297274336]","[28.47733091999544, 10.966979796998203, 1.890016537043266, 0.8347204239689745, 0.5161282449844293, 0.33887548197526485, 0.32278049300657585]","[""OPTIMAL"", ""OPTIMAL"", ""OPTIMAL"", ""OPTIMAL"", ""OPTIMAL"", ""OPTIMAL"", ""OPTIMAL""]","[92.0, 124.0, 65.0, 63.0, 50.0, 56.0, 32.0]","[91.99999999999999, 124.0, 65.0, 63.0, 50.0, 56.0, 32.0]","[0.1928537980420515, 0.012716016033664346, 0.012076520011760294]","[514, 1308, 2018]",2018.0,"[0.35914752003736794, 0.31675945298047736, 0.24157506600022316]","[0.2825336650130339, 1.9847538190078922, 2.1303949530120008]","[0.006241563009098172, 0.24985192099120468, 25.468282540037762]",OPTIMAL,482.0,482.0,654.0,654.0,10.856269113149848,79.9890155850444
62,6,150,4500,750,1,10,965,1800,7.238132582977414,[0.952540460973978],[1800.0357517920202],TIME_LIMIT,536.0,527.0,0.0167910447761194,"[5.165306482987944, 5.166075705026742, 5.166803291998804, 5.167620767024346, 5.168430374003947, 5.169225278019439, 5.169984585023485, 5.170747262018267, 5.171494638023432, 5.17227828403702, 5.773947064008098, 5.77589704701677, 5.7783609260222875, 6.650239470007364, 6.6514608259894885, 6.653440127032809, 6.666663551994134, 7.865225744026247, 7.879462420998607, 8.548665058042388, 10.235102355014533, 10.996513086021878, 11.765265783003997, 11.791745927010197, 11.793226020992734, 11.878363183990587, 11.95706877001794, 12.02526523603592, 12.230825248989277, 12.526239280006848, 19.93210448801983, 30.1704599300283, 43.74184370401781, 85.99471685802564, 228.5623178810347, 1800.0336688650423]","[728.0, 677.0, 665.0, 662.0, 601.0, 596.0, 593.0, 583.0, 581.9999995180181, 579.9999995180181, 572.0, 571.0, 570.0, 569.0, 568.0, 567.0, 566.0, 565.0, 564.0, 563.0, 562.0, 560.0, 556.0, 555.0, 552.0, 551.0, 550.0, 548.0, 547.0, 546.0, 544.0, 543.0, 539.0, 538.0, 536.0, 536.0]",1800.988292252994,7,0.9419001837175336,"[0.9297059797165127, 0.9540387317544536, 0.9305037965989595, 0.9011567783362594, 0.911862700448237, 0.7990237414560238, 0.5453353415433685]","[0.19996205646205648, 0.4351495078995078, 0.08852599005828665, 0.18727364477128913, 0.26070755596213246, 0.13837639144794905, 0.057976282976282975]","[149.97154234654235, 326.36213092463083, 65.95186259342356, 138.58249713075395, 175.97760027443942, 87.1771266122079, 12.175019425019425]","[1.75, 2.618181818181818, 1.818181818181818, 1.8, 1.9227272727272726, 1.759090909090909, 1.4]",991.8342938997596,87.25097524174225,2.618181818181818,0.019389105609276,0.0879693067463871,2.084743929968681,0.6686827150406316,"[750, 750, 745, 740, 675, 630, 210]","[[472, 692, 603, 636, 745, 709, 615, 639, 683, 681, 737, 638, 679, 707, 744, 684, 702, 601, 649, 728, 658, 735, 660, 675, 700, 736, 602, 607, 727, 606, 665, 600, 661, 613, 721, 730, 738, 645, 714, 669, 698, 619, 651, 680, 650, 629, 704, 713, 749, 659, 609, 647, 627, 644, 653, 616, 695, 643, 657, 741, 716, 677, 605, 689, 608, 628, 715, 682, 648, 724, 731, 668, 676, 663, 719, 740, 743, 624, 666, 630, 723, 732, 718, 611, 693, 687, 612, 678, 610, 632, 641, 617, 622, 672, 670, 696, 699, 618, 701, 664, 634, 662, 746, 656, 614, 673, 633, 748, 710, 725, 845, 671, 712, 688, 694, 691, 726, 621, 655, 631, 640, 690, 697, 642, 733, 646, 623, 652, 708, 720, 625, 742, 729, 620, 711, 667, 706, 637, 734, 844, 875, 685, 705, 686, 635, 722, 739, 654, 703, 717], [353, 418, 868, 887, 779, 851, 809, 774, 846, 794, 763, 786, 812, 820, 437, 784, 810, 872, 883, 761, 879, 764, 787, 768, 804, 759, 865, 788, 828, 808, 833, 813, 800, 836, 877, 856, 778, 805, 864, 840, 750, 806, 837, 881, 751, 793, 824, 869, 880, 849, 843, 767, 842, 863, 895, 753, 847, 848, 852, 802, 772, 814, 885, 838, 854, 866, 797, 829, 757, 861, 762, 855, 780, 770, 783, 791, 841, 897, 799, 752, 823, 834, 782, 807, 821, 754, 893, 815, 773, 827, 889, 785, 853, 826, 871, 760, 857, 756, 775, 822, 870, 899, 755, 832, 898, 777, 874, 790, 858, 890, 892, 850, 882, 891, 888, 766, 781, 801, 825, 803, 817, 765, 811, 819, 792, 830, 769, 831, 867, 789, 835, 886, 839, 878, 876, 816, 771, 862, 796, 859, 860, 873, 758, 795, 798, 776, 818, 884, 896, 894], [72, 81, 560, 460, 463, 538, 544, 552, 479, 582, 590, 513, 565, 466, 469, 543, 468, 450, 499, 461, 453, 473, 534, 483, 561, 486, 535, 503, 540, 533, 548, 563, 505, 577, 562, 584, 490, 522, 575, 545, 451, 498, 581, 485, 542, 452, 497, 527, 586, 464, 558, 484, 507, 573, 458, 556, 470, 504, 579, 595, 501, 537, 585, 587, 459, 493, 597, 599, 514, 592, 462, 571, 510, 593, 465, 594, 487, 496, 557, 588, 509, 569, 456, 578, 492, 480, 491, 530, 474, 574, 502, 516, 541, 576, 598, 547, 589, 455, 521, 481, 550, 549, 529, 488, 546, 457, 528, 482, 518, 551, 519, 477, 596, 478, 494, 626, 506, 523, 566, 553, 572, 475, 536, 512, 517, 559, 129, 580, 489, 500, 525, 524, 564, 532, 495, 454, 471, 476, 508, 515, 555, 567, 604, 583, 467, 520, 526, 568, 591], [0, 61, 90, 22, 87, 7, 25, 65, 85, 107, 126, 135, 1, 4, 94, 28, 103, 531, 98, 31, 128, 67, 93, 2, 26, 110, 109, 29, 42, 112, 116, 48, 52, 145, 56, 9, 47, 27, 55, 118, 59, 105, 115, 131, 121, 3, 89, 140, 91, 143, 124, 8, 88, 21, 64, 68, 75, 66, 130, 106, 83, 11, 96, 127, 36, 70, 101, 60, 62, 86, 99, 78, 6, 58, 76, 144, 16, 43, 80, 123, 19, 63, 40, 104, 12, 111, 147, 134, 148, 33, 54, 14, 73, 137, 44, 82, 97, 35, 38, 84, 50, 17, 18, 102, 133, 15, 20, 57, 108, 32, 79, 45, 34, 114, 142, 39, 30, 149, 37, 46, 138, 23, 51, 125, 132, 92, 119, 120, 113, 139, 5, 53, 136, 169, 237, 554, 69, 539, 511, 10, 77, 117, 74, 100, 24, 95, 71, 570], [281, 360, 330, 362, 338, 425, 357, 371, 415, 301, 427, 345, 376, 401, 349, 410, 351, 375, 368, 336, 447, 346, 378, 420, 355, 428, 382, 402, 322, 446, 344, 416, 303, 413, 306, 396, 310, 412, 399, 305, 323, 385, 426, 432, 309, 348, 354, 359, 325, 334, 347, 321, 392, 419, 433, 387, 311, 329, 314, 422, 327, 352, 356, 367, 400, 434, 449, 332, 379, 374, 304, 381, 369, 395, 370, 409, 443, 436, 328, 372, 331, 406, 448, 333, 389, 307, 417, 404, 386, 445, 319, 397, 430, 398, 337, 363, 407, 339, 388, 373, 421, 308, 342, 431, 341, 350, 316, 394, 414, 377, 390, 320, 365, 411, 326, 438, 383, 444, 340, 312, 335, 439, 441, 384, 313, 423, 364, 380, 435, 424, 315, 324, 408, 440, 747], [13, 49, 284, 41, 146, 122, 280, 141, 154, 189, 245, 232, 180, 210, 263, 297, 188, 250, 279, 161, 218, 183, 674, 171, 228, 182, 231, 213, 288, 290, 150, 185, 272, 202, 235, 158, 165, 244, 173, 214, 239, 243, 195, 295, 273, 233, 255, 278, 164, 194, 179, 216, 229, 191, 200, 167, 240, 242, 175, 258, 203, 211, 282, 152, 227, 298, 236, 225, 212, 251, 249, 283, 153, 159, 261, 190, 217, 176, 198, 254, 292, 259, 275, 296, 166, 204, 206, 220, 246, 289, 192, 286, 172, 264, 274, 248, 230, 207, 266, 215, 260, 221, 271, 276, 199, 269, 270, 285, 293, 163, 196, 197, 170, 184, 268, 223, 226, 241, 257, 277, 168, 247, 262, 187, 256, 294], [151, 302, 300, 393, 317, 358, 343, 160, 299, 155, 208, 234, 238, 186, 177, 291, 201, 205, 366, 391, 156, 222, 252, 178, 209, 442, 224, 181, 267, 193, 174, 253, 157, 265, 287, 318, 361, 405, 403, 162, 219, 429]]","[0.1671329399687238, 0.689792892022524, 0.15420857397839427, 0.1499577040085569, 0.1132927150465548, 0.12704476702492684, 0.057666697015520185]","[2.293679195048753, 90.7141740359948, 1.3797879449557513, 1.110144634032622, 8.572723252989817, 0.3062315990100615, 0.0183043850120157]","[""OPTIMAL"", ""OPTIMAL"", ""OPTIMAL"", ""OPTIMAL"", ""OPTIMAL"", ""OPTIMAL"", ""OPTIMAL""]","[59.0, 133.0, 72.0, 76.99999958974001, 85.0, 62.0, 5.0]","[59.0, 133.0, 72.0, 76.99999958974001, 85.0, 62.0, 5.0]","[0.12102858099387959, 0.013279697042889893, 0.012430546979885548]","[277, 1017, 1705]",1705.0,"[0.1480203399551101, 0.1988334299530834, 0.16018649004399776]","[0.0811248830286786, 1.2610354089993052, 0.8621897610137239]","[0.00175068702083081, 0.07598173600854352, 24.583713171014097]",OPTIMAL,492.99999958974,492.99999958974,588.0,588.0,8.843537414965986,136.12714271317236
62,6,150,4500,750,1,10,966,1800,7.0477815010235645,[1.2769276030012406],[1800.0429190999712],TIME_LIMIT,439.0,429.0,0.0227790432801822,"[2.7802851640153676, 2.8378033059998415, 2.890178473026026, 2.896769856044557, 2.8979912850190885, 2.9068521320004947, 4.349197906034533, 4.350032999995165, 4.350759294000454, 4.351474971044809, 4.35218543803785, 4.511978759022895, 4.515640055993572, 4.517331606999505, 4.518694335012697, 4.5222032380406745, 6.619403555989265, 6.624292068998329, 6.62546705402201, 7.49107859301148, 7.491867375036236, 7.492593634990044, 7.493314818013459, 7.494038121018093, 7.75772048503859, 7.7590584339923225, 10.88209758803714, 11.2994764430332, 11.895020472991746, 12.04837245104136, 12.184655009012204, 12.563385768036824, 21.02395331504522, 21.365498222992755, 21.599075277044903, 22.11376974300947, 22.573845612001605, 29.45670857100049, 29.45769981504418, 34.93040536902845, 48.41319910704624, 74.69735437101917, 113.43154573300853, 203.39468199101975, 1800.0408777610282]","[781.0, 673.0, 627.0, 623.0, 539.0, 528.0, 523.0, 522.0, 519.0, 500.0, 497.0, 490.0, 489.0, 486.0, 485.0, 484.0, 482.0, 478.0, 474.0, 472.0, 471.0, 470.0, 468.0, 467.0, 463.0, 462.0, 460.0, 455.0, 454.0, 453.0, 452.0, 451.0, 450.0, 449.0, 448.0, 447.0, 446.0, 445.0, 444.0, 443.0, 442.0, 441.0, 440.0, 439.0, 439.0]",1801.3198467029724,8,0.8880421257310805,"[0.9207113499421397, 0.8849907618737094, 0.8363683027749782, 0.9036792188660409, 0.7534658975915807, 0.7252288793602967, 0.5901603852016073, 0.568818373152624]","[0.1158981809666741, 0.32868145474117666, 0.13149741504402668, 0.2702919752490012, 0.16408542501322004, 0.20027175431217595, 0.1622494866244866, 0.041386001010757345]","[84.6056721056721, 225.14679649770602, 88.760755154718, 181.09562341683082, 80.40185825647782, 89.12093066891829, 64.89979464979464, 16.761330409356724]","[1.6454545454545453, 2.25, 2.05, 2.35, 1.9767896354852876, 1.85, 2.1363636363636362, 1.75]",984.6454091564729,118.32264149679064,2.4318181818181817,0.0262939203326201,0.1201677684132354,2.083767926960718,0.6731947379885241,"[730, 685, 675, 670, 490, 445, 400, 405]","[[27, 554, 453, 466, 528, 471, 499, 578, 517, 599, 548, 586, 592, 133, 587, 513, 581, 543, 580, 476, 545, 558, 594, 559, 516, 537, 577, 468, 549, 519, 531, 590, 557, 524, 454, 530, 467, 564, 480, 568, 535, 469, 494, 505, 574, 506, 572, 450, 470, 532, 490, 463, 626, 636, 456, 571, 563, 501, 597, 502, 536, 573, 496, 560, 588, 542, 591, 584, 527, 593, 498, 520, 595, 538, 534, 565, 596, 583, 458, 585, 483, 539, 492, 562, 511, 553, 472, 523, 507, 493, 457, 491, 500, 474, 540, 514, 515, 518, 461, 465, 522, 561, 489, 533, 479, 487, 512, 503, 482, 495, 552, 566, 455, 547, 460, 555, 541, 546, 589, 569, 575, 486, 550, 508, 475, 478, 509, 488, 551, 526, 570, 579, 504, 567, 556, 719, 582, 525, 598, 529, 451, 452, 477, 485, 459, 263], [53, 216, 222, 215, 280, 258, 294, 242, 299, 199, 234, 277, 152, 161, 244, 225, 255, 219, 226, 172, 196, 218, 247, 167, 239, 286, 246, 285, 168, 250, 237, 211, 276, 189, 230, 278, 150, 156, 257, 203, 223, 198, 248, 287, 160, 177, 155, 292, 165, 194, 205, 209, 214, 245, 261, 251, 272, 184, 195, 229, 185, 241, 190, 256, 151, 178, 265, 275, 179, 273, 208, 221, 182, 274, 183, 266, 159, 264, 176, 260, 186, 289, 212, 281, 296, 153, 207, 271, 243, 171, 240, 269, 213, 259, 154, 288, 217, 253, 267, 164, 235, 224, 279, 192, 200, 293, 170, 206, 233, 297, 193, 249, 238, 282, 157, 162, 201, 666, 158, 202, 163, 197, 268, 232, 169, 173, 270, 180, 283, 295, 187, 191, 290, 228, 236, 231, 254], [227, 672, 638, 639, 633, 749, 634, 628, 637, 641, 688, 737, 711, 732, 262, 611, 618, 632, 291, 602, 629, 658, 735, 630, 678, 720, 696, 726, 727, 739, 473, 544, 510, 576, 620, 615, 646, 654, 656, 627, 717, 616, 683, 740, 684, 650, 692, 706, 729, 603, 668, 608, 621, 622, 703, 665, 605, 681, 606, 642, 653, 607, 722, 733, 651, 604, 624, 716, 701, 730, 694, 614, 695, 745, 673, 686, 690, 700, 643, 744, 674, 699, 708, 741, 662, 671, 685, 617, 709, 645, 679, 738, 623, 661, 640, 635, 698, 715, 705, 660, 702, 670, 707, 680, 600, 609, 631, 612, 728, 644, 682, 613, 689, 718, 742, 663, 667, 648, 657, 664, 691, 601, 714, 816, 619, 724, 647, 649, 712, 723, 676, 792, 625, 748, 807], [755, 793, 804, 758, 771, 898, 823, 841, 887, 334, 388, 789, 794, 774, 838, 766, 842, 775, 829, 802, 770, 822, 866, 879, 889, 780, 826, 854, 783, 811, 796, 817, 781, 870, 821, 844, 873, 847, 851, 752, 791, 779, 896, 810, 837, 812, 883, 761, 827, 763, 895, 825, 787, 790, 798, 819, 799, 880, 888, 769, 850, 886, 814, 884, 786, 751, 772, 762, 806, 840, 860, 818, 828, 833, 834, 815, 864, 845, 891, 754, 836, 824, 852, 785, 801, 809, 839, 868, 830, 885, 835, 858, 869, 756, 788, 832, 848, 797, 892, 865, 757, 867, 894, 800, 765, 872, 855, 759, 877, 875, 782, 856, 777, 862, 863, 846, 808, 890, 813, 776, 831, 859, 882, 773, 805, 849, 897, 876, 778, 871, 768, 899, 861, 753], [0, 144, 6, 33, 62, 38, 48, 111, 11, 21, 110, 54, 101, 105, 146, 32, 37, 50, 109, 67, 56, 140, 55, 66, 4, 65, 99, 128, 79, 95, 124, 80, 188, 298, 2, 120, 24, 125, 39, 102, 9, 145, 17, 107, 16, 139, 61, 78, 106, 1, 20, 14, 71, 108, 86, 135, 100, 19, 34, 96, 22, 132, 28, 103, 68, 77, 57, 141, 88, 44, 118, 123, 137, 73, 8, 35, 174, 25, 130, 81, 252, 113, 10, 36, 91, 83, 92, 464, 89, 13, 90, 26, 40, 93, 462, 481, 484, 497], [300, 367, 304, 432, 405, 301, 363, 330, 316, 343, 406, 414, 374, 394, 308, 375, 373, 323, 331, 415, 303, 358, 339, 429, 340, 364, 379, 420, 306, 412, 361, 376, 329, 344, 409, 383, 421, 355, 430, 426, 359, 317, 413, 337, 372, 328, 419, 354, 398, 347, 369, 446, 389, 418, 399, 437, 321, 335, 326, 368, 377, 309, 382, 390, 350, 424, 371, 386, 434, 312, 356, 402, 423, 315, 403, 325, 408, 438, 357, 428, 393, 338, 427, 353, 445, 349, 318, 448, 380], [166, 397, 204, 407, 348, 381, 307, 404, 385, 387, 314, 439, 324, 378, 320, 435, 332, 336, 431, 302, 341, 311, 352, 342, 442, 433, 384, 401, 441, 345, 351, 365, 346, 410, 175, 284, 210, 319, 447, 327, 333, 425, 411, 400, 443, 181, 220, 310, 767, 305, 436, 440, 449, 322, 395, 444, 313, 392, 874, 795, 370, 422, 803, 857, 362, 820, 760, 853, 881, 784, 843, 878, 893, 360, 764, 416, 417, 366, 396, 391], [3, 87, 46, 7, 43, 127, 149, 58, 112, 148, 5, 12, 63, 75, 136, 18, 51, 131, 30, 521, 69, 31, 82, 116, 64, 70, 42, 97, 117, 41, 104, 47, 52, 45, 122, 147, 129, 60, 121, 76, 15, 85, 29, 94, 114, 59, 74, 143, 23, 98, 138, 49, 72, 119, 84, 115, 126, 134, 142, 610, 736, 652, 659, 693, 675, 734, 747, 713, 655, 677, 725, 687, 731, 750, 710, 721, 669, 704, 697, 743, 746]]","[0.5624966300092638, 0.13108423503581434, 0.14694598299684003, 0.12169551901752129, 0.11167264101095498, 0.08079259900841862, 0.08383424900239334, 0.5131717540207319]","[0.6249488989706151, 11.080736326985061, 0.25361074501415715, 3.811801372037735, 0.212067226995714, 0.3181162559776567, 0.07444774504983798, 0.05919383297441527]","[""OPTIMAL"", ""OPTIMAL"", ""OPTIMAL"", ""OPTIMAL"", ""OPTIMAL"", ""OPTIMAL"", ""OPTIMAL"", ""OPTIMAL""]","[51.0, 68.0, 28.0, 79.0, 37.0, 43.0, 34.0, 14.0]","[51.0, 68.0, 28.0, 79.0, 37.0, 43.0, 34.0, 14.0]","[0.12352673604618758, 0.013129752012901008, 0.012512574961874634]","[495, 1288, 2032]",2032.0,"[0.2540362330037169, 0.20538773701991886, 0.17057893198216334]","[0.12850076495669782, 0.8540494950138964, 1.357814705988858]","[0.002689977001864463, 0.09305925096850842, 101.97660108696437]",OPTIMAL,354.0,354.0,516.0,516.0,14.92248062015504,126.13546592497732
62,6,150,4500,750,1,10,967,1800,7.195457289984915,[1.6641428800066933],[1800.0492991069914],TIME_LIMIT,497.0,486.0,0.0221327967806841,"[3.636009070032742, 3.6389438990154304, 3.641879497037735, 3.645055797009263, 3.6481849000556394, 3.651095339038875, 3.6538201740477234, 3.6558142810245045, 3.6575591360451654, 3.659196126041934, 3.660790899011772, 4.207211631000973, 4.21141794603318, 4.212691574008204, 4.217530430003535, 5.236014042049646, 6.164502434025053, 6.165835355001036, 6.168355810048524, 6.9299240200198255, 6.930770665057935, 6.931532209040597, 6.932301570021082, 6.933077084016986, 6.933849484019447, 7.145916959038004, 7.14721114304848, 7.149765008012764, 7.545832861040253, 7.889266407000832, 7.890128199011087, 9.813474102003966, 12.95768556103576, 13.095568275020923, 13.452543051040266, 13.817329921002965, 14.019258184009232, 14.316601098049432, 23.70844964805292, 31.183475630008616, 36.47850200202083, 42.62171159603167, 45.76701960002538, 45.77047674404457, 56.25249210104812, 64.80942049704026, 80.0611315240385, 141.96163707005326, 217.21953817101894, 1800.0471905280137]","[810.0, 732.0, 650.9999997384709, 590.9999997384709, 577.9999997384709, 576.9999997384709, 575.9999997384709, 574.9999997384709, 573.9999997384709, 572.9999997384709, 569.9999997384709, 548.0, 545.0, 544.0, 541.0, 539.0, 538.0, 534.0, 532.0, 531.0, 530.0, 529.0, 528.0, 527.0, 526.0, 524.0, 523.0, 522.0, 521.0, 518.0, 517.0, 516.0, 515.0, 514.0, 513.0, 512.0, 511.0, 510.0, 508.0, 507.0, 503.0, 501.99999979831546, 501.9999997983155, 503.0, 501.0, 500.0, 499.0, 498.0, 497.0, 497.0]",1801.713441986998,7,0.900629405815398,"[0.9319671839618727, 0.9321650811001612, 0.8481815338243239, 0.9014913809800503, 0.7688175375524288, 0.6985676738812158, 0.5848011979351381]","[0.1894342913135483, 0.2701555023923444, 0.16847417411327187, 0.2467879988512122, 0.13038900215469953, 0.134582081839987, 0.09089930794559839]","[142.07571848516122, 198.56429425837314, 123.82851797325482, 165.34795923031217, 78.88534630359322, 59.21611600959427, 51.35810898926309]","[2.0166666666666666, 2.0, 2.139393939393939, 2.0, 1.6, 2.1, 1.853030303030303]",931.043587570728,109.6953048512562,2.139393939393939,0.0243767344113902,0.1178197308005252,2.084563229989726,0.6725267239962704,"[750, 735, 735, 670, 605, 440, 565]","[[49, 477, 574, 547, 512, 596, 557, 553, 456, 540, 462, 583, 465, 480, 486, 590, 493, 531, 543, 563, 561, 451, 593, 552, 496, 554, 516, 518, 466, 564, 584, 592, 495, 562, 533, 536, 461, 597, 501, 491, 588, 522, 578, 591, 457, 474, 515, 545, 528, 560, 460, 548, 468, 470, 555, 576, 517, 581, 542, 479, 530, 520, 453, 471, 504, 506, 450, 452, 502, 519, 594, 511, 546, 582, 494, 482, 521, 503, 529, 539, 489, 500, 485, 492, 589, 579, 599, 509, 532, 535, 510, 598, 514, 565, 524, 454, 508, 538, 458, 481, 475, 549, 571, 455, 575, 534, 464, 497, 537, 467, 498, 572, 587, 523, 525, 544, 459, 469, 569, 527, 551, 586, 478, 490, 570, 585, 484, 568, 499, 488, 558, 577, 463, 580, 709, 507, 559, 505, 695, 541, 513, 705, 747, 556, 657, 573, 483, 595, 137, 567], [376, 764, 756, 834, 786, 885, 751, 799, 896, 784, 892, 795, 826, 408, 846, 859, 893, 750, 897, 772, 894, 827, 856, 869, 752, 779, 873, 765, 840, 851, 849, 881, 870, 753, 794, 817, 762, 831, 836, 797, 852, 804, 883, 755, 766, 860, 895, 839, 866, 899, 770, 816, 857, 802, 781, 830, 872, 833, 848, 854, 844, 865, 769, 823, 887, 754, 821, 806, 886, 771, 853, 879, 890, 789, 814, 850, 878, 824, 700, 828, 801, 803, 758, 760, 898, 787, 767, 780, 863, 807, 818, 861, 776, 835, 793, 825, 845, 775, 815, 867, 788, 819, 891, 875, 811, 876, 723, 877, 808, 862, 734, 813, 796, 761, 820, 791, 864, 838, 800, 773, 882, 785, 829, 855, 874, 858, 805, 809, 841, 884, 790, 842, 843, 868, 812, 837, 889, 880, 757, 810, 778, 798, 832, 792, 759, 777, 822], [160, 240, 247, 162, 257, 279, 683, 686, 245, 264, 618, 213, 287, 668, 706, 719, 603, 671, 639, 628, 635, 697, 701, 727, 609, 617, 725, 632, 691, 729, 619, 550, 629, 626, 660, 744, 614, 746, 735, 739, 636, 685, 712, 693, 487, 711, 673, 644, 645, 653, 749, 607, 684, 611, 620, 688, 736, 675, 677, 724, 647, 710, 600, 715, 717, 650, 720, 610, 718, 656, 690, 722, 707, 602, 692, 623, 621, 659, 682, 665, 680, 702, 612, 631, 634, 605, 687, 624, 694, 743, 625, 731, 648, 652, 616, 748, 630, 646, 622, 663, 714, 608, 716, 638, 642, 737, 730, 670, 740, 745, 678, 698, 601, 672, 662, 721, 641, 669, 643, 713, 728, 604, 649, 613, 640, 741, 661, 738, 666, 732, 783, 699, 651, 674, 696, 726, 654, 703, 667, 733, 606, 615, 658, 708, 655, 664, 633], [0, 143, 92, 23, 1, 4, 2, 15, 46, 5, 43, 67, 70, 139, 22, 69, 55, 7, 114, 54, 121, 51, 47, 107, 81, 148, 13, 98, 40, 113, 147, 32, 126, 132, 104, 37, 59, 127, 17, 50, 111, 149, 120, 41, 103, 75, 473, 119, 31, 144, 33, 34, 63, 85, 108, 6, 90, 96, 101, 110, 11, 36, 61, 115, 138, 28, 48, 45, 58, 68, 145, 99, 106, 566, 146, 9, 71, 65, 94, 122, 125, 134, 142, 82, 83, 129, 136, 10, 123, 52, 64, 100, 102, 84, 105, 24, 117, 130, 178, 133, 80, 109, 12, 19, 35, 135, 56, 44, 87, 26, 93, 62, 91, 74, 27, 29, 88, 89, 8, 86, 57, 60, 95, 128, 76, 112, 97, 18, 42, 78, 53, 116, 25, 118], [156, 476, 526, 188, 689, 472, 150, 174, 268, 210, 153, 270, 627, 190, 185, 258, 203, 278, 198, 155, 202, 193, 276, 170, 272, 187, 283, 197, 267, 180, 261, 195, 151, 157, 161, 299, 171, 222, 183, 218, 292, 152, 192, 250, 294, 206, 154, 172, 220, 186, 249, 216, 168, 252, 223, 248, 173, 200, 295, 229, 236, 285, 158, 182, 221, 169, 234, 274, 215, 282, 254, 165, 212, 166, 265, 232, 224, 293, 219, 227, 281, 176, 214, 273, 284, 181, 191, 289, 296, 204, 275, 266, 211, 277, 286, 239, 297, 256, 207, 253, 217, 288, 159, 199, 246, 251, 167, 290, 238, 242, 175, 271, 225, 179, 201, 194, 209, 196, 241, 262, 243], [226, 342, 317, 368, 320, 433, 316, 413, 426, 315, 418, 398, 319, 387, 344, 393, 396, 421, 327, 419, 343, 329, 385, 404, 405, 412, 395, 312, 435, 314, 364, 381, 446, 331, 333, 448, 323, 336, 389, 440, 305, 409, 310, 326, 383, 423, 300, 403, 390, 410, 447, 358, 369, 340, 399, 365, 367, 379, 382, 311, 414, 427, 346, 444, 353, 328, 443, 332, 437, 374, 449, 301, 359, 334, 335, 372, 351, 357, 397, 445, 313, 355, 345, 371, 370, 337, 380, 388], [163, 235, 237, 228, 269, 184, 391, 164, 189, 291, 230, 263, 280, 259, 324, 205, 416, 260, 428, 244, 348, 350, 354, 438, 373, 384, 401, 306, 356, 318, 339, 429, 341, 434, 415, 432, 302, 407, 366, 439, 338, 394, 402, 322, 352, 400, 420, 378, 431, 303, 406, 411, 309, 321, 422, 325, 375, 363, 304, 330, 436, 424, 430, 361, 308, 417, 307, 362, 392, 377, 425, 386, 442, 441, 3, 73, 208, 79, 255, 298, 77, 14, 66, 233, 21, 30, 140, 38, 39, 72, 16, 124, 20, 231, 131, 141, 177, 347, 768, 349, 360, 763, 847, 774, 782, 888, 637, 676, 742, 679, 681, 704, 871]]","[0.1596637109760195, 0.13231681601610035, 0.16208500997163355, 0.13371826900402084, 0.13155720697250217, 0.5407647760002874, 0.13290337199578062]","[4.5019435929716565, 10.80069949600147, 2.327369766018819, 8.015275609970558, 0.5616311659687199, 0.19102039496647194, 0.18941820797044784]","[""OPTIMAL"", ""OPTIMAL"", ""OPTIMAL"", ""OPTIMAL"", ""OPTIMAL"", ""OPTIMAL"", ""OPTIMAL""]","[60.0, 99.0, 64.0, 80.0, 55.0, 33.0, 32.0]","[60.0, 99.0, 64.0, 80.0, 55.0, 33.0, 32.0]","[0.12097622198052704, 0.012883066025096923, 0.013276077981572598, 0.012772504007443786]","[431, 1146, 1819, 2522]",2522.0,"[0.20561513502616435, 0.18725681101204827, 0.1567865409888327, 0.13139132701326162]","[0.10686392697971314, 0.7658603530144319, 1.302537668030709, 1.4250900580082089]","[0.0023013960453681648, 0.08081804297398776, 0.09798855596454814, 1800.0445433399873]",TIME_LIMIT,423.0,423.0,538.0,537.0,7.620817843866171,1835.4044183738297
62,7,150,5250,750,1,10,1245,1800,6.862946742214263,[1.6020997799932957],[1800.0391310481355],TIME_LIMIT,643.0,630.0,0.0202177293934681,"[3.0319545161910355, 3.103774053044617, 3.183130858000368, 3.188198466319591, 3.189534543082118, 3.191272736992687, 3.1931121172383428, 3.1944217793643475, 3.199639616999775, 3.2040637633763254, 3.20667321421206, 3.7892797072418034, 3.7902083951048553, 3.791039990261197, 3.791879568248987, 4.396460744086653, 4.402079293038696, 4.403455506078899, 5.9834758611395955, 6.348033321090043, 7.55244176229462, 7.570991600397974, 10.23651175526902, 11.592822063248605, 13.773760037031025, 14.158504670020193, 14.160165581386536, 15.76229471899569, 15.76500324299559, 15.767722075339407, 15.770408898126334, 15.774694710038602, 15.77788706915453, 15.781020465306938, 15.783599351998419, 15.78658668231219, 15.789624974131584, 15.7926629120484, 16.175426551140845, 22.32698698109016, 23.859932019375265, 24.161112044006586, 24.538922406267375, 36.89718392211944, 47.270276811439544, 62.97153108008206, 62.97527599427849, 62.97904698736966, 76.63902117218822, 88.83717099623755, 163.54720511939377, 1800.036901394371]","[917.0, 831.0, 765.0, 764.0, 750.0, 746.0, 743.0, 742.0, 740.0, 739.0, 737.0, 728.0, 726.0, 724.0, 723.0, 713.0, 711.0, 687.0, 686.0, 682.0, 680.0, 679.0, 678.0, 675.0, 674.0, 672.0, 671.0, 669.0, 668.0, 667.0, 666.0, 659.0, 658.0, 657.0, 656.0, 655.0, 654.0, 653.0, 652.0, 651.0, 650.0, 649.0, 648.0, 647.0, 646.0, 646.0, 647.0, 648.0, 645.0, 644.0, 643.0, 643.0]",1801.6412308281288,8,0.93180142688294,"[0.9243323088652229, 0.9680639793891901, 0.9082068324716264, 0.939090179288199, 0.9262146930336479, 0.8245533613265612, 0.7635463040949745, 0.5591510248602464]","[0.18166463699063984, 0.2582592653968569, 0.227560719302851, 0.33398353621272964, 0.21548861977183645, 0.1913640728673409, 0.16818319266545814, 0.08637440503112144]","[136.24847774297987, 192.40315272065837, 167.25712868759547, 240.46814607316534, 154.07436313686307, 129.1707491854551, 96.70533578263843, 28.93542568542568]","[1.909090909090909, 2.05, 2.15, 2.4545454545454546, 2.031818181818182, 1.9112299465240639, 1.6, 2.05]",1229.833886434455,84.57110741967381,2.4545454545454546,0.0161087823656521,0.0687662849043738,1.7256282488815486,0.6261048619635403,"[750, 745, 735, 720, 715, 675, 575, 335]","[[339, 797, 414, 436, 768, 358, 360, 840, 375, 753, 801, 401, 752, 895, 810, 764, 799, 811, 776, 889, 821, 867, 872, 775, 806, 833, 853, 814, 823, 868, 886, 792, 837, 808, 805, 858, 885, 862, 655, 788, 759, 787, 774, 789, 773, 779, 781, 750, 767, 883, 766, 896, 755, 829, 826, 761, 786, 782, 846, 754, 813, 870, 780, 803, 851, 824, 856, 879, 763, 850, 822, 863, 791, 793, 794, 843, 890, 891, 807, 834, 751, 869, 849, 785, 831, 845, 760, 812, 847, 877, 832, 898, 770, 802, 809, 888, 817, 830, 861, 827, 836, 828, 841, 860, 871, 878, 757, 815, 876, 884, 816, 854, 887, 769, 848, 765, 771, 855, 866, 777, 875, 874, 859, 758, 844, 825, 835, 894, 897, 798, 899, 852, 873, 880, 772, 800, 864, 796, 865, 795, 857, 882, 892, 790, 762, 839, 881, 783, 784, 819], [494, 499, 1020, 1013, 938, 1049, 1017, 916, 978, 909, 911, 975, 947, 954, 1035, 1002, 958, 920, 1019, 949, 937, 956, 923, 985, 922, 1003, 941, 555, 1018, 984, 982, 989, 906, 948, 907, 936, 1027, 951, 973, 1044, 964, 998, 1023, 994, 900, 977, 1006, 1008, 925, 1025, 939, 983, 988, 1004, 1048, 932, 966, 946, 912, 940, 999, 986, 963, 974, 901, 960, 914, 980, 908, 915, 1037, 950, 953, 1012, 942, 1024, 1000, 1029, 1007, 1009, 1047, 918, 927, 976, 935, 945, 971, 903, 944, 926, 967, 990, 970, 1022, 1031, 913, 955, 981, 921, 1001, 931, 1010, 1041, 943, 965, 1011, 1043, 910, 933, 952, 1030, 961, 917, 1036, 902, 1034, 968, 995, 904, 1038, 905, 930, 928, 929, 934, 969, 993, 1015, 1045, 992, 997, 1033, 1032, 1028, 959, 972, 1016, 1021, 924, 1046, 1039, 1026, 1042, 962, 979, 996, 987, 1005, 1014], [13, 33, 163, 272, 152, 178, 243, 216, 218, 176, 184, 261, 278, 183, 259, 54, 270, 277, 190, 273, 191, 275, 153, 252, 177, 235, 269, 223, 263, 225, 242, 244, 299, 285, 154, 159, 189, 198, 249, 251, 260, 290, 264, 202, 297, 208, 213, 230, 215, 220, 156, 253, 296, 234, 179, 293, 204, 237, 168, 279, 203, 205, 291, 206, 227, 172, 196, 295, 207, 231, 247, 174, 250, 224, 274, 238, 268, 180, 195, 188, 209, 228, 271, 292, 239, 248, 150, 155, 200, 246, 262, 211, 164, 281, 170, 254, 267, 288, 165, 286, 187, 258, 169, 212, 181, 173, 276, 232, 151, 241, 158, 240, 182, 321, 233, 197, 236, 245, 201, 185, 193, 265, 294, 160, 217, 162, 255, 394, 411, 357, 166, 192, 167, 287, 199, 282, 257, 289, 186, 222, 284, 266, 283, 171, 298, 194, 214], [157, 229, 280, 402, 307, 313, 406, 418, 423, 349, 421, 416, 439, 442, 449, 303, 365, 348, 305, 426, 425, 332, 318, 447, 368, 438, 432, 346, 420, 382, 316, 323, 404, 374, 428, 327, 431, 352, 329, 437, 446, 364, 410, 361, 427, 175, 317, 315, 312, 359, 407, 409, 380, 413, 304, 405, 367, 325, 369, 343, 376, 210, 415, 328, 311, 326, 422, 310, 340, 347, 308, 331, 429, 371, 320, 362, 306, 441, 324, 433, 345, 351, 445, 448, 300, 342, 350, 397, 372, 399, 302, 417, 392, 363, 389, 373, 301, 334, 344, 430, 309, 366, 370, 390, 391, 408, 314, 396, 341, 419, 335, 435, 381, 384, 398, 444, 322, 353, 412, 337, 338, 403, 424, 383, 388, 330, 378, 395, 377, 387, 443, 333, 400, 354, 386, 393, 385, 319, 440, 355, 379, 336, 356, 434], [0, 143, 50, 98, 1, 29, 126, 80, 85, 90, 93, 27, 104, 161, 221, 3, 41, 25, 57, 83, 18, 128, 67, 5, 77, 121, 108, 137, 130, 96, 11, 59, 118, 102, 49, 114, 134, 138, 61, 124, 22, 145, 97, 100, 87, 115, 113, 34, 45, 116, 40, 35, 135, 139, 120, 47, 101, 37, 42, 109, 68, 38, 76, 23, 69, 133, 2, 12, 32, 148, 20, 95, 28, 110, 43, 79, 141, 66, 144, 149, 21, 99, 70, 71, 117, 19, 129, 53, 36, 78, 81, 4, 7, 122, 103, 26, 123, 131, 48, 140, 31, 125, 44, 46, 75, 62, 39, 106, 9, 74, 30, 63, 127, 56, 82, 107, 58, 60, 88, 8, 91, 52, 132, 112, 14, 146, 15, 89, 147, 51, 94, 64, 65, 73, 6, 17, 16, 84, 24, 55, 72, 119, 105], [10, 490, 142, 492, 594, 563, 593, 86, 510, 583, 451, 529, 568, 454, 471, 515, 531, 522, 465, 559, 580, 513, 549, 514, 111, 508, 532, 545, 571, 459, 487, 495, 589, 450, 576, 506, 511, 562, 482, 488, 569, 500, 574, 596, 452, 481, 588, 550, 560, 544, 561, 585, 463, 537, 565, 577, 466, 507, 472, 579, 479, 498, 502, 539, 581, 535, 597, 92, 136, 584, 548, 461, 599, 503, 521, 467, 504, 592, 530, 462, 491, 598, 470, 566, 473, 517, 540, 572, 469, 478, 528, 527, 468, 519, 533, 554, 476, 512, 526, 536, 518, 582, 475, 587, 484, 520, 991, 501, 564, 474, 509, 486, 523, 480, 485, 483, 516, 551, 455, 919, 1040, 573, 458, 460, 595, 558, 534, 557, 464, 497, 525, 505, 570, 648, 721], [219, 226, 638, 683, 649, 714, 725, 820, 893, 818, 610, 624, 647, 686, 687, 626, 692, 622, 701, 674, 733, 737, 731, 663, 682, 747, 673, 256, 743, 654, 724, 641, 665, 715, 695, 694, 606, 670, 621, 706, 640, 642, 609, 618, 631, 676, 602, 614, 688, 736, 738, 612, 709, 659, 646, 657, 603, 705, 666, 745, 678, 723, 608, 637, 690, 615, 660, 668, 633, 713, 613, 735, 620, 643, 749, 661, 625, 672, 740, 702, 730, 627, 675, 712, 696, 734, 650, 685, 703, 718, 732, 669, 700, 704, 726, 728, 652, 693, 697, 601, 717, 634, 708, 739, 778, 756, 804, 842, 611, 671, 729, 617, 711, 720, 838], [453, 553, 456, 552, 957, 524, 546, 578, 457, 556, 477, 538, 542, 489, 493, 496, 541, 586, 575, 547, 567, 543, 591, 658, 727, 590, 679, 710, 600, 664, 744, 605, 630, 748, 707, 616, 681, 619, 667, 628, 699, 741, 635, 639, 644, 651, 656, 680, 662, 742, 604, 719, 632, 698, 607, 716, 653, 746, 689, 691, 623, 629, 722, 677, 636, 684, 645]]","[0.1441212329082191, 0.13707728404551744, 0.3368707727640867, 0.12875024788081646, 0.1408337210305035, 0.14804809913039207, 0.3359285220503807, 0.08285030536353588]","[3.2993847099132836, 2.42096288735047, 2.108731625135988, 22.824412903748453, 1.3848478980362415, 5.567522476892918, 0.18515506386756897, 0.03312095208093524]","[""OPTIMAL"", ""OPTIMAL"", ""OPTIMAL"", ""OPTIMAL"", ""OPTIMAL"", ""OPTIMAL"", ""OPTIMAL"", ""OPTIMAL""]","[78.0, 79.0, 93.0, 139.0, 93.0, 49.0, 31.0, 10.0]","[78.0, 79.0, 93.0, 139.0, 93.0, 49.0, 31.0, 10.0]","[0.1314645130187273, 0.08320940798148513, 0.08393112989142537, 0.08694031974300742]","[402, 1159, 1872, 2648]",2648.0,"[0.19339672103524208, 0.19508002372458577, 0.1653637452982366, 0.1396556030958891]","[0.11125886021181941, 1.024512890726328, 1.180967140942812, 1.3361152336001396]","[0.0020650639198720455, 0.08490793081000447, 0.09662983706220984, 1800.0408406946808]",TIME_LIMIT,572.0,572.0,676.0,675.0,5.132192846034215,1846.586690928787
62,7,150,5250,750,1,10,1246,1800,7.69924594881013,[1.6085163606330752],[1800.0396357169375],TIME_LIMIT,598.0,588.0,0.0167224080267558,"[5.645839675795287, 5.702711077872664, 5.914692141115665, 5.9177978611551225, 5.924035310745239, 6.837992263957858, 6.83986161602661, 7.429672725964338, 7.452070001978427, 7.453948420006782, 7.463910739868879, 8.498393814079463, 8.505103247705847, 9.600213716737926, 9.607237474992871, 14.044271141756326, 14.271276379935443, 14.44563648570329, 14.589988506864756, 14.874747254885733, 15.532586290035397, 15.78855472104624, 17.90925094485283, 17.912405101116747, 17.91559847071767, 17.91872861701995, 26.254894415847957, 26.813310895115137, 43.118928872048855, 43.12040831288323, 53.28858377598226, 53.29253257997334, 53.29639074392617, 69.80463718669489, 118.42335744993761, 643.4677451858297, 1800.0373208918609]","[786.0, 723.0, 648.0, 644.0, 643.0, 631.0, 630.0, 628.0, 627.0, 626.0, 625.0, 622.0, 621.0, 620.0, 619.0, 618.0, 617.0, 616.0, 615.0, 613.0, 612.0, 611.0, 610.0, 609.0, 606.0, 605.0, 604.0, 603.0, 602.0, 601.0, 601.0, 602.0, 603.0, 600.0, 599.0, 598.0, 598.0]",1801.6481520775703,8,0.9112996624920764,"[0.913694410280578, 0.9556180237674663, 0.9239780629841127, 0.8237775387845261, 0.8714532384672847, 0.7918896066560692, 0.7502161854343745, 0.6287254218288701]","[0.22142974732712575, 0.19447793071954145, 0.272365546663675, 0.12806872350216006, 0.20202358795905692, 0.2622814544199921, 0.24321591735569467, 0.12052482684616136]","[166.0723104953443, 144.88605838605838, 194.74136586452764, 85.16570112893645, 132.32545011318228, 140.3205781146958, 125.25619743818275, 80.75163398692811]","[1.75, 2.65, 2.2, 1.96951871657754, 2.2, 2.477777777777778, 2.009090909090909, 1.85]",1185.4924976460834,115.97320211822762,2.65,0.0220901337368052,0.0978270232400512,2.0738854026421905,0.6228599827736616,"[750, 745, 715, 665, 655, 535, 515, 670]","[[153, 392, 194, 301, 166, 391, 268, 320, 390, 300, 435, 341, 344, 328, 342, 412, 370, 418, 421, 371, 314, 327, 374, 388, 325, 447, 386, 353, 441, 318, 338, 367, 437, 396, 442, 354, 395, 323, 329, 440, 332, 394, 351, 369, 397, 382, 385, 411, 393, 444, 202, 203, 322, 326, 433, 307, 347, 417, 402, 356, 416, 378, 364, 365, 372, 384, 271, 434, 379, 308, 345, 311, 321, 413, 419, 427, 333, 357, 381, 405, 407, 335, 445, 409, 303, 404, 334, 346, 363, 309, 358, 343, 439, 424, 448, 331, 373, 403, 348, 349, 430, 400, 360, 315, 304, 306, 359, 375, 415, 425, 337, 310, 377, 398, 431, 319, 428, 352, 399, 368, 420, 305, 408, 436, 330, 312, 376, 406, 339, 380, 350, 366, 387, 426, 449, 317, 361, 324, 362, 389, 423, 401, 410, 429, 438, 340, 355, 414, 422, 432], [0, 80, 18, 33, 70, 45, 63, 37, 51, 149, 21, 60, 130, 48, 102, 8, 132, 110, 30, 108, 72, 101, 14, 139, 146, 31, 69, 112, 74, 44, 91, 1, 121, 35, 66, 109, 6, 90, 32, 65, 145, 11, 46, 123, 26, 76, 87, 2, 75, 117, 136, 43, 58, 13, 40, 54, 24, 93, 86, 126, 4, 142, 82, 143, 88, 39, 85, 12, 137, 56, 77, 94, 111, 140, 144, 52, 19, 59, 53, 148, 55, 78, 3, 124, 141, 7, 98, 100, 9, 79, 73, 25, 103, 133, 68, 125, 10, 114, 20, 27, 42, 28, 97, 50, 81, 96, 89, 92, 95, 260, 22, 127, 120, 15, 62, 106, 138, 113, 57, 84, 119, 16, 23, 241, 107, 17, 64, 29, 34, 131, 49, 38, 163, 61, 47, 67, 105, 135, 115, 128, 129, 178, 36, 104, 118, 122, 147, 71, 83], [513, 927, 533, 584, 904, 933, 982, 1032, 1026, 988, 1019, 1001, 1027, 1008, 1048, 901, 922, 918, 1028, 938, 1039, 963, 1024, 1014, 920, 923, 990, 940, 980, 942, 944, 989, 971, 910, 913, 945, 1006, 1034, 957, 962, 902, 1038, 943, 1002, 917, 1033, 964, 1031, 915, 928, 991, 1043, 931, 958, 1030, 981, 1021, 903, 994, 977, 948, 949, 1004, 968, 1005, 1015, 908, 969, 1045, 905, 1013, 976, 1047, 1040, 906, 954, 987, 911, 937, 974, 978, 1025, 965, 970, 1016, 924, 1012, 961, 951, 907, 986, 916, 1035, 929, 1017, 996, 1044, 935, 1011, 966, 1046, 912, 1010, 947, 975, 956, 960, 1007, 939, 1000, 934, 999, 995, 985, 1020, 925, 973, 1029, 1037, 979, 992, 1042, 997, 926, 1022, 998, 1023, 936, 946, 941, 1003, 952, 983, 1036, 919, 1041, 959, 984, 921, 950, 955, 993, 909], [282, 693, 609, 658, 635, 716, 724, 747, 634, 645, 669, 713, 604, 680, 615, 607, 705, 647, 677, 748, 717, 729, 732, 611, 684, 640, 657, 613, 620, 666, 721, 618, 627, 741, 746, 614, 672, 624, 737, 671, 691, 602, 675, 738, 661, 681, 621, 628, 641, 722, 638, 670, 651, 712, 603, 606, 646, 695, 699, 710, 858, 601, 689, 703, 711, 771, 846, 720, 719, 623, 650, 697, 744, 519, 600, 728, 679, 736, 685, 740, 655, 743, 610, 688, 668, 676, 708, 690, 734, 605, 706, 696, 723, 617, 731, 673, 700, 636, 660, 686, 930, 733, 739, 619, 630, 644, 687, 727, 625, 742, 656, 626, 715, 633, 664, 749, 629, 735, 622, 653, 631, 718, 648, 663, 704, 730, 643, 649, 701, 725, 682, 702, 698], [150, 193, 285, 205, 257, 233, 284, 270, 172, 192, 234, 298, 173, 200, 228, 259, 182, 235, 156, 174, 169, 248, 201, 217, 255, 164, 295, 230, 272, 229, 226, 250, 157, 211, 215, 161, 237, 210, 227, 247, 238, 181, 207, 196, 251, 245, 189, 190, 225, 198, 287, 278, 160, 249, 177, 283, 214, 264, 216, 183, 242, 151, 209, 199, 266, 293, 154, 197, 206, 158, 265, 186, 222, 267, 184, 223, 256, 219, 162, 212, 275, 253, 290, 286, 152, 218, 155, 236, 188, 204, 165, 171, 180, 297, 213, 246, 261, 291, 299, 281, 292, 187, 159, 232, 273, 239, 294, 296, 252, 263, 262, 167, 274, 191, 279, 231, 176, 240, 269, 258, 170, 175, 224, 195, 243, 254, 280, 288, 276, 289, 185], [168, 783, 179, 829, 616, 808, 865, 302, 801, 827, 777, 889, 880, 714, 812, 790, 870, 888, 750, 759, 860, 775, 894, 844, 608, 652, 726, 694, 637, 788, 807, 795, 886, 834, 837, 800, 802, 855, 813, 815, 830, 887, 872, 816, 847, 832, 848, 866, 897, 745, 885, 817, 833, 751, 794, 796, 854, 850, 752, 843, 786, 884, 898, 761, 792, 859, 845, 877, 756, 803, 818, 852, 764, 856, 753, 876, 896, 797, 883, 826, 869, 760, 838, 754, 805, 890, 776, 822, 861, 828, 893, 768, 868, 836, 755, 791, 806, 821, 831, 819, 891, 895, 899, 772, 849, 773, 878], [450, 521, 518, 579, 537, 485, 499, 561, 503, 506, 572, 559, 510, 529, 536, 632, 707, 515, 591, 541, 477, 545, 531, 544, 522, 528, 495, 525, 565, 539, 452, 453, 455, 476, 478, 524, 451, 457, 593, 498, 587, 597, 474, 505, 512, 514, 581, 497, 566, 586, 532, 535, 493, 583, 571, 458, 489, 479, 481, 526, 552, 548, 475, 568, 595, 555, 501, 543, 599, 567, 527, 454, 542, 546, 585, 465, 553, 502, 488, 494, 482, 517, 592, 590, 496, 582, 464, 972, 562, 576, 953, 466, 480, 1018, 900, 967, 470, 504, 573, 932, 914, 1049, 1009], [5, 116, 596, 99, 594, 461, 490, 508, 551, 473, 516, 540, 530, 577, 588, 469, 549, 491, 556, 500, 41, 467, 468, 486, 511, 534, 574, 558, 569, 550, 598, 456, 557, 509, 520, 554, 460, 578, 492, 560, 463, 483, 523, 580, 459, 462, 564, 472, 563, 471, 570, 538, 487, 659, 709, 484, 547, 589, 507, 316, 814, 809, 763, 780, 810, 767, 774, 787, 842, 882, 778, 798, 781, 793, 874, 443, 782, 762, 853, 757, 804, 875, 766, 840, 758, 839, 765, 825, 835, 789, 784, 862, 820, 881, 769, 811, 892, 864, 879, 785, 841, 873, 823, 770, 799, 779, 851, 863, 867, 824, 857, 871, 134, 575, 639, 665, 662, 208, 244, 654, 221, 277, 220, 674, 692, 612, 678, 642, 667, 683, 313, 336, 383, 446]]","[0.14047949900850654, 0.14796668803319335, 0.1373995398171246, 0.5066717769950628, 0.13153429701924324, 0.1013112897053361, 0.10129914106801152, 0.15899216523393989]","[1.4254934475757182, 3.285466995090246, 2.919891075231135, 0.6978386989794672, 2.4694210989400744, 0.571924826130271, 0.2021393529139459, 0.10865272209048271]","[""OPTIMAL"", ""OPTIMAL"", ""OPTIMAL"", ""OPTIMAL"", ""OPTIMAL"", ""OPTIMAL"", ""OPTIMAL"", ""OPTIMAL""]","[61.0, 73.0, 97.0, 44.0, 86.0, 43.0, 58.0, 41.0]","[61.0, 73.0, 97.0, 44.0, 86.0, 43.0, 58.0, 41.0]","[0.13509391015395522, 0.0885498309507966, 0.09014481212943792, 0.09155937191098928]","[494, 1302, 2080, 2848]",2848.0,"[0.23440308729186654, 0.21503835823386908, 0.17803285038098693, 0.14236209075897932]","[0.1359792542643845, 1.1043916610069573, 1.2333742170594633, 1.3452001917175949]","[0.003274662885814905, 0.0954589988104999, 0.531403202097863, 614.6411634059623]",OPTIMAL,503.0,503.0,641.0,641.0,7.190635451505017,636.0686579048634
62,7,150,5250,750,1,10,1247,1800,8.982783873099834,[1.3821608191356063],[1800.0858777491376],TIME_LIMIT,527.0,517.0,0.0189753320683111,"[2.9209689870476723, 2.9851779378950596, 3.103185878600925, 3.1060641086660326, 3.111567087005824, 3.554794637952, 3.5558628998696804, 3.5567308557219803, 3.5576127329841256, 3.5584782967343926, 4.150225991848856, 4.152987585868686, 4.154430123977363, 5.01673941174522, 5.017750002909452, 5.01872679265216, 5.01964145200327, 5.020556326955557, 5.037177204620093, 5.2419752618297935, 6.035761548671871, 6.042276967782527, 6.0438792100176215, 6.046193196903914, 6.518067144788802, 6.869980135001242, 7.260523343924433, 7.267757971771061, 11.308079940732569, 11.666786295827478, 12.088820612989366, 12.09062416292727, 12.60121007496491, 15.201658094767481, 15.681625427678227, 22.88023451063782, 23.75483222771436, 30.118786352686584, 35.83170468872413, 207.44289097283036, 1800.083510858938]","[796.0, 713.0, 643.0, 624.0, 621.0, 608.0, 606.0, 594.0, 593.0, 590.0, 567.0, 566.0, 564.0, 563.0, 560.0, 558.0, 556.0, 555.0, 554.0, 553.0, 552.0, 550.0, 548.0, 547.0, 545.0, 544.0, 543.0, 542.0, 541.0, 540.0, 539.0, 538.0, 537.0, 533.0, 532.0, 531.0, 530.0, 529.0, 528.0, 527.0, 527.0]",1801.4680385682727,8,0.9108061037582378,"[0.917889251284767, 0.8033729664614547, 0.9720928200451102, 0.9211695632908277, 0.7421968112617778, 0.8621150104005905, 0.8423290387935339, 0.41333251788881414]","[0.20038917944696813, 0.16571266132947193, 0.28698271453855945, 0.18908999705046456, 0.10491165857604348, 0.14376121261901886, 0.2103967436123276, 0.021619584453037948]","[148.28799279075642, 120.9702427705145, 209.49738161314838, 138.03569784683913, 76.06095246763152, 95.60120639164754, 118.87416014096509, 7.891148325358851]","[1.869318181818182, 1.6772727272727272, 1.9409982174688056, 1.913068181818182, 1.85, 1.990909090909091, 1.936842105263158, 1.3]",1018.1363577793112,102.91757543244978,2.05,0.019603347701419,0.1010842748576678,2.07019766792655,0.6211004238575697,"[740, 730, 730, 730, 725, 665, 565, 365]","[[166, 309, 301, 227, 319, 425, 322, 393, 331, 382, 386, 347, 356, 324, 398, 406, 410, 404, 409, 440, 337, 363, 377, 390, 416, 417, 318, 421, 436, 364, 379, 443, 340, 438, 361, 405, 420, 433, 300, 365, 394, 437, 339, 403, 315, 342, 439, 352, 371, 411, 314, 370, 428, 431, 302, 381, 304, 335, 387, 402, 418, 446, 448, 329, 426, 354, 310, 323, 344, 312, 383, 367, 303, 334, 357, 333, 429, 369, 413, 321, 414, 330, 375, 362, 359, 385, 389, 423, 307, 430, 348, 373, 320, 397, 336, 441, 308, 317, 343, 384, 401, 326, 358, 395, 419, 345, 449, 349, 422, 351, 368, 360, 392, 434, 374, 391, 415, 435, 305, 388, 338, 311, 445, 325, 408, 332, 346, 407, 376, 341, 350, 316, 366, 378, 427, 328, 355, 412, 174, 243, 250, 219, 256, 261, 229, 432, 327, 281], [4, 58, 18, 113, 163, 190, 216, 247, 245, 171, 246, 188, 199, 294, 180, 236, 135, 179, 152, 242, 257, 154, 231, 157, 288, 186, 238, 259, 164, 225, 275, 223, 291, 198, 178, 274, 217, 252, 284, 264, 279, 265, 161, 241, 218, 165, 201, 226, 282, 41, 296, 156, 170, 191, 251, 79, 258, 283, 150, 167, 280, 184, 151, 232, 159, 204, 192, 155, 212, 177, 220, 260, 173, 187, 193, 183, 214, 234, 153, 267, 169, 253, 175, 185, 195, 168, 239, 254, 182, 276, 297, 176, 197, 289, 209, 237, 244, 286, 299, 162, 293, 202, 235, 269, 233, 172, 230, 189, 224, 295, 424, 207, 273, 292, 213, 447, 262, 277, 266, 396, 290, 380, 313, 399, 372, 442, 194, 208, 278, 285, 268, 270, 200, 215, 298, 205, 210, 255, 666, 683, 704, 196, 211, 206, 248, 272], [475, 952, 943, 969, 979, 1037, 914, 973, 960, 1034, 1009, 905, 919, 1010, 1013, 941, 934, 962, 987, 906, 970, 911, 971, 1024, 966, 1038, 1047, 923, 958, 995, 1004, 931, 984, 1016, 1023, 1029, 1039, 908, 1028, 965, 974, 909, 1022, 959, 989, 1040, 948, 1015, 945, 1048, 992, 949, 972, 967, 982, 1042, 1012, 1031, 926, 947, 930, 1035, 1000, 963, 1036, 1044, 513, 954, 901, 991, 1030, 903, 944, 1019, 951, 1021, 956, 1008, 1025, 1006, 907, 999, 980, 1002, 918, 1005, 964, 910, 997, 932, 939, 915, 938, 928, 994, 1032, 953, 946, 929, 1014, 922, 900, 955, 927, 986, 1045, 935, 904, 1026, 917, 950, 976, 1046, 920, 1020, 961, 1043, 978, 990, 1027, 983, 902, 940, 993, 996, 1011, 977, 1001, 1041, 921, 1007, 933, 916, 981, 1003, 942, 1017, 912, 968, 937, 975, 1033, 998, 913, 936, 1049], [306, 820, 783, 877, 353, 886, 444, 780, 758, 836, 811, 771, 759, 770, 852, 861, 825, 773, 806, 796, 876, 889, 892, 789, 896, 878, 798, 880, 881, 814, 849, 888, 665, 839, 822, 844, 875, 769, 774, 782, 835, 753, 891, 899, 781, 882, 887, 828, 834, 848, 898, 761, 838, 863, 764, 805, 802, 824, 862, 800, 837, 829, 871, 884, 756, 794, 856, 879, 883, 784, 813, 815, 788, 853, 859, 832, 833, 831, 869, 752, 857, 791, 803, 816, 754, 760, 765, 866, 817, 865, 755, 775, 818, 785, 823, 845, 826, 840, 860, 842, 757, 799, 851, 870, 779, 847, 885, 763, 787, 804, 768, 792, 777, 821, 812, 868, 790, 801, 810, 846, 890, 797, 897, 893, 750, 807, 751, 809, 827, 841, 776, 786, 874, 793, 762, 850, 855, 873, 766, 808, 894, 772, 778, 795, 895, 867], [158, 660, 724, 819, 843, 400, 664, 858, 616, 715, 830, 872, 854, 603, 703, 618, 651, 645, 203, 221, 263, 604, 692, 679, 633, 614, 644, 160, 181, 636, 670, 222, 228, 617, 240, 721, 271, 561, 287, 249, 611, 662, 456, 725, 524, 709, 527, 634, 631, 723, 649, 730, 719, 637, 735, 481, 510, 706, 541, 686, 680, 653, 696, 687, 699, 695, 609, 682, 749, 638, 711, 733, 747, 619, 620, 647, 690, 685, 738, 698, 661, 693, 744, 684, 718, 727, 623, 663, 713, 632, 739, 732, 689, 625, 626, 675, 688, 635, 712, 708, 648, 673, 701, 705, 601, 622, 652, 729, 612, 674, 748, 624, 743, 641, 643, 668, 767, 722, 658, 602, 742, 717, 606, 694, 650, 731, 610, 654, 621, 676, 691, 707, 613, 659, 627, 737, 672, 628, 640, 642, 736, 741, 700, 728, 740], [8, 106, 556, 105, 549, 470, 520, 559, 583, 500, 49, 109, 497, 91, 66, 46, 504, 457, 515, 560, 599, 452, 589, 569, 476, 467, 487, 573, 529, 598, 479, 464, 521, 562, 534, 466, 551, 489, 507, 484, 587, 450, 454, 465, 514, 458, 572, 585, 577, 590, 469, 494, 477, 550, 528, 538, 501, 544, 537, 558, 461, 580, 581, 478, 519, 532, 468, 533, 499, 508, 516, 565, 595, 591, 597, 451, 473, 505, 522, 542, 493, 483, 512, 536, 548, 588, 455, 535, 557, 511, 531, 575, 579, 89, 518, 472, 523, 498, 509, 543, 564, 584, 594, 480, 486, 554, 592, 459, 462, 460, 553, 586, 463, 482, 530, 490, 491, 555, 474, 495, 545, 492, 539, 566, 471, 578, 485, 571, 503, 596, 547, 488, 525], [0, 95, 30, 34, 133, 16, 35, 111, 80, 36, 54, 3, 124, 98, 61, 10, 42, 62, 27, 33, 143, 70, 107, 145, 21, 130, 103, 128, 31, 52, 123, 86, 81, 100, 11, 121, 92, 22, 55, 28, 136, 7, 104, 20, 6, 64, 12, 142, 83, 108, 14, 68, 23, 87, 25, 149, 59, 77, 115, 19, 38, 90, 97, 44, 82, 88, 9, 45, 47, 101, 120, 138, 43, 60, 140, 112, 85, 93, 122, 15, 37, 29, 65, 114, 129, 50, 118, 137, 57, 141, 74, 126, 67, 17, 69, 24, 99, 102, 110, 119, 40, 53, 127, 146, 48, 56, 94, 84, 125, 144, 132, 139, 988], [600, 657, 726, 745, 605, 710, 864, 678, 669, 716, 746, 607, 656, 697, 671, 667, 681, 702, 646, 608, 630, 629, 615, 714, 720, 639, 655, 734, 677, 1, 51, 32, 148, 147, 116, 2, 72, 5, 117, 78, 131, 567, 13, 26, 63, 134, 39, 73, 71, 76, 75, 96, 453, 496, 552, 502, 570, 593, 506, 568, 517, 563, 526, 582, 957, 1018, 540, 985, 924, 925, 546, 576, 574]]","[0.13996699219569564, 0.5145408837124705, 0.13560308096930385, 0.13783805491402745, 0.17433913610875607, 0.1405071639455855, 0.12073502084240317, 0.46118840016424656]","[2.3645974919199944, 1.7047594478353858, 13.757063791155815, 2.393215075135231, 0.4092050027102232, 0.9635238922201097, 0.575881770811975, 0.035638411063700914]","[""OPTIMAL"", ""OPTIMAL"", ""OPTIMAL"", ""OPTIMAL"", ""OPTIMAL"", ""OPTIMAL"", ""OPTIMAL"", ""OPTIMAL""]","[92.0, 38.0, 99.0, 78.0, 38.0, 54.0, 46.0, 12.0]","[92.0, 38.0, 99.0, 78.0, 38.0, 54.0, 46.0, 12.0]","[0.1353444936685264, 0.0897512137889862, 0.09081014478579164]","[445, 1233, 1965]",1965.0,"[0.21991877909749746, 0.20893535111099482, 0.1714661200530827]","[0.14510561525821686, 0.8640854400582612, 1.3020519511774182]","[0.003096190746873617, 0.09262361191213131, 11.062935721129179]",OPTIMAL,457.0,457.0,593.0,593.0,12.523719165085389,41.106026340276
62,7,150,5250,750,1,10,1248,1800,7.946127891074866,[1.3779808622784913],[1800.0460471543483],TIME_LIMIT,630.0,622.0,0.0126984126984126,"[27.221560537349433, 27.23492431314662, 28.254635867197067, 28.262622016016394, 28.26998663926497, 28.782003356143832, 28.783870776183903, 35.418431038968265, 35.422269536182284, 35.42611137405038, 41.11570572620258, 45.484909834340215, 72.98675987729803, 92.91834994824603, 212.7388752209954, 1269.7353128460236, 1800.043725822121]","[647.0, 646.0, 642.0, 641.0, 640.0, 638.0, 636.0, 636.0, 638.0, 640.0, 635.0, 634.0, 633.0, 632.0, 631.0, 630.0, 630.0]",1801.4240280166268,9,0.877272626651523,"[0.9451760412430061, 0.9452759776664807, 0.8096413570274636, 0.8385158967324744, 0.6242100742376833, 0.810699141024247, 0.7324761575021246, 0.5775917022311058, 0.558428568943624]","[0.32703860947298125, 0.29593548606151704, 0.10973451829520053, 0.21905787660299683, 0.07556848121554655, 0.14991371082128419, 0.1718485838285156, 0.12316433566433568, 0.09810047652300535]","[235.4677988205465, 211.59387253398467, 75.16814503221237, 144.5781985579779, 44.963246323250196, 88.44908938455767, 79.05034856111718, 41.875874125874134, 47.5787311136576]","[2.0545454545454547, 2.0414141414141413, 2.0, 1.85, 1.7519480519480521, 1.718181818181818, 1.5227272727272727, 1.95, 1.892857142857143]",1156.7029228315316,187.97761837835344,2.0545454545454547,0.0358052606434958,0.1625115789610302,2.0823377179913223,0.6192433387041092,"[720, 715, 685, 660, 595, 590, 460, 340, 485]","[[2, 5, 54, 8, 104, 43, 73, 113, 121, 11, 100, 147, 25, 75, 20, 70, 48, 87, 29, 78, 36, 110, 61, 3, 16, 85, 35, 122, 126, 136, 37, 119, 81, 39, 51, 103, 124, 135, 202, 45, 88, 116, 46, 53, 123, 65, 143, 4, 112, 52, 6, 107, 76, 130, 31, 133, 60, 132, 57, 67, 77, 10, 98, 134, 108, 131, 41, 95, 105, 22, 62, 63, 80, 86, 24, 144, 115, 12, 120, 14, 72, 117, 149, 118, 102, 127, 148, 13, 142, 19, 32, 97, 84, 38, 42, 128, 114, 106, 17, 9, 18, 71, 28, 59, 145, 91, 34, 40, 47, 92, 111, 30, 141, 44, 64, 138, 83, 15, 125, 56, 129, 137, 58, 470, 21, 69, 33, 49, 140, 68, 94, 99, 109, 139, 27, 50, 90, 74, 89, 93, 66, 267, 299, 96], [300, 365, 331, 357, 360, 418, 341, 419, 366, 403, 371, 398, 447, 402, 305, 370, 312, 320, 342, 421, 424, 408, 420, 318, 323, 338, 386, 363, 391, 374, 396, 335, 394, 376, 380, 446, 325, 340, 404, 328, 423, 362, 309, 364, 336, 349, 422, 441, 443, 345, 319, 411, 372, 434, 382, 321, 448, 389, 435, 393, 444, 303, 406, 313, 407, 359, 361, 383, 425, 388, 387, 436, 310, 330, 401, 449, 392, 306, 314, 395, 327, 337, 311, 315, 413, 333, 339, 438, 427, 317, 358, 439, 352, 304, 353, 329, 379, 414, 343, 351, 429, 316, 442, 428, 344, 412, 377, 385, 381, 410, 354, 356, 415, 445, 346, 375, 399, 301, 326, 437, 431, 302, 334, 350, 373, 409, 426, 397, 307, 390, 324, 347, 432, 332, 348, 433, 308, 368, 369, 400, 378, 416, 430], [23, 153, 282, 290, 555, 82, 146, 509, 79, 454, 578, 597, 469, 473, 529, 542, 571, 583, 461, 535, 550, 464, 572, 465, 573, 514, 565, 474, 567, 551, 557, 487, 515, 508, 534, 595, 590, 506, 588, 536, 101, 468, 554, 457, 495, 566, 452, 516, 499, 559, 556, 476, 456, 539, 502, 521, 522, 584, 585, 494, 513, 528, 596, 599, 496, 507, 563, 558, 540, 1029, 586, 450, 503, 512, 594, 580, 525, 589, 546, 463, 537, 488, 485, 490, 548, 475, 517, 587, 481, 570, 591, 466, 479, 581, 497, 501, 498, 500, 545, 472, 477, 518, 527, 543, 484, 530, 560, 592, 492, 491, 569, 459, 482, 460, 538, 541, 598, 462, 547, 480, 544, 453, 510, 478, 552, 486, 483, 579, 524, 455, 511, 593, 458, 489, 493, 532, 1041], [0, 241, 55, 180, 257, 206, 7, 174, 1, 273, 159, 271, 248, 272, 289, 285, 157, 277, 193, 219, 233, 245, 239, 259, 276, 283, 156, 161, 251, 209, 184, 183, 203, 232, 244, 281, 296, 160, 168, 173, 207, 269, 162, 274, 178, 646, 739, 737, 258, 188, 176, 240, 150, 234, 254, 164, 171, 230, 175, 194, 298, 204, 235, 253, 167, 185, 205, 247, 211, 214, 227, 165, 262, 297, 177, 238, 231, 222, 216, 250, 217, 182, 284, 198, 197, 260, 151, 190, 179, 166, 291, 170, 152, 255, 237, 278, 186, 169, 261, 192, 195, 220, 252, 226, 249, 264, 279, 155, 215, 287, 295, 210, 181, 187, 286, 191, 288, 196, 224, 236, 280, 270, 223, 256, 212, 221, 243, 265, 246, 263, 405, 242], [154, 728, 201, 208, 163, 218, 189, 268, 229, 266, 199, 213, 293, 600, 714, 617, 654, 678, 645, 610, 631, 746, 689, 629, 741, 688, 658, 676, 677, 703, 172, 322, 228, 355, 367, 292, 726, 384, 627, 669, 294, 440, 200, 275, 733, 601, 623, 606, 632, 662, 687, 618, 706, 650, 667, 690, 626, 648, 673, 675, 717, 749, 649, 696, 732, 605, 727, 607, 652, 670, 697, 683, 715, 620, 674, 748, 628, 636, 716, 735, 694, 707, 742, 621, 665, 663, 736, 635, 701, 693, 698, 682, 471, 619, 504, 568, 576, 672, 549, 653, 664, 656, 553, 574, 564, 709, 520, 633, 734, 523, 684, 634, 708, 721, 642, 639, 719, 681, 744], [519, 531, 970, 953, 1002, 941, 968, 1000, 960, 978, 946, 995, 962, 992, 1023, 994, 932, 1044, 1005, 901, 1020, 1049, 933, 945, 914, 985, 1001, 957, 989, 1025, 924, 926, 1043, 958, 1046, 982, 1012, 1013, 1031, 950, 561, 919, 949, 997, 902, 955, 993, 974, 912, 1003, 923, 969, 972, 951, 964, 981, 1033, 947, 956, 983, 1026, 903, 1039, 1016, 907, 986, 975, 910, 938, 918, 1022, 1028, 927, 943, 1015, 952, 966, 984, 1010, 1014, 1042, 911, 967, 922, 973, 940, 906, 944, 920, 930, 976, 931, 913, 936, 1035, 996, 928, 934, 1018, 971, 959, 987, 917, 965, 921, 990, 979, 998, 925, 1004, 954, 999, 1036, 1008, 1011, 1048, 1027, 1032], [417, 752, 811, 893, 887, 863, 877, 769, 807, 857, 771, 802, 812, 750, 861, 755, 793, 778, 814, 819, 862, 831, 869, 758, 776, 805, 848, 795, 825, 898, 808, 823, 897, 850, 816, 840, 841, 856, 759, 782, 860, 878, 894, 784, 794, 889, 799, 796, 845, 806, 803, 851, 879, 865, 884, 760, 836, 849, 779, 804, 817, 824, 866, 842, 895, 773, 885, 789, 833, 892, 770, 810, 818, 787, 855, 899, 791, 874, 785, 852, 783, 881, 829, 843, 630, 691, 704, 809, 876, 765, 888, 838], [602, 660, 710, 622, 747, 743, 659, 668, 661, 651, 740, 729, 611, 685, 705, 613, 671, 643, 695, 644, 655, 846, 679, 731, 725, 614, 657, 699, 637, 641, 616, 603, 615, 692, 612, 711, 625, 702, 720, 723, 745, 638, 722, 712, 718, 713, 738, 604, 686, 730, 609, 724, 890, 666, 700, 880, 608, 647, 640, 680, 624, 761, 837, 763, 768, 858, 781, 839], [158, 751, 844, 801, 864, 756, 762, 766, 800, 790, 868, 854, 788, 828, 753, 847, 757, 870, 774, 826, 754, 780, 786, 827, 835, 798, 871, 872, 775, 882, 886, 859, 875, 867, 777, 813, 820, 891, 764, 815, 834, 832, 853, 767, 797, 822, 772, 883, 821, 830, 873, 792, 896, 225, 26, 1037, 451, 582, 526, 575, 942, 533, 1040, 577, 467, 562, 900, 904, 1034, 929, 916, 1007, 1019, 905, 961, 1021, 1024, 505, 980, 1030, 908, 915, 977, 1045, 909, 1006, 1038, 963, 935, 937, 948, 988, 939, 1009, 991, 1017, 1047]]","[0.1476565059274435, 0.12799537181854248, 0.5090603921562433, 0.13136337278410792, 0.14594154991209507, 0.11436062958091497, 0.09583166474476457, 0.07971410313621163, 0.1094035035930574]","[27.545059225987643, 1.6120529621839523, 0.9634931753389537, 0.30597226694226265, 0.14995106309652328, 1.6259342851117253, 0.5549363889731467, 0.07367461593821645, 0.055083750281482935]","[""OPTIMAL"", ""OPTIMAL"", ""OPTIMAL"", ""OPTIMAL"", ""OPTIMAL"", ""OPTIMAL"", ""OPTIMAL"", ""OPTIMAL"", ""OPTIMAL""]","[116.0, 128.0, 54.0, 46.0, 37.0, 61.0, 44.0, 12.0, 14.0]","[116.0, 127.99999999999997, 54.0, 45.99999999999997, 37.0, 61.0, 44.0, 12.0, 14.0]","[0.3992336723022163, 0.09180693188682199, 0.09478302299976349, 0.09349685395136476]","[638, 1508, 2308, 3122]",3122.0,"[0.30682470509782434, 0.2275223289616406, 0.17856502113863826, 0.1463235360570252]","[0.1785342521034181, 1.2805348057299852, 1.4124702652916312, 1.5130322151817381]","[0.0034046280197799206, 0.10969906905665994, 0.5943520767614245, 60.75553164817393]",OPTIMAL,512.0,512.0,678.0,678.0,7.619047619047619,104.43518091691658
62,7,150,5250,750,1,10,1249,1800,7.485100168269128,[1.7086569550447166],[1800.0386298811063],TIME_LIMIT,619.0,610.0,0.0145395799676898,"[2.7375998198986053, 2.8104239250533283, 2.8850470180623233, 2.9016058342531323, 2.903285630978644, 2.9059866038151085, 2.9085538988001645, 2.926951283123344, 2.959911528043449, 3.002870950847864, 3.02066378807649, 3.814925909973681, 3.8229921450838447, 3.824464850127697, 3.8264723629690707, 3.8345165690407157, 3.8425336899235845, 3.8458956759423018, 4.944673805963248, 4.945690479129553, 5.660455168224871, 5.669848847202957, 5.6717880461364985, 5.680098969954997, 7.100333720911294, 7.11699783988297, 8.756717743817717, 9.864337157923728, 9.866107303183526, 10.07711732108146, 10.208031355869025, 10.263069342821836, 10.495276527944952, 11.77966617513448, 15.490657703951001, 27.12317846203223, 29.540275045204908, 32.046316424850374, 56.74818990379572, 154.01432523410767, 1800.0363414520398]","[906.0, 821.0, 762.0, 760.0, 709.0, 704.0, 700.0, 699.0, 698.0, 697.0, 694.0, 682.0, 677.0, 662.0, 661.0, 660.0, 659.0, 658.0, 656.0, 655.0, 647.0, 645.0, 642.0, 641.0, 639.0, 638.0, 637.0, 635.0, 633.0, 632.0, 630.0, 629.0, 628.0, 626.0, 625.0, 624.0, 623.0, 621.0, 620.0, 619.0, 619.0]",1801.747286836151,10,0.8440722759536904,"[0.9553406320061532, 0.9401120717929393, 0.7941553934600123, 0.77071390092705, 0.6785375118708452, 0.6091383360475003, 0.606169203985628, 0.6502980259200525, 0.5590584919493825, 0.550518343056835]","[0.28762170726876607, 0.1122593691264227, 0.22621826301310383, 0.1789323128192915, 0.07371470925139813, 0.1131879163148513, 0.12369925963366152, 0.10022624434389142, 0.08509736272894167, 0.09589989110943838]","[215.71628045157453, 80.26544892539223, 137.99314043799333, 87.67683328145284, 35.75163398692809, 53.76426024955437, 55.046170536979375, 42.596153846153854, 31.486024209708418, 46.51144718807761]","[2.05, 1.8, 2.25, 2.05, 1.6, 1.6545454545454548, 1.9545454545454546, 1.7475524475524478, 1.55, 1.95]",1088.8291294828805,302.0217363690658,2.25,0.0575279497845839,0.2773821237793556,2.0738503956235945,0.6218895083293319,"[750, 715, 610, 490, 485, 475, 445, 425, 370, 485]","[[257, 353, 304, 349, 303, 335, 370, 408, 383, 437, 392, 307, 351, 377, 339, 388, 410, 449, 343, 394, 424, 359, 387, 432, 434, 391, 398, 413, 441, 412, 341, 400, 425, 417, 360, 362, 333, 364, 446, 348, 427, 431, 372, 401, 371, 429, 344, 382, 428, 414, 306, 376, 443, 332, 416, 318, 389, 373, 319, 422, 363, 415, 321, 324, 323, 326, 327, 350, 386, 352, 393, 404, 418, 438, 308, 420, 358, 354, 378, 317, 405, 380, 368, 322, 340, 407, 444, 325, 329, 328, 338, 356, 313, 436, 426, 342, 435, 445, 300, 336, 395, 805, 818, 346, 355, 442, 448, 309, 384, 361, 397, 302, 385, 409, 310, 379, 396, 439, 403, 314, 334, 402, 828, 312, 374, 411, 365, 315, 347, 421, 311, 357, 367, 390, 316, 399, 320, 366, 331, 447, 337, 419, 440, 369, 423, 330, 345, 381, 433, 430], [0, 103, 139, 93, 10, 124, 15, 97, 133, 120, 25, 32, 80, 84, 44, 59, 57, 106, 113, 3, 134, 37, 49, 55, 67, 142, 12, 62, 96, 104, 41, 75, 56, 68, 13, 36, 127, 46, 61, 149, 35, 145, 11, 47, 114, 38, 89, 116, 29, 60, 30, 45, 50, 146, 136, 34, 99, 102, 5, 95, 8, 79, 64, 17, 115, 130, 86, 6, 87, 76, 107, 112, 23, 125, 43, 128, 92, 28, 85, 141, 147, 69, 135, 131, 1, 73, 31, 94, 118, 21, 88, 119, 51, 26, 53, 65, 91, 110, 4, 42, 129, 52, 54, 66, 7, 63, 19, 39, 90, 72, 71, 137, 9, 70, 143, 22, 121, 100, 58, 33, 123, 78, 111, 122, 101, 138, 18, 117, 20, 40, 82, 109, 24, 81, 144, 126, 132, 27, 74, 508, 140, 108, 148], [487, 955, 918, 1016, 921, 949, 960, 1029, 994, 926, 1046, 1020, 975, 980, 1037, 950, 1013, 987, 995, 916, 943, 953, 947, 1006, 1041, 1044, 942, 997, 985, 1014, 488, 579, 603, 540, 554, 978, 998, 902, 1043, 915, 922, 972, 1011, 1024, 500, 1022, 911, 913, 1015, 1034, 1048, 933, 1031, 906, 1001, 1036, 924, 934, 1027, 1030, 964, 983, 1049, 912, 974, 1026, 991, 969, 993, 1035, 1012, 903, 996, 1045, 935, 957, 909, 945, 963, 923, 959, 1025, 976, 990, 1018, 598, 1023, 932, 982, 1039, 939, 970, 1004, 901, 968, 928, 930, 952, 1033, 956, 966, 904, 989, 1009, 908, 927, 999, 929, 961, 900, 1010, 1047, 914, 937, 967, 973, 981, 919, 971, 984, 1032, 1040], [375, 832, 406, 758, 770, 859, 875, 764, 834, 809, 862, 845, 782, 772, 750, 763, 833, 800, 808, 817, 811, 864, 868, 815, 885, 751, 825, 829, 831, 806, 836, 883, 895, 777, 802, 753, 857, 791, 877, 801, 796, 827, 804, 842, 775, 839, 776, 803, 819, 850, 881, 788, 855, 814, 849, 852, 752, 891, 784, 888, 844, 893, 759, 769, 790, 878, 822, 767, 856, 872, 789, 823, 810, 860, 866, 871, 755, 821, 838, 835, 847, 779, 799, 865, 760, 774, 766, 858, 846, 870, 863, 892, 879, 757, 854, 765, 867, 899], [600, 604, 628, 667, 649, 643, 645, 680, 713, 608, 622, 692, 712, 684, 695, 614, 679, 737, 629, 671, 685, 749, 660, 640, 682, 717, 634, 673, 618, 642, 656, 637, 699, 732, 654, 674, 676, 706, 659, 710, 738, 652, 747, 696, 739, 748, 669, 733, 714, 721, 745, 626, 641, 665, 647, 728, 658, 631, 632, 711, 646, 716, 688, 697, 743, 723, 736, 693, 703, 709, 726, 607, 630, 620, 621, 720, 610, 611, 793, 841, 725, 657, 619, 698, 730, 691, 662, 734, 742, 675, 681, 708, 694, 707, 719, 677, 678], [2, 205, 163, 203, 220, 228, 222, 168, 253, 242, 207, 256, 175, 195, 229, 208, 249, 209, 232, 246, 243, 98, 227, 178, 261, 162, 219, 176, 235, 298, 161, 204, 226, 280, 152, 189, 217, 234, 638, 153, 274, 211, 185, 283, 287, 150, 213, 231, 218, 230, 212, 295, 267, 279, 635, 154, 182, 198, 237, 201, 224, 215, 305, 248, 179, 239, 252, 289, 157, 301, 264, 250, 164, 181, 210, 282, 188, 186, 244, 281, 238, 683, 689, 650, 670, 687, 718, 724, 170, 190, 260, 271, 216, 294, 275], [14, 454, 595, 466, 585, 16, 473, 551, 552, 550, 514, 512, 474, 545, 481, 496, 528, 558, 77, 451, 486, 533, 467, 525, 542, 48, 105, 578, 478, 599, 521, 547, 567, 492, 561, 527, 450, 452, 457, 571, 580, 482, 489, 546, 464, 494, 557, 458, 479, 522, 548, 475, 553, 506, 563, 590, 456, 495, 530, 587, 477, 518, 523, 543, 568, 574, 609, 476, 740, 648, 690, 606, 686, 538, 549, 601, 727, 612, 636, 602, 615, 704, 617, 655, 701, 702, 583, 605, 746], [453, 535, 594, 593, 936, 491, 537, 560, 584, 499, 544, 460, 463, 513, 582, 490, 588, 515, 507, 526, 465, 536, 562, 455, 577, 516, 576, 569, 461, 591, 468, 555, 459, 575, 469, 566, 534, 565, 596, 589, 462, 532, 470, 573, 517, 497, 572, 502, 471, 564, 519, 524, 529, 597, 480, 520, 483, 570, 505, 539, 581, 962, 509, 559, 484, 531, 501, 541, 493, 498, 510, 504, 503, 705, 592, 472, 988, 586, 485, 556, 1003, 511, 1021, 1008, 951], [613, 666, 624, 741, 653, 661, 623, 663, 722, 731, 639, 668, 729, 616, 715, 627, 664, 651, 744, 672, 783, 633, 735, 644, 625, 816, 798, 700, 890, 754, 807, 813, 762, 869, 851, 886, 897, 830, 840, 887, 785, 861, 794, 795, 797, 884, 880, 812, 837, 848, 882, 778, 873, 787, 756, 876, 826, 792, 773, 843, 824, 761, 781, 894, 896, 768, 898, 780, 889, 820, 853, 771, 786, 874], [83, 285, 151, 165, 240, 158, 172, 241, 183, 245, 155, 196, 296, 200, 272, 177, 236, 193, 214, 276, 202, 171, 293, 187, 269, 225, 191, 265, 192, 156, 194, 284, 166, 266, 288, 233, 159, 160, 223, 297, 254, 263, 173, 258, 268, 184, 169, 206, 221, 247, 199, 197, 286, 292, 277, 167, 259, 174, 299, 270, 180, 251, 255, 291, 273, 262, 278, 290, 905, 920, 938, 948, 965, 940, 941, 977, 917, 1002, 944, 958, 954, 1017, 907, 931, 979, 1019, 986, 1038, 925, 1028, 992, 946, 1000, 1007, 1005, 1042, 910]]","[0.13560045510530472, 0.13497760612517595, 0.12385622970759869, 0.09305671881884336, 0.5190165252424777, 0.11951062362641096, 0.10184013191610575, 0.0909515991806984, 0.08893360989168286, 0.10530817089602351]","[14.22876347322017, 0.6685690213926136, 3.3693305267952383, 0.15041673323139548, 0.36105478229001164, 0.11415642639622092, 0.09668705658987164, 0.07448636507615447, 0.08294044202193618, 0.11711820401251316]","[""OPTIMAL"", ""OPTIMAL"", ""OPTIMAL"", ""OPTIMAL"", ""OPTIMAL"", ""OPTIMAL"", ""OPTIMAL"", ""OPTIMAL"", ""OPTIMAL"", ""OPTIMAL""]","[125.0, 72.0, 53.0, 53.0, 38.0, 25.0, 43.0, 33.0, 30.0, 28.0]","[125.0, 72.0, 53.0, 53.0, 38.0, 25.0, 43.0, 33.0, 30.0, 28.0]","[0.14386127330362797, 0.09346850868314505, 0.09263286693021655]","[734, 1555, 2375]",2375.0,"[0.3469873918220401, 0.20922086015343666, 0.18173798779025674]","[0.21217928221449256, 1.3200248312205076, 1.7495699161663651]","[0.0047440421767532825, 0.12002154206857085, 22.83941983198747]",OPTIMAL,500.0,500.0,737.0,737.0,19.063004846526656,50.786182940006256
62,9,150,6750,750,1,10,968,1800,8.449087125016376,[2.16961459396407],[1800.0528006860404],TIME_LIMIT,821.0,809.0,0.0146163215590742,"[54.26125763298478, 54.26285063801333, 54.27224953402765, 55.61976284801494, 57.2491982789943, 58.81791814597091, 59.51752060302533, 59.80441027000779, 61.921001705981325, 67.34638777497457, 67.35111497499747, 67.35576373297954, 82.98079960601171, 88.7279806319857, 93.88515733799431, 106.6192761780112, 123.97620434098644, 127.81739320099587, 133.16415235202294, 146.546331918973, 210.3117172649945, 211.44164695800282, 522.5669373460114, 1182.5523595259874, 1800.0499769580201]","[867.0, 843.0, 842.0, 841.0, 840.0, 839.0, 838.0, 837.0, 833.0, 833.0, 837.0, 838.0, 832.0, 831.0, 830.0000000000001, 829.0, 828.0, 827.0, 826.0, 825.0, 824.0, 823.0, 822.0, 821.0, 821.0]",1802.2224152800045,11,0.874720552111806,"[0.8117527188039342, 0.9177210109665185, 0.8350536340062662, 0.8143126087267355, 0.8630929870329657, 0.7833671048071027, 0.7895785412855668, 0.8249313965826351, 0.7609805117898288, 0.4881752584021322, 0.5321419879706567]","[0.21652544304586374, 0.26810649703582096, 0.18284337925432131, 0.1887595567688807, 0.23822280352789518, 0.12316120937885648, 0.28736809905583677, 0.29406732501578975, 0.24244813006962684, 0.04746411483253588, 0.05317063075819302]","[158.06357342348053, 194.3772103509702, 130.73301616683975, 128.35649860283888, 151.27148024021344, 76.9757558617853, 170.98401893822287, 158.79635550852646, 122.43630568516156, 11.866028708133971, 39.87797306864476]","[2.4, 2.363157894736842, 1.9, 1.9285714285714284, 2.0, 1.8954545454545453, 2.0, 2.05, 2.45, 1.2863636363636364, 1.681818181818182]",1628.097541642638,284.35932508782,2.45,0.0421273074204177,0.1746574255008987,2.883672447002027,1.0479056800249964,"[730, 725, 715, 680, 635, 625, 595, 540, 505, 250, 750]","[[631, 672, 1066, 1087, 1178, 1076, 1098, 1124, 635, 885, 1318, 800, 860, 1223, 1211, 1264, 1079, 1131, 1144, 1201, 1134, 1329, 1133, 1196, 916, 1106, 1174, 1186, 1096, 1113, 1054, 1090, 1169, 1083, 1099, 1128, 1181, 1129, 1142, 1086, 1093, 1159, 1051, 1065, 1121, 1058, 1195, 1182, 1199, 1189, 1078, 1179, 1111, 1171, 1069, 1173, 1074, 1125, 1154, 1192, 1180, 1183, 1080, 1084, 1137, 1053, 1077, 1168, 1075, 1141, 1055, 1116, 1127, 1010, 1103, 1081, 1105, 1059, 1198, 1187, 1085, 1155, 1070, 1188, 1089, 1138, 1158, 1165, 1115, 1123, 1162, 1185, 1167, 1052, 1057, 1153, 1146, 1197, 1108, 1160, 1136, 1061, 1147, 1082, 1176, 1139, 1063, 1071, 1095, 1177, 1100, 1118, 1166, 1143, 1119, 1163, 1088, 1109, 1194, 1092, 1148, 1132, 1104, 1152, 1068, 1140, 1170, 1102, 1091, 1126, 1193, 1110, 1072, 1149, 1150, 1156, 1190, 1161, 1062, 1191, 1112, 1064, 1101, 1107, 1172, 1122], [1050, 1225, 1236, 1312, 1259, 1320, 1324, 1335, 1328, 1220, 1240, 1285, 1337, 1338, 1239, 1313, 1301, 1097, 1120, 1330, 1222, 1200, 1221, 1254, 1216, 1269, 1298, 1325, 1247, 1262, 1311, 1304, 1217, 1332, 1245, 1266, 1224, 1253, 1226, 1249, 1345, 1339, 1256, 1281, 1286, 1303, 1336, 1346, 1258, 1321, 1333, 1157, 1275, 1305, 1202, 1293, 1219, 1204, 1246, 1309, 1295, 1274, 1283, 1296, 1319, 1214, 1261, 1343, 1263, 1306, 1203, 1213, 1208, 1252, 1229, 1322, 1243, 1265, 1241, 1227, 1237, 1257, 1289, 1348, 1326, 1209, 1315, 1323, 1290, 1349, 1210, 1342, 1291, 1234, 1267, 1206, 1231, 1242, 1316, 1278, 1215, 1331, 1344, 1228, 1273, 1279, 1334, 1299, 1307, 1300, 1232, 1268, 1255, 1277, 1288, 1235, 1260, 1314, 1205, 1294, 1250, 1212, 1297, 1341, 1317, 1280, 1302, 1218, 1327, 1310, 1287, 1230, 1244, 1292, 1340, 1276, 1284, 1238, 1271, 1272, 1347, 1251, 1270, 1282, 1308], [651, 815, 725, 834, 827, 894, 774, 829, 878, 896, 750, 823, 768, 789, 792, 876, 844, 846, 897, 764, 875, 882, 805, 835, 874, 755, 787, 821, 778, 856, 820, 843, 868, 798, 880, 819, 872, 865, 804, 808, 859, 809, 867, 751, 795, 883, 754, 839, 763, 767, 760, 863, 802, 861, 705, 862, 771, 772, 799, 796, 838, 854, 891, 801, 825, 892, 833, 757, 775, 842, 879, 893, 770, 890, 814, 873, 762, 858, 794, 803, 840, 783, 813, 752, 837, 889, 777, 886, 780, 806, 797, 849, 850, 759, 785, 851, 857, 1233, 1248, 884, 779, 1207, 753, 784, 898, 807, 811, 847, 848, 776, 871, 870, 877, 782, 887, 888, 793, 831, 756, 817, 769, 824, 828, 895, 758, 788, 855, 812, 816, 852, 773, 818, 869, 791, 810, 765, 866, 841, 781, 845, 899, 790, 826], [16, 97, 256, 202, 218, 252, 638, 619, 707, 642, 454, 559, 722, 673, 713, 670, 695, 679, 621, 726, 747, 745, 628, 678, 718, 655, 608, 616, 715, 716, 624, 658, 728, 694, 609, 704, 671, 689, 627, 688, 633, 639, 643, 629, 660, 734, 662, 711, 706, 729, 746, 622, 693, 661, 600, 717, 682, 648, 614, 681, 690, 615, 656, 708, 677, 634, 719, 601, 669, 654, 683, 733, 610, 612, 696, 736, 618, 742, 625, 685, 692, 724, 667, 636, 653, 626, 698, 691, 605, 864, 607, 738, 617, 744, 740, 640, 720, 761, 637, 686, 714, 645, 687, 646, 657, 602, 699, 603, 663, 739, 668, 730, 604, 723, 676, 684, 731, 652, 786, 620, 666, 650, 659, 712, 606, 727, 611, 680, 732, 741, 632, 710, 644, 647, 748, 701], [527, 598, 914, 1035, 571, 943, 1001, 985, 927, 1013, 1030, 976, 1027, 993, 904, 960, 1043, 987, 1018, 1038, 1034, 969, 970, 1025, 1014, 967, 1026, 995, 1032, 1021, 900, 958, 1000, 1033, 930, 1007, 1029, 971, 905, 956, 998, 918, 935, 903, 983, 968, 1016, 961, 977, 926, 1044, 915, 1019, 944, 992, 999, 1009, 920, 924, 1002, 937, 946, 1008, 1003, 901, 929, 919, 941, 952, 981, 978, 1022, 907, 917, 954, 913, 990, 931, 962, 966, 973, 975, 1023, 1011, 902, 1039, 934, 1005, 951, 947, 912, 957, 1004, 1037, 923, 980, 940, 994, 1031, 1046, 906, 908, 932, 950, 989, 1036, 1045, 910, 1042, 1040, 997, 982, 1017, 955, 1012, 921, 964, 938, 996, 984, 963, 1024, 974, 928, 936, 942, 949], [117, 566, 578, 483, 564, 482, 494, 505, 498, 513, 554, 561, 489, 582, 599, 490, 451, 533, 522, 470, 512, 456, 487, 510, 455, 528, 472, 532, 557, 463, 546, 560, 523, 521, 504, 467, 595, 511, 544, 591, 471, 502, 536, 500, 477, 547, 474, 569, 529, 562, 495, 507, 515, 503, 516, 574, 531, 553, 597, 509, 581, 568, 519, 585, 537, 563, 588, 593, 457, 499, 459, 542, 565, 464, 577, 575, 479, 485, 548, 594, 496, 539, 458, 583, 524, 478, 558, 541, 484, 488, 520, 525, 549, 460, 587, 466, 586, 475, 469, 501, 453, 570, 476, 473, 480, 518, 534, 462, 555, 579, 590, 526, 1028, 567, 972, 465, 486, 514, 550, 991, 596, 909, 939, 945, 1041], [300, 327, 307, 439, 379, 442, 324, 370, 385, 424, 335, 388, 354, 394, 380, 822, 396, 414, 301, 306, 405, 311, 316, 428, 375, 339, 423, 310, 397, 400, 444, 342, 366, 398, 391, 373, 430, 446, 372, 440, 393, 445, 449, 447, 302, 363, 437, 319, 378, 417, 386, 448, 304, 383, 353, 329, 436, 369, 433, 356, 367, 404, 406, 431, 422, 325, 408, 402, 435, 328, 384, 357, 412, 315, 409, 411, 344, 830, 836, 832, 881, 853, 305, 377, 333, 438, 355, 441, 340, 326, 434, 345, 427, 352, 432, 361, 416, 313, 343, 318, 336, 341, 374, 358, 317, 350, 390, 419, 392, 426, 415, 331, 420, 334, 364, 387, 347, 359, 389], [0, 149, 15, 101, 86, 3, 7, 112, 31, 141, 116, 34, 74, 119, 46, 95, 42, 138, 113, 57, 146, 45, 65, 84, 128, 50, 139, 73, 20, 51, 70, 127, 47, 75, 5, 92, 9, 93, 133, 18, 106, 2, 147, 114, 6, 76, 79, 110, 49, 552, 61, 63, 29, 126, 35, 56, 132, 120, 44, 54, 140, 99, 82, 48, 52, 102, 135, 21, 23, 85, 104, 64, 103, 78, 80, 90, 130, 123, 12, 108, 91, 22, 77, 109, 32, 62, 125, 13, 55, 33, 38, 36, 88, 142, 19, 71, 30, 122, 148, 26, 67, 244, 143, 83, 134, 115, 68, 72], [40, 240, 197, 278, 233, 98, 156, 239, 284, 150, 191, 282, 295, 216, 229, 226, 262, 188, 266, 217, 271, 224, 281, 298, 154, 212, 184, 238, 248, 171, 221, 268, 255, 173, 254, 223, 195, 211, 174, 198, 208, 243, 196, 209, 176, 279, 193, 213, 199, 230, 273, 222, 264, 265, 157, 169, 250, 170, 181, 178, 182, 267, 201, 286, 237, 277, 291, 152, 215, 258, 153, 207, 186, 177, 241, 296, 280, 179, 194, 257, 276, 180, 160, 225, 232, 175, 190, 297, 187, 287, 163, 285, 242, 289, 164, 294, 269, 205, 249, 246, 274], [151, 183, 227, 204, 263, 275, 290, 192, 293, 214, 210, 161, 219, 253, 220, 743, 203, 231, 251, 155, 167, 228, 283, 158, 259, 162, 185, 236, 166, 247, 200, 234, 261, 288, 270, 189, 418, 299, 337, 206, 365, 766, 376, 235, 272, 323, 401, 303, 362, 348], [1, 159, 260, 136, 24, 60, 11, 14, 105, 111, 17, 39, 145, 27, 144, 131, 87, 25, 129, 107, 89, 121, 4, 94, 37, 10, 8, 137, 41, 43, 124, 53, 58, 59, 96, 28, 81, 118, 461, 551, 66, 623, 497, 580, 592, 69, 100, 674, 492, 530, 450, 452, 481, 702, 491, 576, 493, 573, 508, 589, 538, 517, 540, 543, 572, 545, 584, 468, 664, 665, 535, 556, 506, 749, 613, 709, 641, 697, 721, 630, 675, 700, 703, 737, 649, 735, 1060, 1151, 1184, 1117, 1130, 1135, 165, 168, 172, 351, 371, 381, 292, 245, 322, 407, 346, 413, 314, 320, 368, 425, 330, 321, 360, 395, 443, 403, 410, 308, 338, 429, 309, 332, 312, 382, 399, 421, 349, 911, 953, 925, 979, 1048, 1020, 948, 959, 1067, 1114, 922, 933, 1049, 965, 986, 1006, 1015, 1175, 988, 1094, 1047, 1056, 1073, 1145, 1164]]","[0.15240883000660688, 0.11248639499535784, 0.14046481397235766, 0.13705393596319482, 0.11453674995573238, 0.6636359239928424, 0.11111592000816017, 0.10951696400297806, 0.10764915897743776, 0.052267919993028045, 0.18412435502978042]","[1.9570782630471513, 2.65995872503845, 2.451789729006123, 1.2519296770333312, 2.0347459400072694, 0.5969527389970608, 1.6008820579736494, 0.863024321035482, 1.5007574929622933, 0.029266312019899487, 0.08650875801686198]","[""OPTIMAL"", ""OPTIMAL"", ""OPTIMAL"", ""OPTIMAL"", ""OPTIMAL"", ""OPTIMAL"", ""OPTIMAL"", ""OPTIMAL"", ""OPTIMAL"", ""OPTIMAL"", ""OPTIMAL""]","[60.0, 102.0, 57.0, 44.0, 71.0, 65.0, 105.0, 70.0, 66.0, 16.0, 31.0]","[60.0, 102.0, 57.0, 44.0, 71.0, 65.0, 105.0, 70.0, 66.0, 16.0, 31.0]","[0.1846972579951398, 0.01892293296987191, 0.017688417981844395, 0.017385880986694247]","[814, 2046, 3107, 4205]",4205.0,"[0.38793698902009055, 0.3246798940235749, 0.24287515599280596, 0.2014192239730619]","[0.20760853897081688, 1.8384017770295031, 1.9471844469662756, 2.052775816002395]","[0.004105497966520488, 0.16799845302011818, 0.8650005190283991, 1800.0454907290405]",TIME_LIMIT,687.0,687.0,891.0,888.0,7.856341189674523,1829.3739046400297
62,9,150,6750,750,1,10,969,1800,9.574012509954628,[1.8788026410038583],[1800.0595089530107],TIME_LIMIT,863.0,840.0,0.0266512166859791,"[15.784637395991012, 17.081882258993573, 21.89496110001346, 21.897092888015322, 21.898785909987055, 21.902451829984784, 22.760567813995294, 23.067835856985766, 27.100034772010986, 27.101439810008742, 28.185381043993402, 29.489658278995194, 30.30857453099452, 32.24269413796719, 33.74357238499215, 34.31404729298083, 36.25088133697864, 39.66019074397627, 39.66415961901657, 43.160670746001415, 43.16447898797924, 46.7559325430193, 47.84842054900946, 50.70265987300081, 52.61012624797877, 53.468398200988304, 56.69709106197115, 57.631371497991495, 58.660411017015576, 58.661825550021604, 58.66302455798723, 58.66417728702072, 59.902435566007625, 63.164616302005015, 63.166105620970484, 63.16755914397072, 64.22525278100511, 64.22664466500282, 65.33285860001342, 69.05244138400303, 69.05402566201519, 70.32132966798963, 74.29175064299488, 89.85236687597353, 94.69593208801234, 112.59168688202044, 127.81886377796764, 127.82064277800964, 148.11380194302183, 158.88036178296898, 197.15163802501047, 249.234620645002, 285.7394018690102, 285.7436040350003, 285.7477403790108, 757.9490418360219, 898.735147645988, 908.8940455149859, 1480.3332166639739, 1480.3374408200034, 1480.3416791560012, 1627.0152083989815]","[4135.0, 4053.0, 3441.0, 3428.0, 3396.0, 2336.0, 2268.0, 2079.0, 2034.0, 2016.0, 1944.0, 1556.0, 1479.0, 1441.0, 1408.0, 1048.0, 1045.0, 1043.0, 1039.0, 1038.0, 1036.0, 1033.0, 1031.0, 1029.0, 1021.0, 1017.0, 1014.0, 1013.0, 1010.0, 1007.0, 1006.0, 1004.0, 1003.0, 999.0, 995.0, 990.0, 988.0, 984.0, 982.0, 979.0, 972.0, 970.0, 893.0, 892.0, 891.0, 886.0, 880.0, 873.0, 872.0, 869.0, 868.0, 867.0, 867.0, 868.0, 869.0, 866.0, 865.0, 864.0, 864.0, 865.0, 866.0, 863.0]",1801.9383115940143,12,0.8582720385751645,"[0.8931530131851289, 0.9218340509717212, 0.7960234132459468, 0.8884359861971352, 0.8080418226410223, 0.6676596394744883, 0.700110381292415, 0.5831286129801209, 0.6436431094508399, 0.6350821508588499, 0.5995777042467231, 0.6233222131723699]","[0.24848789884294906, 0.3480762411705571, 0.2094659703083499, 0.33071144767820665, 0.11423585542112139, 0.08915086857728655, 0.12752517197554816, 0.15230532558118762, 0.25658837232972365, 0.22484999640229494, 0.41855301873291184, 0.0915710341125101]","[185.12348463799705, 252.3552748486539, 143.4841896612197, 219.92311270600743, 75.39566457794011, 45.91269731730257, 65.6754635674073, 66.25281662781661, 102.63534893188947, 88.81574857890651, 133.9369659945318, 63.18401353763197]","[1.85, 2.236842105263158, 2.1875, 2.399145299145299, 1.85, 1.858080808080808, 1.9551383399209485, 1.7, 2.0, 1.9, 3.1, 1.7131578947368422]",1803.16078147466,360.46600048735513,3.35,0.0534023704425711,0.1999078530270379,2.961705825990066,1.0566875290242024,"[745, 725, 685, 665, 660, 515, 515, 435, 400, 395, 320, 690]","[[607, 766, 778, 785, 751, 873, 759, 775, 854, 797, 887, 828, 895, 859, 820, 824, 758, 843, 798, 826, 790, 822, 849, 832, 803, 896, 825, 861, 761, 795, 802, 796, 842, 877, 781, 792, 814, 846, 787, 839, 771, 793, 863, 867, 870, 888, 871, 890, 805, 881, 821, 857, 886, 855, 750, 783, 850, 776, 780, 807, 794, 864, 862, 827, 885, 812, 757, 897, 810, 833, 875, 835, 799, 883, 823, 737, 1155, 1157, 847, 1200, 786, 772, 755, 788, 1290, 876, 882, 754, 878, 763, 818, 777, 756, 866, 834, 830, 844, 880, 784, 836, 1255, 789, 837, 819, 752, 782, 804, 874, 813, 894, 765, 840, 838, 760, 800, 769, 773, 891, 815, 817, 831, 764, 851, 779, 808, 892, 856, 809, 898, 853, 841, 860, 829, 889, 848, 893, 845, 879, 852, 858, 753, 811, 806, 869, 791, 801, 872, 770, 774], [1107, 1139, 1184, 1220, 1281, 1239, 1234, 1283, 1284, 1248, 1317, 1344, 1201, 1208, 1218, 1316, 1210, 1289, 1301, 1342, 1348, 1303, 1224, 1259, 1323, 1227, 1319, 1329, 1288, 1292, 1327, 1228, 1242, 1311, 1231, 1237, 1236, 1253, 1280, 1304, 1219, 1240, 1271, 1300, 1241, 1249, 1322, 1276, 1262, 1272, 1297, 1328, 1332, 1278, 1296, 1235, 1264, 1298, 1294, 1331, 1330, 1346, 1214, 1295, 1215, 1279, 1302, 1308, 1202, 1245, 1225, 1270, 1251, 1263, 1299, 1313, 1305, 1204, 1211, 1205, 1265, 1318, 1243, 1285, 1315, 1206, 1326, 1247, 1273, 1309, 1291, 1293, 1209, 1338, 1212, 1238, 1216, 1341, 1244, 1257, 1269, 1307, 1226, 1232, 1229, 1233, 1258, 1349, 1256, 1275, 1320, 1333, 1336, 1221, 1337, 1268, 1286, 1282, 1310, 1222, 1312, 1340, 1343, 1345, 1198, 1339, 1267, 1324, 1203, 1213, 1246, 1321, 1347, 1217, 1335, 1230, 1250, 1261, 1207, 1266, 1254, 1287, 1274, 1223, 1325], [150, 185, 291, 205, 230, 177, 210, 274, 241, 172, 204, 290, 296, 219, 278, 287, 176, 195, 153, 279, 240, 263, 282, 157, 206, 237, 161, 259, 262, 254, 270, 155, 228, 190, 251, 201, 207, 238, 284, 181, 239, 273, 213, 232, 247, 193, 216, 286, 187, 265, 188, 197, 357, 314, 320, 352, 233, 162, 167, 166, 225, 183, 209, 199, 215, 151, 294, 154, 164, 281, 220, 182, 276, 258, 160, 269, 227, 163, 288, 203, 253, 231, 158, 242, 194, 196, 235, 266, 249, 171, 250, 293, 256, 208, 244, 180, 248, 159, 179, 277, 297, 191, 198, 214, 170, 605, 236, 275, 218, 223, 169, 211, 202, 261, 298, 156, 175, 189, 222, 173, 174, 299, 165, 217, 260, 243, 152, 410, 444, 221, 246, 283, 271, 252, 255, 280, 245], [450, 533, 929, 904, 949, 943, 1012, 936, 991, 924, 952, 993, 947, 1042, 972, 468, 1031, 918, 1046, 948, 973, 900, 1029, 1032, 985, 1000, 1049, 907, 938, 996, 1015, 1035, 919, 977, 1019, 1023, 958, 969, 1018, 1006, 955, 1007, 974, 902, 988, 914, 965, 1028, 999, 933, 1037, 962, 989, 1008, 903, 1005, 1011, 1033, 1016, 953, 1036, 967, 931, 1039, 937, 935, 940, 990, 1010, 906, 1001, 1158, 1165, 1147, 970, 1021, 916, 1017, 939, 942, 982, 1025, 1040, 922, 950, 1014, 984, 1002, 1022, 926, 928, 1044, 959, 968, 995, 945, 1048, 1003, 1034, 908, 923, 971, 930, 954, 921, 979, 915, 951, 1009, 983, 994, 912, 925, 917, 960, 980, 975, 927, 998, 1047, 1020, 932, 1027, 1004, 941, 1013, 997, 934, 909, 911, 913, 910, 963], [168, 687, 495, 645, 733, 673, 724, 653, 689, 200, 289, 696, 272, 624, 677, 621, 660, 723, 632, 725, 746, 642, 295, 635, 734, 691, 636, 669, 690, 701, 741, 192, 267, 611, 648, 698, 629, 683, 604, 639, 631, 739, 616, 686, 735, 644, 713, 647, 682, 712, 584, 674, 703, 612, 615, 668, 681, 650, 670, 651, 721, 603, 708, 717, 617, 620, 655, 702, 744, 641, 730, 634, 740, 727, 732, 747, 606, 630, 658, 678, 637, 742, 625, 706, 640, 664, 661, 600, 610, 613, 614, 715, 699, 743, 626, 654, 656, 676, 671, 679, 731, 705, 675, 736, 709, 618, 716, 627, 663, 684, 738, 633, 659, 700, 711, 697, 619, 685, 622, 623, 726, 693, 638, 662, 714, 695, 657, 672, 680, 748, 745, 707], [12, 483, 595, 86, 123, 91, 493, 565, 73, 229, 285, 549, 514, 580, 558, 563, 453, 579, 602, 461, 480, 503, 507, 474, 551, 479, 523, 692, 465, 469, 540, 628, 665, 467, 539, 569, 553, 455, 598, 512, 589, 581, 451, 491, 521, 464, 492, 496, 494, 554, 572, 528, 546, 575, 452, 594, 471, 588, 561, 557, 525, 537, 490, 547, 475, 550, 559, 488, 568, 456, 596, 501, 531, 544, 535, 454, 592, 489, 519, 538, 566, 459, 504, 499, 463, 484, 524, 460, 548, 560, 578, 541, 552, 570, 591, 485, 728, 487, 585, 511, 518, 516, 599], [601, 884, 666, 1143, 1120, 1121, 1123, 729, 1277, 1053, 1056, 1119, 1077, 1109, 1189, 1169, 1063, 1085, 1179, 1180, 1144, 1149, 1065, 1135, 1112, 1334, 1141, 1260, 1066, 1110, 1138, 1173, 1081, 1187, 1117, 1145, 1097, 1185, 1176, 1196, 1079, 1132, 1186, 1156, 1051, 1142, 1058, 1072, 1082, 1199, 1154, 1074, 1080, 1108, 1125, 1166, 1060, 1099, 1064, 1118, 1174, 1162, 1073, 1083, 1094, 1133, 1161, 1192, 1076, 1130, 1124, 688, 1068, 1084, 1193, 1252, 1314, 1306, 1055, 1059, 1171, 1096, 1167, 1090, 1177, 1093, 1178, 1062, 1194, 1190, 1061, 1104, 1195, 1089, 1164, 1100, 1172, 1129, 1163, 1087, 1116, 1134, 1197], [0, 17, 139, 4, 103, 113, 23, 50, 31, 40, 95, 77, 10, 68, 109, 72, 142, 98, 2, 58, 20, 62, 66, 47, 127, 56, 78, 126, 1, 178, 14, 130, 268, 292, 37, 55, 61, 80, 119, 90, 63, 94, 121, 13, 51, 65, 96, 19, 87, 149, 28, 84, 42, 27, 115, 35, 41, 141, 81, 125, 108, 21, 38, 60, 44, 134, 92, 112, 132, 79, 114, 110, 102, 146, 32, 49, 64, 70, 100, 226, 46, 140, 212, 186, 234, 264, 257], [184, 435, 337, 412, 440, 308, 303, 383, 350, 384, 396, 436, 334, 353, 378, 395, 417, 336, 361, 342, 373, 224, 322, 431, 313, 400, 345, 367, 302, 346, 446, 430, 437, 311, 391, 377, 442, 317, 403, 868, 386, 816, 324, 362, 422, 899, 363, 366, 418, 423, 443, 390, 305, 343, 323, 355, 406, 332, 368, 315, 365, 319, 399, 356, 439, 364, 321, 380, 402, 348, 339, 393, 398, 405, 306, 389, 419, 344, 429, 371], [300, 330, 407, 370, 413, 359, 426, 382, 394, 374, 304, 768, 392, 301, 404, 360, 333, 354, 447, 338, 434, 381, 318, 397, 401, 420, 433, 328, 408, 424, 329, 449, 762, 865, 767, 309, 310, 379, 325, 414, 438, 387, 416, 326, 411, 349, 335, 409, 432, 351, 388, 421, 427, 428, 312, 358, 448, 376, 445, 341, 347, 385, 415, 316, 331, 369, 307, 441, 340, 327, 375, 425, 372, 646, 649, 749, 609, 710, 722], [3, 128, 129, 16, 82, 36, 111, 107, 18, 145, 45, 57, 67, 88, 69, 25, 148, 124, 135, 147, 54, 118, 85, 138, 122, 116, 131, 101, 74, 71, 137, 8, 89, 83, 76, 97, 143, 53, 133, 120, 105, 5, 93, 29, 48, 59, 9, 52, 11, 7, 136, 99, 26, 117, 33, 43, 104, 75, 6, 24, 22, 30, 39, 144], [15, 34, 106, 457, 587, 500, 582, 486, 508, 556, 527, 505, 976, 458, 509, 520, 593, 470, 545, 506, 478, 522, 576, 466, 513, 534, 462, 555, 583, 472, 476, 530, 481, 536, 482, 574, 473, 573, 590, 529, 564, 497, 477, 526, 498, 532, 502, 562, 517, 577, 510, 597, 571, 542, 586, 515, 543, 567, 608, 652, 1126, 643, 667, 718, 694, 720, 1067, 719, 704, 1122, 1148, 1150, 1151, 1050, 1103, 1105, 1054, 1181, 1140, 1052, 1175, 1092, 1070, 1170, 1182, 1057, 1159, 1146, 1153, 1102, 1128, 1091, 1098, 1069, 1152, 1183, 1188, 1075, 1078, 1131, 1086, 1106, 1088, 1114, 1111, 1160, 901, 1045, 956, 966, 987, 944, 905, 992, 1043, 920, 964, 1026, 1041, 961, 986, 1038, 981, 978, 946, 957, 1137, 1168, 1101, 1115, 1127, 1136, 1024, 1113, 1030, 1071, 1191, 1095]]","[0.15083142201183364, 0.11484395305160433, 0.743405650020577, 0.126852878020145, 0.15083768300246447, 0.11636558099417016, 0.10084427596302703, 0.09668416500790045, 0.07941288297297433, 0.09092560998396948, 0.06694422103464603, 0.15933500201208517]","[3.682900901942048, 137.95557791902684, 0.41084705700632185, 2.2056169630377553, 0.3329117040266283, 0.12953438400290906, 0.6521060890518129, 0.11263361398596317, 0.22145847999490798, 0.4680925359716639, 0.08137979096500203, 0.1339359990088269]","[""OPTIMAL"", ""OPTIMAL"", ""OPTIMAL"", ""OPTIMAL"", ""OPTIMAL"", ""OPTIMAL"", ""OPTIMAL"", ""OPTIMAL"", ""OPTIMAL"", ""OPTIMAL"", ""OPTIMAL"", ""OPTIMAL""]","[84.0, 120.0, 74.0, 76.0, 50.0, 19.0, 44.0, 27.0, 52.0, 33.0, 27.0, 51.0]","[83.99999999999999, 120.0, 74.0, 76.0, 50.0, 19.0, 44.0, 27.0, 52.0, 33.0, 27.0, 51.0]","[0.19266059302026406, 0.019532752980012447, 0.01835132099222392, 0.017537096980959177, 0.016977959021460265, 0.016481104015838355]","[941, 2112, 3186, 4253, 5264, 6252]",6252.0,"[0.4724925580085255, 0.30496477702399716, 0.24282890401082113, 0.19482252799207345, 0.13872035598615184, 0.08841140795266256]","[0.2720398330129683, 1.9397081600036472, 2.04887148499256, 2.1659371820278466, 2.22270300303353, 2.2187976299901493]","[0.005331151944119483, 0.1695419479510747, 0.1942496330011636, 1.1458330390159972, 1.226984980981797, 1800.1214796419954]",TIME_LIMIT,657.0,657.0,869.0,847.0,0.6904487917146145,1967.8579311630456
62,9,150,6750,750,1,10,970,1800,8.927135527017526,[1.913768608996179],[1800.055596560007],TIME_LIMIT,697.0,682.0,0.0215208034433285,"[6.159297008009162, 6.228646977979224, 6.403384638018906, 6.412747533991933, 6.414782605017535, 6.417324023030233, 6.4192893439903855, 6.4298596769804135, 6.432030601019505, 6.45316597900819, 6.456134857027791, 6.4607308260165155, 8.015667474013753, 8.109972070029471, 8.111283004982397, 8.11251802300103, 9.383828227990307, 9.38995788799366, 9.392004025983624, 11.159457991016097, 11.951079663995188, 11.952394405030645, 11.953583238006104, 15.14759976498317, 20.71608051203657, 20.941524245019536, 21.103361391986255, 21.17389859299874, 21.2942913720035, 21.748625843029004, 22.120616812026128, 22.422327795997262, 37.79230917902896, 37.79381474398542, 39.93937363603618, 43.524443304981105, 54.48405179701513, 58.73889614600921, 61.30914516601479, 61.31077073398046, 72.56617259699851, 75.8917606510222, 100.58969025901752, 248.55259248998482, 322.45757758099353, 380.9376580329845, 1800.0528464550152]","[1006.0, 902.0, 783.0, 780.0, 765.0, 764.0, 762.0, 761.0, 759.0, 758.0, 757.0, 754.0, 744.0, 743.0, 742.0, 741.0, 736.0, 735.0, 732.0, 731.0, 729.0, 728.0, 727.0, 726.0, 724.0, 718.0, 717.0, 715.0, 714.0, 713.0, 712.0, 711.0, 710.0, 709.0, 708.0, 707.0, 706.0, 705.0, 704.0, 703.0, 702.0, 701.0, 700.0, 698.9999998688838, 698.0, 697.0, 697.0]",1801.9693651690031,11,0.8693688321473262,"[0.7432825243202241, 0.9208784933715514, 0.9029372921727237, 0.8894016281601177, 0.8202352280964295, 0.7786104437830925, 0.8186248256071516, 0.6349255975643344, 0.64277675022628, 0.7660244360902255, 0.5191602751414557]","[0.1091307112620161, 0.17899184444486965, 0.24902673199845649, 0.27646566650259935, 0.17186644249446364, 0.17286473107070516, 0.21656737831089948, 0.1301515845732766, 0.13079896164223678, 0.18709075622041094, 0.06748747936714507]","[78.57411210865159, 127.9791687780818, 175.56384605891182, 190.76130988679355, 115.15051647129064, 101.99019133171605, 125.60907942032169, 61.82200267230639, 58.20553793079537, 82.31993273698082, 48.59098514434445]","[1.80625, 1.863888888888889, 1.9, 2.05, 2.1, 1.95, 1.9, 1.9944444444444442, 1.9, 2.6152173913043475, 1.85]",1454.4188555598312,249.18862308749453,2.6152173913043475,0.0369168330499991,0.1713320905698834,2.9804738899692893,1.0559563279966824,"[720, 715, 705, 690, 670, 590, 580, 475, 445, 440, 720]","[[0, 106, 77, 85, 148, 224, 249, 192, 197, 210, 272, 297, 53, 128, 212, 253, 181, 223, 231, 122, 194, 238, 152, 234, 209, 161, 204, 232, 245, 156, 286, 217, 233, 248, 239, 270, 256, 159, 252, 226, 260, 266, 200, 267, 184, 281, 203, 222, 166, 228, 193, 289, 243, 251, 278, 290, 18, 96, 162, 153, 282, 263, 201, 294, 614, 151, 154, 171, 177, 187, 244, 167, 183, 259, 172, 261, 250, 221, 205, 269, 247, 218, 279, 288, 215, 240, 295, 150, 229, 236, 186, 196, 195, 169, 180, 213, 271, 273, 189, 207, 285, 296, 225, 264, 185, 191, 280, 237, 188, 230, 157, 168, 199, 227, 246, 175, 219, 182, 291, 202, 632, 600, 723, 619, 671, 160, 276, 176, 198, 235, 298, 170, 283, 174, 190, 299, 158, 208, 393, 255, 258, 388, 348, 428], [789, 1275, 1264, 1297, 893, 1219, 1293, 1311, 1244, 1349, 1203, 1290, 1302, 1210, 1250, 1248, 1211, 1316, 1284, 1329, 1249, 1331, 1238, 1343, 1224, 1292, 1339, 1253, 1247, 1262, 1236, 1267, 1271, 1310, 1206, 1228, 1252, 1254, 1340, 1233, 1265, 1278, 1299, 1279, 1259, 1216, 1245, 1261, 1246, 1341, 1305, 1332, 1185, 1269, 1288, 1232, 1214, 1322, 1334, 1257, 1333, 1317, 1202, 1266, 1312, 1230, 1240, 1212, 1318, 1225, 1274, 1319, 1338, 1276, 1231, 1258, 1315, 1263, 1345, 1209, 1347, 1226, 1239, 1243, 1207, 1335, 1281, 1200, 1204, 1213, 1314, 1282, 1348, 1337, 1344, 1273, 1306, 1320, 1286, 1218, 1328, 1346, 1255, 1220, 1336, 1287, 1270, 1289, 1285, 1298, 1330, 1237, 1307, 1242, 1205, 1208, 1277, 1215, 1256, 1272, 1234, 1280, 1321, 1327, 1229, 1342, 1291, 1221, 1294, 1227, 1296, 1324, 1222, 1301, 1283, 1309, 1295, 1217, 1300, 1241, 1251, 1323, 1325], [1, 38, 87, 15, 90, 94, 6, 121, 76, 10, 115, 126, 11, 73, 86, 93, 145, 23, 132, 29, 61, 74, 141, 2, 8, 83, 89, 19, 127, 26, 68, 45, 139, 114, 84, 30, 60, 78, 36, 111, 135, 70, 41, 140, 142, 118, 4, 71, 136, 44, 50, 104, 92, 17, 133, 117, 100, 138, 91, 149, 105, 134, 14, 33, 129, 27, 49, 130, 147, 5, 63, 7, 25, 137, 112, 64, 457, 88, 144, 22, 43, 75, 67, 113, 116, 24, 52, 35, 46, 13, 55, 107, 47, 110, 108, 51, 69, 98, 20, 95, 31, 39, 125, 59, 72, 102, 79, 124, 99, 109, 3, 103, 42, 80, 56, 81, 57, 62, 101, 119, 164, 12, 40, 37, 21, 54, 32, 9, 48, 131, 146, 16, 97, 123, 82, 28, 58, 120, 143, 34, 443], [300, 343, 305, 398, 382, 406, 366, 412, 344, 419, 441, 367, 404, 432, 312, 399, 416, 350, 318, 402, 448, 341, 374, 378, 357, 364, 433, 435, 326, 371, 342, 303, 429, 330, 389, 394, 354, 361, 365, 424, 304, 444, 375, 445, 422, 323, 325, 418, 308, 405, 339, 340, 316, 317, 447, 379, 311, 438, 391, 328, 400, 315, 425, 368, 437, 345, 430, 351, 421, 758, 839, 301, 353, 327, 359, 440, 890, 322, 395, 362, 446, 302, 401, 321, 352, 411, 369, 434, 356, 306, 431, 439, 333, 386, 377, 310, 396, 334, 337, 336, 358, 349, 355, 373, 403, 417, 324, 409, 407, 372, 408, 376, 449, 385, 307, 390, 799, 329, 423, 309, 420, 360, 313, 347, 413, 319, 320, 410, 426, 436, 331, 383, 380, 335, 346, 442, 415, 615], [908, 314, 363, 805, 878, 788, 896, 752, 835, 754, 815, 832, 825, 880, 845, 885, 697, 823, 762, 811, 854, 888, 791, 817, 873, 818, 796, 753, 786, 793, 898, 773, 782, 759, 766, 874, 802, 770, 792, 867, 777, 836, 858, 861, 897, 751, 887, 776, 827, 863, 866, 755, 787, 821, 840, 846, 856, 757, 853, 841, 843, 870, 771, 785, 899, 800, 826, 801, 842, 756, 877, 775, 795, 891, 851, 779, 830, 780, 849, 761, 881, 807, 859, 812, 819, 831, 772, 774, 816, 822, 781, 833, 783, 797, 829, 884, 778, 892, 763, 798, 769, 768, 876, 882, 814, 820, 601, 895, 889, 662, 790, 808, 733, 848, 750, 824, 809, 834, 872, 765, 894, 794, 883, 767, 879, 852, 871, 760, 860, 857, 803, 804, 838, 869], [629, 720, 1187, 742, 1065, 1055, 1095, 1064, 1096, 1162, 1115, 1197, 1132, 1146, 1163, 916, 1009, 1022, 1117, 1120, 1057, 1190, 1069, 1083, 1080, 1149, 1063, 1123, 1177, 1101, 1158, 1184, 1050, 1085, 1136, 1061, 1171, 1093, 1103, 1094, 1110, 1113, 1121, 1181, 1060, 1127, 1135, 1070, 1119, 1071, 1087, 1078, 1193, 1052, 1077, 1056, 1172, 1191, 1090, 1154, 1157, 1145, 1182, 1118, 1164, 1067, 1131, 1099, 1102, 1072, 1166, 1104, 1147, 1125, 1192, 1194, 1150, 1114, 1176, 1188, 1053, 1142, 1076, 1084, 1140, 1097, 1180, 1054, 1173, 1107, 1174, 1074, 1082, 1179, 1165, 1168, 1137, 1153, 1161, 1062, 1081, 1092, 1138, 1143, 1159, 1098, 1198, 1124, 1133, 1126, 1139, 1156, 1186, 1106, 1109, 1112, 1169, 1130], [900, 930, 971, 970, 934, 942, 1003, 1011, 1024, 905, 1020, 947, 911, 923, 965, 910, 988, 985, 932, 948, 977, 1002, 951, 995, 1000, 973, 1031, 1038, 1023, 924, 1018, 1035, 958, 1005, 949, 950, 1006, 983, 1012, 961, 980, 1046, 927, 975, 981, 931, 944, 1013, 953, 982, 955, 997, 903, 966, 1016, 915, 1034, 1037, 904, 974, 946, 993, 976, 1008, 1017, 939, 998, 978, 1030, 909, 918, 1026, 941, 926, 972, 960, 967, 902, 962, 912, 913, 991, 1032, 1045, 963, 1021, 1040, 1041, 922, 957, 1004, 929, 936, 1010, 1042, 935, 1044, 1007, 1043, 921, 1029, 979, 1036, 996, 989, 1048, 919, 943, 954, 952, 994, 987, 1047, 1059, 1134, 1086], [450, 569, 589, 570, 571, 595, 593, 508, 487, 495, 536, 533, 456, 540, 528, 541, 461, 474, 553, 556, 543, 506, 521, 537, 499, 510, 531, 545, 575, 585, 568, 590, 1027, 920, 906, 940, 969, 1049, 933, 907, 1019, 1025, 925, 992, 1001, 986, 990, 1015, 452, 530, 458, 517, 673, 491, 497, 494, 526, 459, 599, 466, 465, 498, 473, 501, 959, 968, 1039, 467, 512, 555, 917, 956, 901, 914, 1014, 945, 928, 937, 964, 999, 938, 984, 1028, 469, 482, 479, 539, 527, 547, 711, 480, 484, 488, 500, 513], [165, 716, 675, 624, 604, 618, 681, 704, 603, 610, 631, 685, 741, 623, 695, 732, 672, 886, 690, 680, 712, 611, 625, 646, 748, 654, 627, 659, 626, 649, 689, 220, 644, 728, 726, 721, 636, 663, 700, 735, 744, 727, 602, 730, 608, 645, 738, 605, 622, 641, 612, 638, 718, 607, 739, 745, 667, 642, 687, 647, 736, 643, 658, 706, 722, 676, 749, 692, 696, 724, 617, 837, 764, 806, 868, 813, 850, 621, 630, 862, 628, 670, 694, 710, 719, 729, 634, 684, 660], [65, 481, 462, 559, 524, 464, 546, 454, 455, 514, 566, 538, 503, 520, 572, 518, 552, 563, 564, 577, 505, 451, 511, 582, 591, 475, 594, 477, 548, 558, 453, 562, 596, 554, 579, 578, 490, 597, 523, 496, 588, 468, 567, 519, 463, 560, 565, 592, 485, 583, 515, 542, 584, 550, 598, 486, 507, 489, 492, 549, 504, 516, 493, 535, 587, 580, 573, 576, 502, 581, 529, 574, 561, 460, 525, 509, 534, 551, 470, 478, 586, 522, 471, 532, 476, 472, 544, 557], [606, 666, 702, 708, 637, 651, 686, 737, 688, 698, 740, 683, 746, 616, 652, 655, 678, 731, 640, 665, 691, 717, 1051, 1088, 1111, 648, 709, 1141, 1199, 682, 1152, 1196, 747, 1073, 1129, 1144, 1160, 1170, 664, 1033, 1178, 1105, 1148, 1066, 1122, 1167, 1075, 1175, 1183, 1068, 1108, 1195, 1128, 1155, 1189, 1116, 679, 701, 743, 613, 734, 620, 635, 714, 653, 674, 633, 668, 705, 677, 639, 715, 844, 661, 650, 865, 703, 693, 1151, 155, 265, 173, 241, 277, 292, 179, 206, 211, 242, 284, 216, 257, 274, 262, 163, 338, 427, 392, 397, 332, 384, 414, 370, 381, 387, 669, 699, 707, 1058, 1079, 1089, 1235, 1304, 1091, 1100, 1308, 1313, 784, 828, 864, 847, 875, 855, 810, 1326, 1201, 1260, 1223, 1268, 1303, 66, 293, 178, 214, 254, 287, 657, 268, 656, 275, 483, 713, 609, 725]]","[0.16822725697420537, 0.11562599398894235, 0.14355161000275984, 0.1252222249750048, 0.12991266598692164, 0.7502143200254068, 0.10461075499188155, 0.1004179859883152, 0.09713756002020091, 0.09056261304067448, 0.1770385910058394]","[0.27888653095578775, 4.9079785399953835, 2.1640600690152496, 7.532797347987071, 4.881016265018843, 1.0272340280353092, 1.5230552700231783, 0.08264424197841436, 0.1891920719644986, 0.16658886999357492, 0.08357343199895695]","[""OPTIMAL"", ""OPTIMAL"", ""OPTIMAL"", ""OPTIMAL"", ""OPTIMAL"", ""OPTIMAL"", ""OPTIMAL"", ""OPTIMAL"", ""OPTIMAL"", ""OPTIMAL"", ""OPTIMAL""]","[33.0, 45.0, 83.0, 72.0, 53.0, 65.0, 62.0, 35.0, 27.0, 26.0, 37.0]","[33.0, 45.0, 83.0, 72.0, 53.0, 65.0, 62.0, 35.0, 27.0, 26.0, 37.0]","[0.19015363295329735, 0.01907142298296094, 0.01803387695690617, 0.0170982499839738]","[892, 2040, 3053, 4098]",4098.0,"[0.4608991259592585, 0.30180782300885767, 0.23276337300194427, 0.18961959704756737]","[0.22150025301380083, 1.9208959990064614, 1.379985892039258, 2.1467013210058212]","[0.004476353991776705, 0.15762556000845507, 0.17537392198573798, 1800.0509271100163]",TIME_LIMIT,538.0,538.0,765.0,762.0,8.88888888888889,1836.3629119748948
62,9,150,6750,750,1,10,971,1800,10.052091110032052,[2.3377333660027944],[1800.0552255699877],TIME_LIMIT,786.0,770.0,0.0203562340966921,"[5.296312087972183, 5.29753304796759, 5.298567863996141, 5.299750524980482, 5.300871838000603, 5.301994921988808, 5.30314280296443, 5.30428275896702, 6.325533832015935, 6.338237021991517, 6.340204862004612, 6.35008977499092, 7.0810395120061, 7.082337700005155, 7.083532938966528, 7.0847504360135645, 7.085991903964896, 7.824288531963248, 7.830385288980324, 7.833775881968904, 8.052020747971255, 8.576228121994063, 8.577422061003745, 8.578557216969784, 9.407946777006146, 9.411808973993175, 10.143162422988098, 11.347263316973113, 11.421936087019276, 12.598884771985468, 16.13619909598492, 16.812752438010648, 17.032001479004975, 17.555895519966725, 17.811641623964533, 17.81382661999669, 18.07798662496498, 18.303587091970257, 18.484055957989767, 18.884388931968715, 18.94900973699987, 20.438010781013872, 20.44145506899804, 20.444805037986953, 20.448161444975995, 20.451581517001614, 31.429467157984618, 39.82269727997482, 57.542334600002505, 97.68945629301015, 97.69435813400196, 97.69917684799293, 115.59826797497226, 197.93114149197936, 328.7324007599964, 394.47326602000976, 732.212685972976, 732.2170202879934, 732.2216665250016, 1038.9049541559652, 1422.4536674129777, 1483.765611313982, 1800.0525952479802]","[1167.0, 1077.0, 971.0, 970.0, 926.0, 924.0, 923.0, 917.0, 884.0, 883.0, 866.0, 865.0, 863.0, 862.0, 859.0, 858.0, 857.0, 855.0, 854.0, 853.0, 846.0, 845.0, 844.0, 842.0, 839.0, 838.0, 834.0, 833.0, 830.0, 825.0, 823.0, 822.0, 821.0, 820.0, 819.0, 815.0, 812.0, 811.0, 809.0, 807.0, 806.0, 804.0, 803.0, 800.0, 799.0, 798.0, 797.0, 796.0, 795.0, 795.0, 796.0, 797.0, 794.0, 792.0, 791.0, 790.0, 790.0, 791.0, 792.0, 789.0, 788.0, 786.0, 786.0]",1802.3929589359905,10,0.8789892021884284,"[0.8727361220020009, 0.8966222547249583, 0.9045048467866622, 0.8296159929818032, 0.8412485216595449, 0.8831886291398929, 0.8085305822004463, 0.6931693791708572, 0.6529378280943647, 0.527838069077318]","[0.24519249084535455, 0.20734013114915975, 0.29352323388741375, 0.10963145618557271, 0.16724258484732457, 0.16489050011000256, 0.2901222738329038, 0.21114053720031983, 0.21017766119656878, 0.08895843486029889]","[183.8943681340159, 148.24819377164923, 208.40149606006378, 77.29017661082877, 116.23359646889058, 114.59889757645178, 184.2276438838939, 126.6843223201919, 110.3432721281986, 64.0500730994152]","[1.95, 2.0954545454545452, 1.95, 1.6444444444444444, 1.95, 1.918181818181818, 2.0666666666666664, 1.84375, 1.8764705882352941, 1.931818181818182]",1571.412946726704,237.44090667310437,2.25,0.0351764306182376,0.1511002611805821,2.9842121970141307,1.058078158996068,"[750, 715, 710, 705, 695, 695, 635, 600, 525, 720]","[[583, 1007, 905, 1028, 942, 954, 1002, 948, 964, 1185, 1114, 1132, 1127, 1152, 1157, 901, 930, 1083, 1046, 1090, 1142, 932, 941, 1034, 955, 958, 1020, 1172, 900, 1009, 938, 957, 1038, 1029, 914, 1031, 961, 928, 1022, 915, 926, 919, 1044, 937, 936, 924, 974, 990, 943, 965, 981, 920, 929, 976, 1059, 969, 956, 1035, 982, 1024, 1011, 1049, 904, 910, 988, 993, 1047, 999, 911, 940, 950, 921, 1004, 1179, 902, 985, 1001, 1017, 909, 913, 980, 1015, 939, 962, 907, 991, 968, 935, 978, 923, 947, 1042, 934, 975, 994, 996, 979, 1039, 922, 925, 987, 1032, 984, 998, 931, 945, 983, 997, 1018, 906, 967, 1016, 1045, 966, 908, 949, 1033, 1003, 1030, 1048, 916, 1021, 917, 989, 1005, 1000, 977, 1037, 1043, 918, 933, 1041, 946, 1027, 1012, 953, 971, 1010, 992, 963, 1040, 973, 986, 972, 1006, 1036, 944, 1014, 1008, 1023], [162, 340, 297, 393, 410, 432, 309, 338, 415, 359, 371, 430, 366, 392, 406, 407, 303, 316, 382, 362, 342, 370, 441, 307, 373, 391, 419, 336, 429, 423, 424, 343, 380, 411, 347, 791, 356, 304, 310, 436, 301, 383, 319, 403, 448, 344, 442, 385, 427, 324, 372, 374, 386, 390, 354, 320, 438, 345, 377, 326, 358, 361, 348, 437, 401, 426, 428, 435, 317, 405, 446, 321, 329, 330, 352, 417, 449, 331, 365, 323, 325, 360, 332, 376, 381, 302, 440, 421, 333, 355, 335, 346, 322, 413, 369, 384, 396, 443, 402, 334, 341, 409, 434, 394, 350, 363, 349, 445, 312, 387, 399, 431, 353, 315, 318, 337, 339, 447, 300, 306, 313, 328, 416, 305, 379, 388, 400, 420, 397, 439, 414, 368, 378, 395, 412, 357, 389, 408, 375, 433, 404, 425, 367], [633, 1274, 1238, 1205, 1273, 1259, 1204, 1303, 1223, 1275, 1280, 1283, 1324, 1315, 1329, 1239, 1251, 1292, 1255, 1252, 1316, 1212, 1313, 1231, 1236, 1286, 1241, 1323, 1344, 1216, 1310, 1226, 1229, 1307, 1228, 1282, 1336, 1270, 1244, 1248, 1268, 1209, 1215, 1294, 1210, 1254, 1213, 1227, 1314, 1219, 1225, 1237, 1297, 1300, 1257, 1331, 1339, 1284, 1328, 1263, 1349, 1296, 1340, 1348, 1288, 1298, 1306, 1084, 1220, 1221, 1202, 1214, 1232, 1308, 1233, 1333, 1290, 1122, 1169, 1249, 1211, 1347, 1217, 1334, 1341, 1235, 1269, 1243, 1107, 1208, 1320, 1325, 1200, 1302, 1262, 1337, 1264, 1318, 1346, 1218, 1278, 1287, 1332, 1246, 1342, 1247, 1272, 1201, 1203, 1289, 1317, 1261, 1293, 1311, 1258, 1295, 1265, 1271, 1276, 1322, 1222, 1305, 1230, 1338, 1260, 1285, 1335, 1343, 1206, 1250, 1277, 1224, 1266, 1299, 1207, 1240, 1330, 1345, 1256, 1312, 1234, 1301], [450, 547, 586, 516, 567, 534, 469, 556, 565, 527, 580, 475, 492, 496, 509, 548, 552, 566, 454, 530, 499, 513, 519, 460, 536, 497, 546, 515, 504, 508, 589, 540, 545, 584, 472, 483, 575, 478, 520, 542, 995, 1025, 561, 452, 495, 461, 576, 571, 570, 551, 506, 538, 529, 531, 592, 462, 507, 486, 511, 568, 477, 587, 489, 601, 544, 553, 582, 459, 512, 594, 479, 482, 523, 564, 579, 501, 593, 466, 505, 596, 510, 578, 549, 577, 585, 503, 609, 624, 572, 573, 532, 559, 608, 581, 458, 514, 484, 524, 528, 537, 490, 526, 590, 951, 1019, 970, 465, 481, 539, 518, 470, 498, 560, 959, 960, 451, 521, 588, 563, 491, 487, 554, 525, 599, 463, 473, 569, 574, 535, 562, 952, 558, 591, 912, 927, 598, 464, 485, 903, 1013, 1026], [19, 62, 232, 259, 211, 151, 236, 252, 221, 229, 174, 270, 27, 233, 164, 172, 203, 268, 216, 228, 275, 160, 222, 281, 298, 185, 167, 274, 206, 287, 176, 255, 183, 288, 209, 264, 213, 97, 184, 188, 218, 279, 219, 150, 202, 212, 260, 299, 271, 280, 177, 198, 272, 168, 189, 197, 180, 284, 204, 267, 159, 214, 250, 169, 295, 207, 186, 191, 230, 266, 247, 257, 192, 215, 238, 193, 208, 293, 157, 289, 187, 234, 254, 201, 249, 276, 154, 181, 286, 190, 220, 251, 205, 296, 156, 166, 243, 200, 308, 364, 294, 155, 170, 199, 444, 223, 314, 217, 245, 292, 237, 269, 290, 163, 282, 224, 278, 195, 277, 241, 398, 253, 256, 273, 153, 158, 240, 225, 165, 265, 171, 178, 231, 261, 182, 239, 210, 248, 283], [0, 42, 56, 85, 13, 76, 83, 22, 142, 47, 61, 74, 91, 116, 9, 82, 113, 35, 93, 72, 106, 117, 136, 23, 2, 71, 11, 12, 73, 24, 57, 28, 101, 110, 38, 112, 149, 135, 80, 122, 103, 31, 79, 63, 102, 46, 66, 50, 1, 129, 146, 41, 90, 3, 18, 75, 32, 43, 123, 96, 141, 8, 109, 26, 33, 99, 87, 88, 94, 17, 133, 77, 36, 64, 140, 4, 125, 44, 92, 20, 128, 45, 111, 49, 60, 143, 114, 6, 138, 59, 139, 25, 95, 37, 58, 55, 124, 134, 137, 70, 89, 104, 5, 119, 40, 121, 16, 78, 10, 144, 14, 100, 15, 34, 84, 21, 118, 54, 148, 51, 53, 108, 29, 39, 65, 48, 67, 145, 81, 107, 7, 68, 86, 115, 127, 131, 152, 246, 242], [735, 1092, 1267, 1128, 1095, 1102, 1151, 1053, 1131, 1162, 1073, 1088, 1190, 1093, 1166, 1106, 1187, 1150, 1198, 1173, 1105, 1189, 1055, 1120, 1117, 1100, 1125, 1154, 1188, 1064, 1112, 1183, 1074, 1065, 1141, 1086, 1138, 1068, 1147, 1146, 1164, 1167, 1071, 1171, 1082, 1143, 1180, 1051, 1089, 1193, 1197, 1080, 1139, 1121, 1097, 1144, 1085, 1113, 1116, 1133, 1184, 1058, 1111, 1145, 1242, 1079, 1072, 1191, 1110, 1076, 1129, 1149, 1050, 1136, 1192, 1067, 1196, 1153, 1181, 1052, 1061, 1118, 1057, 1195, 1177, 1060, 1186, 1160, 1168, 1137, 1165, 1176, 1063, 1081, 1096, 1104, 1109, 1126, 1075, 1094, 1161, 1103, 1124, 1159, 1175, 1062, 1115, 1163, 1123, 1155, 1077, 1078, 1134, 1182, 1066, 1119, 1140, 1069, 1130, 1054, 1199, 1156, 1091, 1194, 1135, 1178, 1108], [130, 227, 676, 738, 471, 702, 480, 517, 679, 694, 741, 606, 675, 716, 749, 615, 661, 728, 494, 522, 595, 745, 689, 714, 722, 631, 663, 674, 740, 654, 734, 632, 730, 720, 656, 707, 744, 602, 646, 657, 660, 695, 672, 696, 723, 739, 642, 697, 682, 665, 671, 736, 742, 699, 678, 708, 727, 604, 644, 613, 650, 737, 628, 687, 717, 658, 629, 684, 686, 731, 725, 605, 614, 619, 760, 786, 607, 641, 721, 635, 732, 647, 652, 681, 794, 693, 700, 711, 161, 285, 194, 244, 235, 173, 226, 262, 263, 291, 258, 651, 664, 746, 612, 640, 620, 638, 719, 691, 701, 669, 616, 747, 712, 625, 692, 649, 726, 655, 703, 690], [175, 812, 179, 327, 196, 790, 351, 418, 832, 862, 422, 763, 829, 610, 724, 618, 673, 848, 899, 787, 856, 752, 819, 835, 758, 766, 781, 801, 874, 890, 754, 799, 855, 756, 759, 872, 777, 853, 757, 879, 762, 877, 813, 784, 820, 789, 802, 803, 894, 811, 842, 793, 849, 870, 898, 765, 788, 859, 772, 770, 831, 867, 810, 886, 666, 860, 768, 878, 818, 873, 876, 792, 825, 817, 823, 836, 847, 869, 779, 875, 843, 881, 1326, 1327, 1245, 1253, 764, 783, 775, 815, 821, 895, 797, 866, 888, 833, 782, 865, 814, 840, 822, 864, 828, 861, 887], [311, 851, 882, 850, 896, 826, 858, 761, 767, 880, 827, 807, 834, 885, 750, 889, 805, 839, 774, 808, 857, 751, 893, 755, 771, 780, 800, 871, 846, 1281, 1304, 863, 753, 785, 841, 892, 816, 891, 773, 824, 798, 854, 837, 778, 795, 806, 883, 868, 809, 884, 769, 852, 838, 776, 804, 796, 844, 830, 897, 1279, 845, 1291, 1319, 1309, 1321, 600, 621, 1148, 627, 1170, 626, 706, 648, 603, 634, 718, 637, 622, 643, 729, 704, 662, 668, 733, 617, 630, 709, 743, 623, 670, 713, 636, 611, 653, 683, 715, 659, 710, 688, 1174, 1056, 698, 1098, 1087, 1101, 1099, 1158, 639, 705, 680, 645, 667, 1070, 677, 685, 30, 52, 98, 132, 467, 147, 555, 468, 69, 126, 105, 543, 120, 748, 456, 474, 550, 493, 533, 597, 541, 453, 488, 457, 557, 455, 476, 500, 502]]","[0.15428689698455855, 0.12616970803355798, 0.1163253840059042, 0.15007827599765733, 0.13926177698886022, 0.7696010899962857, 0.12680688203545287, 0.12935010803630576, 0.1136038500117138, 0.178505813004449]","[3.435028411971871, 3.4605734259821475, 3.8363261169870384, 0.5257429530029185, 0.6081519779982045, 1.7152448830311187, 0.2922000789549202, 1.3642392960027792, 0.3064105540397577, 0.10205722297541797]","[""OPTIMAL"", ""OPTIMAL"", ""OPTIMAL"", ""OPTIMAL"", ""OPTIMAL"", ""OPTIMAL"", ""OPTIMAL"", ""OPTIMAL"", ""OPTIMAL"", ""OPTIMAL""]","[95.0, 67.0, 96.0, 64.0, 52.0, 77.0, 63.0, 39.0, 59.0, 41.0]","[95.0, 67.0, 96.0, 64.0, 52.0, 77.0, 63.0, 39.0, 59.0, 41.0]","[0.18664811697090045, 0.02010216796770692, 0.018772259005345404]","[752, 1953, 3018]",3018.0,"[0.3860144260106608, 0.3211954479920678, 0.2470532790175639]","[0.21830835501896217, 1.8993021990172565, 1.3935045060352422]","[0.004468700964935124, 0.1449999450123869, 66.74147820699727]",OPTIMAL,653.0,653.0,924.0,924.0,14.935064935064934,93.27410267206142
62,9,150,6750,750,1,10,972,1800,9.45292001904454,[1.9241058570332825],[1800.0561870679958],TIME_LIMIT,825.0,813.0,0.0145454545454545,"[6.366729700006545, 7.18479515099898, 7.571989268006291, 7.5732456860132515, 8.606034490978345, 8.609562551020645, 8.613055269990582, 8.616495824011508, 8.619859382975847, 8.623237773019355, 8.62661257799482, 8.629942726984154, 8.633328163006809, 8.636737441993318, 9.18243397702463, 9.416226133005694, 9.420167631004006, 10.89921395998681, 10.944899401976727, 10.979802769026719, 10.982266339007765, 11.02764482802013, 12.945348498004023, 12.959908756020013, 12.961941674991976, 12.976361688983161, 13.586430191004183, 13.590749720984604, 17.415295781975146, 19.88067901902832, 20.22326861799229, 21.161545266979374, 21.48016610497143, 22.858200190996286, 23.04426470398903, 23.20618038199609, 23.60086699097883, 43.625478796020616, 45.82870263402583, 48.90343252097955, 63.911659501027316, 76.48451672401279, 76.48620240297168, 87.15248010098003, 87.63084326701937, 97.14616463001585, 97.15122617897578, 97.15632034197915, 112.9553729390027, 704.2413240519818, 1466.5101162560168, 1800.053142208024]","[3815.0, 3734.0, 1215.0, 1102.0, 1089.0, 1081.0, 909.0, 903.0, 901.0, 898.0, 896.0, 892.0, 891.0, 889.0, 887.0, 873.0, 871.0, 870.0, 869.0, 860.0, 857.0, 856.0, 855.0, 854.0, 852.0, 851.0, 850.0, 849.0, 847.0, 846.0, 845.0, 844.0, 843.0, 841.0, 840.0, 838.0, 837.0, 836.0, 835.0, 834.0, 833.0, 832.0, 831.0, 830.0, 828.0, 828.0, 830.0, 831.0, 827.0, 826.0, 825.0, 825.0]",1801.980292925029,12,0.8521669598592676,"[0.8741810723383828, 0.858445577529547, 0.7528346284014059, 0.8756680066209506, 0.8395981670778991, 0.8562847608453837, 0.8045071465688705, 0.6136190536638, 0.7142871294975431, 0.5711730496996595, 0.49062960790220544, 0.49731059275076356]","[0.17508523190066294, 0.20356527589607087, 0.1710192906716971, 0.34952374066091607, 0.13354045642542764, 0.34658612529907507, 0.22459228153605265, 0.13832161759557365, 0.20700757575757572, 0.03903397406686881, 0.11969712622412056, 0.09462187284777598]","[130.4384977659939, 136.38873485036748, 112.87273184332008, 227.19043142959546, 85.46589211227369, 211.41753643243578, 132.50944610627107, 56.7118632141852, 80.73295454545453, 14.832910145410146, 43.689451071804, 60.557998622576626]","[2.530808080808081, 1.95, 2.0, 2.1, 1.992857142857143, 2.0, 2.5, 1.65, 2.075, 1.3491071428571428, 2.05, 1.6710997442455244]",1591.2932355083578,288.6721081467838,2.530808080808081,0.0427662382439679,0.1814072363943548,2.9794559609727003,1.0527890470111745,"[745, 670, 660, 650, 640, 610, 590, 410, 390, 380, 365, 640]","[[0, 67, 8, 50, 85, 129, 18, 149, 36, 81, 3, 101, 100, 11, 65, 71, 9, 12, 33, 118, 14, 201, 254, 267, 20, 49, 93, 83, 60, 79, 266, 130, 22, 45, 132, 120, 40, 41, 114, 61, 113, 76, 105, 94, 112, 144, 26, 38, 4, 57, 44, 75, 16, 77, 111, 135, 42, 96, 98, 5, 108, 54, 59, 15, 53, 17, 82, 55, 39, 109, 147, 461, 541, 56, 1, 25, 148, 2, 13, 119, 34, 10, 24, 21, 28, 99, 86, 68, 146, 143, 19, 89, 84, 58, 127, 122, 136, 95, 131, 7, 29, 52, 47, 117, 78, 141, 103, 63, 104, 134, 145, 133, 46, 123, 121, 126, 115, 476, 128, 559, 6, 32, 110, 48, 87, 139, 35, 125, 37, 74, 91, 30, 97, 51, 92, 72, 107, 23, 64, 140, 124, 31, 88, 62, 106, 142, 73, 102, 80], [697, 715, 1159, 1118, 1147, 1143, 1193, 1050, 1076, 1090, 1056, 1132, 1102, 1058, 1136, 1059, 1160, 1188, 1069, 1130, 1339, 1225, 1068, 1113, 1142, 1181, 1196, 1082, 1109, 1055, 1105, 1162, 1066, 1071, 1091, 1161, 1089, 1111, 1150, 1112, 1139, 1077, 1126, 1163, 1186, 1098, 1155, 1173, 1115, 1152, 1144, 1183, 1146, 1151, 1156, 1052, 1166, 1176, 1174, 1190, 1103, 1194, 1157, 1084, 1131, 1191, 1067, 1101, 1169, 1122, 1080, 1195, 1199, 1075, 1148, 1104, 1141, 1177, 1172, 1051, 1128, 1135, 1119, 1133, 1073, 1078, 1167, 1096, 1099, 1060, 1153, 1063, 1117, 1149, 1168, 1198, 1175, 1179, 1088, 1116, 1121, 1120, 1140, 1137, 1053, 1145, 1064, 1065, 1074, 1184, 1070, 1072, 1138, 1165, 1086, 1061, 1114, 1197, 1178, 1079, 1171, 1107, 1192, 1123, 1158, 1106, 1110, 1093, 1180, 1154, 1189, 1125, 1182, 1185], [137, 181, 597, 606, 604, 641, 686, 611, 658, 629, 638, 683, 749, 692, 702, 745, 661, 665, 656, 701, 602, 688, 744, 610, 154, 258, 294, 664, 736, 607, 703, 712, 635, 743, 643, 662, 654, 741, 693, 700, 625, 653, 647, 627, 722, 663, 600, 637, 615, 623, 675, 694, 705, 624, 657, 632, 613, 673, 714, 717, 640, 718, 644, 690, 721, 708, 740, 674, 696, 668, 748, 687, 723, 870, 728, 669, 470, 685, 631, 589, 650, 689, 619, 645, 713, 633, 682, 639, 719, 698, 742, 601, 649, 660, 706, 730, 1170, 666, 711, 729, 676, 618, 699, 648, 681, 651, 671, 737, 739, 608, 746, 655, 614, 670, 720, 672, 710, 704, 716, 680, 738, 628, 659, 695, 667, 725, 747, 622, 646, 677, 724, 1057], [300, 369, 418, 447, 304, 386, 449, 351, 362, 312, 406, 373, 327, 379, 329, 417, 364, 384, 338, 433, 381, 408, 413, 416, 428, 359, 425, 310, 370, 389, 396, 333, 317, 367, 332, 392, 383, 347, 393, 368, 412, 420, 311, 336, 376, 394, 303, 325, 324, 330, 339, 378, 340, 344, 446, 434, 361, 301, 319, 335, 390, 443, 372, 422, 430, 315, 322, 357, 377, 440, 445, 341, 432, 350, 353, 429, 309, 410, 400, 411, 320, 323, 385, 302, 306, 316, 321, 366, 403, 334, 365, 409, 308, 382, 358, 444, 399, 421, 439, 414, 328, 352, 402, 436, 313, 355, 407, 318, 360, 346, 375, 442, 388, 349, 342, 363, 374, 380, 427, 345, 354, 761, 798, 890, 774, 401, 424, 816, 822, 846], [27, 462, 516, 483, 526, 554, 473, 489, 545, 594, 450, 528, 507, 595, 499, 565, 523, 734, 612, 579, 481, 566, 599, 494, 452, 504, 498, 471, 535, 544, 558, 464, 567, 529, 587, 488, 560, 581, 497, 546, 538, 456, 586, 474, 484, 514, 532, 536, 548, 458, 518, 511, 585, 467, 506, 491, 512, 534, 482, 519, 590, 539, 553, 510, 524, 557, 576, 457, 543, 552, 480, 574, 463, 477, 475, 531, 588, 598, 527, 561, 577, 583, 530, 547, 582, 572, 573, 521, 503, 505, 520, 571, 556, 563, 451, 487, 465, 472, 517, 500, 509, 453, 578, 522, 575, 592, 454, 466, 584, 542, 551, 459, 525, 562, 593, 478, 479, 490, 515, 550, 564, 496, 502, 540, 570, 455, 469, 508], [900, 1013, 925, 973, 1017, 909, 1041, 935, 963, 993, 1045, 905, 1027, 943, 1007, 901, 933, 971, 955, 1039, 915, 966, 1003, 948, 949, 1004, 1016, 902, 944, 997, 923, 908, 940, 947, 1010, 991, 1006, 919, 934, 1011, 938, 1020, 977, 1034, 996, 1030, 1024, 1015, 1042, 959, 1049, 979, 907, 1001, 911, 965, 988, 1008, 922, 998, 1035, 1032, 974, 1025, 975, 924, 928, 978, 960, 964, 1046, 906, 1036, 946, 1029, 926, 1009, 1002, 982, 1022, 936, 945, 1037, 1038, 1018, 980, 970, 984, 994, 1014, 937, 939, 1023, 961, 969, 983, 1047, 1012, 912, 976, 953, 986, 968, 985, 914, 942, 1021, 952, 932, 962, 1031, 921, 972, 981, 1026, 992, 1044, 910, 956, 1028, 995, 1040], [1087, 1323, 1284, 1302, 1227, 1216, 1296, 1231, 1299, 1249, 1293, 1347, 1344, 1271, 1321, 1298, 1315, 1202, 1319, 1308, 1222, 1247, 1292, 1205, 1343, 1220, 1283, 1204, 1303, 1266, 1335, 1334, 1209, 1218, 1211, 1237, 1288, 1300, 1219, 1316, 1329, 1230, 1273, 1314, 1268, 1276, 1336, 1349, 1215, 1333, 1346, 1236, 1272, 1244, 1285, 1238, 1259, 1261, 1269, 1286, 1341, 1307, 1226, 1242, 1338, 1262, 1337, 1243, 1313, 1326, 1348, 1250, 1258, 1251, 1320, 1280, 1290, 1200, 1208, 1328, 1281, 1325, 1342, 1212, 1331, 1246, 1254, 1267, 1260, 1270, 1327, 1210, 1257, 1239, 1256, 1275, 1294, 1345, 1264, 1310, 1228, 1301, 1318, 1252, 1332, 1263, 1279, 1206, 1207, 1241, 1234, 1277, 1291, 1217, 1224, 1305, 1311, 1232], [66, 287, 116, 211, 175, 237, 296, 207, 150, 298, 188, 251, 241, 256, 265, 185, 209, 249, 187, 232, 244, 170, 205, 227, 219, 215, 285, 250, 159, 165, 203, 166, 223, 233, 282, 155, 255, 252, 274, 257, 273, 158, 226, 271, 151, 260, 243, 204, 268, 269, 163, 290, 220, 156, 214, 178, 199, 197, 177, 263, 262, 278, 208, 230, 279, 236, 183, 153, 164, 192, 168, 213, 235, 176, 198, 202, 193, 275, 179, 284, 289, 281], [750, 779, 880, 776, 810, 876, 864, 821, 879, 793, 832, 896, 852, 872, 858, 891, 784, 850, 788, 819, 848, 756, 838, 853, 889, 795, 811, 808, 829, 812, 803, 851, 867, 751, 778, 877, 817, 768, 874, 757, 861, 794, 818, 789, 835, 815, 781, 878, 859, 791, 854, 802, 886, 775, 871, 787, 813, 883, 820, 881, 894, 860, 828, 869, 884, 766, 842, 786, 839, 875, 873, 769, 844, 887, 826, 830, 847, 868], [326, 752, 882, 765, 753, 797, 843, 764, 783, 849, 856, 755, 831, 806, 809, 777, 760, 833, 814, 840, 397, 893, 398, 771, 404, 799, 898, 827, 895, 899, 754, 767, 773, 807, 800, 652, 679, 678, 841, 834, 603, 616, 605, 726, 1201, 735, 759, 888, 796, 823, 862, 855, 866, 636, 780, 763, 857, 782, 837, 785, 824, 836, 885, 804, 897, 772, 892, 801, 691, 733, 865, 770, 790, 825, 758, 863], [152, 231, 184, 224, 195, 228, 286, 157, 229, 171, 167, 293, 212, 216, 280, 217, 225, 248, 182, 222, 200, 247, 297, 264, 160, 239, 261, 206, 277, 307, 162, 245, 259, 238, 299, 253, 173, 288, 276, 190, 196, 180, 621, 221, 732, 291, 210, 240, 423, 295, 242, 272, 169, 191, 246, 617, 609, 634, 709, 727, 172, 283, 234, 292, 218, 186, 189, 194, 642, 626, 630, 684, 731], [468, 930, 987, 941, 989, 958, 917, 950, 954, 569, 1048, 591, 927, 1005, 957, 990, 555, 904, 929, 913, 903, 951, 1043, 916, 1033, 513, 568, 596, 580, 492, 493, 495, 931, 537, 549, 762, 792, 1306, 1312, 845, 1322, 1317, 1324, 805, 1274, 1221, 1223, 1278, 1330, 1229, 1304, 1248, 1295, 1213, 1255, 1214, 1309, 1235, 1253, 1297, 1282, 1287, 1203, 1265, 1240, 1245, 1340, 1233, 1289, 460, 485, 620, 707, 920, 999, 1100, 486, 533, 501, 918, 1019, 1094, 1129, 1164, 1092, 967, 1187, 1000, 1054, 1097, 1081, 1085, 1095, 1127, 1062, 1083, 1134, 1108, 1124, 161, 270, 174, 387, 337, 431, 438, 426, 395, 441, 415, 314, 356, 435, 343, 437, 348, 405, 305, 331, 419, 371, 448, 391, 43, 69, 70, 138, 90]]","[0.16536435100715607, 0.12116831401363015, 0.15654532797634602, 0.7366960979998112, 0.13236151804449037, 0.11073922098148614, 0.10085665999213234, 0.08374201896367595, 0.06847175996517763, 0.08731878199614584, 0.08633562101749703, 0.15758126799482852]","[0.6713408890063874, 0.9895763160311617, 0.23706796497572213, 5.24940405995585, 0.3104718120303005, 2.6697241790243424, 0.7779290950275026, 0.2698569860076532, 0.10391580499708652, 0.03718109201872721, 0.08819994598161429, 0.06170995399588719]","[""OPTIMAL"", ""OPTIMAL"", ""OPTIMAL"", ""OPTIMAL"", ""OPTIMAL"", ""OPTIMAL"", ""OPTIMAL"", ""OPTIMAL"", ""OPTIMAL"", ""OPTIMAL"", ""OPTIMAL"", ""OPTIMAL""]","[75.0, 47.0, 37.0, 136.0, 62.0, 82.0, 82.0, 39.0, 36.0, 5.0, 17.0, 29.0]","[75.0, 47.0, 37.0, 136.0, 62.0, 82.0, 82.0, 39.0, 36.0, 5.0, 17.0, 29.0]","[0.19872558704810217, 0.019784813979640603, 0.01855503098340705, 0.017877205042168498, 0.017918823985382915, 0.017538061016239226]","[954, 2100, 3187, 4245, 5285, 6327]",6327.0,"[0.4626084240153432, 0.3078646110370755, 0.2579552730312571, 0.1986446960363537, 0.1458340099779889, 0.09297488798620179]","[0.25648834405001253, 1.9468388559762388, 2.059155242983252, 2.1920349539723247, 2.228447051020339, 1.5519815600127913]","[0.0057049140450544655, 0.17309211596148089, 0.1956029160064645, 1.1376315989764407, 1.6755170350079425, 1800.0448438100284]",TIME_LIMIT,647.0,647.0,827.0,815.0,0.2418379685610641,1832.7294238691684
41,2,150,1500,750,2,10,415,1800,4.918847922934219,[0.3970166239887476],[41.249394092010334],OPTIMAL,168.0,168.0,0.0,"[0.5910773321520537, 0.591333941090852, 0.591550552053377, 0.591781206196174, 0.5920643222052604, 0.5923444160725921, 0.5926994690671563, 0.5929737931583077, 0.7242964091710746, 0.7270212341099977, 0.7278240281157196, 0.7308975299820304, 0.7350428821519017, 0.7432745601981878, 0.7436922760680318, 1.146040091989562, 1.3103593119885772, 3.5811096080578864, 10.676158206071705, 10.677485385211185, 10.678798982175067]","[219.0, 201.0, 199.0, 185.0, 184.0, 182.0, 180.0, 179.0, 178.0, 177.0, 176.0, 175.0, 173.0, 172.0, 171.0, 170.0, 169.0, 168.0, 168.0, 169.0, 170.0]",41.64641071599908,3,0.8132949157301578,"[0.6586224665063553, 0.8107709969420203, 0.6209402476224655]","[0.12328380198955416, 0.13717253951235642, 0.14275437430915613]","[69.6553481240981, 68.58626975617821, 62.098152824482916]","[1.709090909090909, 1.75, 1.85625]",338.70183031006303,26.502208317997656,2.3,0.0176681388786651,0.0782464278201806,0.7201028680428863,0.2217927209567278,"[565, 500, 435]","[[3, 7, 16, 146, 48, 127, 89, 123, 15, 33, 71, 67, 85, 20, 30, 5, 86, 133, 87, 72, 26, 101, 76, 78, 142, 100, 36, 37, 144, 125, 6, 149, 52, 126, 39, 41, 44, 98, 130, 73, 74, 88, 115, 43, 134, 105, 128, 10, 65, 35, 47, 124, 79, 104, 17, 102, 38, 46, 114, 45, 59, 81, 61, 68, 70, 90, 21, 83, 34, 51, 8, 31, 60, 241, 9, 106, 108, 238, 269, 40, 96, 50, 93, 137, 140, 119, 147, 91, 131, 19, 169, 75, 77, 174, 193, 120, 255, 150, 228, 265, 274, 295, 22, 99, 156, 200, 276, 58, 84, 190, 271, 261, 257], [151, 249, 177, 209, 180, 286, 291, 168, 293, 278, 152, 280, 213, 245, 199, 298, 226, 157, 207, 236, 161, 288, 158, 253, 176, 178, 247, 259, 164, 183, 273, 285, 170, 240, 154, 212, 248, 242, 159, 284, 185, 296, 204, 162, 202, 229, 155, 201, 211, 277, 224, 287, 290, 181, 232, 187, 256, 191, 231, 267, 160, 217, 189, 167, 219, 215, 223, 243, 225, 254, 165, 172, 218, 171, 205, 220, 182, 244, 214, 194, 235, 206, 268, 297, 281, 163, 227, 270, 299, 166, 203, 195, 186, 208, 266, 289, 188, 197, 192, 272], [0, 118, 53, 69, 2, 107, 54, 121, 132, 143, 1, 80, 18, 27, 113, 23, 57, 116, 12, 63, 95, 97, 138, 4, 49, 14, 28, 139, 64, 141, 109, 11, 55, 62, 24, 32, 82, 29, 136, 148, 173, 42, 145, 94, 210, 103, 122, 129, 135, 13, 263, 56, 92, 112, 250, 258, 117, 294, 222, 283, 25, 175, 275, 260, 292, 179, 230, 246, 262, 66, 110, 184, 234, 196, 251, 239, 252, 279, 111, 282, 153, 198, 221, 216, 237, 233, 264]]","[0.23544621793553233, 0.09475576295517385, 0.08921002200804651]","[0.3595527959987521, 0.12383878114633262, 0.13920607417821884]","[""OPTIMAL"", ""OPTIMAL"", ""OPTIMAL""]","[47.0, 39.0, 23.0]","[47.0, 39.0, 23.0]","[0.15759370499290526, 0.0034409048967063427, 0.003652920015156269, 0.003624678123742342, 0.0035324220079928637]","[247, 476, 694, 916, 1128]",1128.0,"[0.10999783710576594, 0.05711209890432656, 0.046145124128088355, 0.037514582043513656, 0.0268431908916682]","[0.06123375194147229, 0.27547826105728745, 0.4190812590532005, 0.44097522203810513, 0.44086404307745397]","[0.0014712188858538866, 0.06602413184009492, 0.14360667997971177, 0.18890282907523215, 1.2276097419671714]",OPTIMAL,109.0,109.0,175.0,175.0,4.0,5.69860984524712
41,2,150,1500,750,2,10,416,1800,4.435060457093641,[0.4418269379530102],[373.70748586487025],OPTIMAL,153.0,153.0,0.0,"[0.45685317693278193, 0.47004597494378686, 0.48229946196079254, 0.48293267702683806, 0.4837625939399004, 0.833151516970247, 0.8375294478610158, 1.4639738118276, 2.8481038499157876, 2.84883305686526, 9.268256305949762, 9.269446428865194, 9.27062082896009, 90.30576463090256, 90.30694143404253, 90.30812475294806, 373.70642539905384]","[200.0, 180.0, 176.0, 159.0, 158.0, 157.0, 156.0, 155.0, 154.0, 153.0, 153.0, 154.0, 155.0, 153.0, 154.0, 155.0, 153.0]",374.14931280282326,3,0.8683877815411991,"[0.8565050980194336, 0.7926724536578277, 0.42549019607843136]","[0.18386757094017944, 0.14209093432125222, 0.04168331668331668]","[125.94928609402291, 88.09637927917638, 8.128246753246753]","[1.825, 2.022222222222222, 1.3]",216.39064601446395,11.049773755656048,1.9,0.007366515837104,0.0510640083530523,0.7225152580067515,0.2114025128539651,"[685, 620, 195]","[[0, 120, 71, 101, 111, 8, 76, 11, 44, 125, 103, 18, 97, 63, 88, 126, 40, 141, 129, 56, 135, 119, 116, 1, 14, 148, 20, 239, 285, 81, 23, 286, 146, 57, 131, 110, 15, 77, 113, 9, 291, 117, 46, 75, 47, 10, 37, 38, 31, 41, 80, 102, 45, 144, 21, 191, 137, 134, 123, 26, 133, 60, 90, 53, 100, 65, 85, 136, 54, 55, 95, 4, 12, 99, 42, 59, 64, 61, 138, 5, 84, 94, 109, 142, 6, 124, 36, 73, 127, 74, 92, 112, 7, 104, 70, 17, 78, 27, 115, 86, 50, 66, 106, 68, 132, 33, 51, 69, 49, 147, 93, 62, 98, 35, 72, 87, 13, 22, 82, 130, 30, 67, 89, 29, 143, 118, 140, 105, 107, 128, 139, 58, 28, 39, 91, 108, 199], [2, 275, 121, 168, 274, 295, 34, 258, 43, 163, 170, 214, 16, 207, 259, 279, 114, 149, 230, 194, 266, 186, 264, 268, 222, 248, 19, 96, 281, 145, 52, 79, 153, 160, 155, 252, 122, 287, 223, 165, 226, 263, 192, 288, 254, 269, 166, 180, 200, 198, 247, 193, 229, 282, 190, 241, 284, 250, 296, 272, 292, 161, 208, 178, 201, 289, 257, 179, 220, 280, 169, 209, 294, 265, 176, 240, 231, 151, 271, 164, 195, 203, 283, 253, 238, 157, 242, 188, 167, 184, 227, 216, 270, 243, 293, 262, 297, 162, 174, 183, 212, 177, 228, 261, 205, 225, 211, 215, 232, 213, 244, 249, 189, 233, 298, 202, 204, 278, 299, 234, 246, 255, 235, 224], [3, 24, 25, 32, 217, 260, 175, 290, 83, 173, 156, 158, 273, 181, 236, 159, 206, 267, 172, 187, 219, 237, 197, 221, 48, 276, 182, 196, 154, 210, 185, 277, 218, 150, 171, 256, 152, 251, 245]]","[0.1288854929152876, 0.3034682220313698, 0.04018174600787461]","[0.4619328719563782, 0.1995420961175114, 0.023327426053583622]","[""OPTIMAL"", ""OPTIMAL"", ""OPTIMAL""]","[57.0, 49.0, 9.0]","[57.0, 49.0, 9.0]","[0.03499227180145681, 0.0036043389700353146, 0.003799427067860961, 0.0037129768170416355]","[189, 426, 650, 875]",875.0,"[0.09087761794216931, 0.05486104008741677, 0.04558961698785424, 0.03614851785823703]","[0.04036684986203909, 0.25112480903044343, 0.4435939849354327, 0.472187238978222]","[0.0009968779049813747, 0.027816816000267863, 0.031441557919606566, 5.2751371308695525]",OPTIMAL,115.0,115.0,172.0,172.0,11.046511627906977,8.90750669897534
41,2,150,1500,750,2,10,417,1800,5.413438231917098,[0.2989635041449219],[58.08249578718096],OPTIMAL,193.0,193.0,0.0,"[0.5875424719415605, 0.6017260910011828, 0.6154221929609776, 0.6174845399800688, 0.6179435891099274, 0.6186980979982764, 0.6196008541155607, 0.625083131948486, 0.6259383971337229, 0.9972042229492217, 0.9982546060346067, 0.9998516589403152, 1.3382837909739465, 1.4333613531198353, 1.4341732189059258, 1.654933487996459, 2.685714199906215, 2.968540982110426, 2.9691791359800845, 3.106771684018895, 3.1400847469922155, 7.453197993105277, 11.028200912987813, 15.462712614098564, 15.463769464986399]","[311.0, 272.0, 264.0, 262.0, 229.0, 221.0, 219.0, 217.0, 215.0, 212.0, 210.0, 206.0, 205.0, 204.0, 203.0, 202.0, 201.0, 199.0, 197.0, 196.0, 195.0, 194.0, 193.0, 197.0, 195.0]",58.38145929132588,3,0.8200761679732373,"[0.8029343326154361, 0.7060396637495567, 0.5296833718110066]","[0.2533831434442726, 0.11719722803482394, 0.1797718720178613]","[179.90203184543353, 53.91072489601901, 59.32471776589423]","[2.0, 1.75, 2.0]",257.7257727895262,21.853174603174523,2.05,0.014568783068783,0.0847923526101376,0.7309647570364177,0.2140621209982782,"[710, 460, 330]","[[1, 101, 14, 39, 15, 43, 131, 25, 100, 27, 50, 144, 3, 4, 10, 9, 93, 124, 95, 28, 85, 32, 41, 83, 148, 40, 20, 42, 33, 67, 29, 63, 52, 105, 23, 64, 24, 34, 143, 106, 57, 96, 128, 121, 30, 54, 89, 99, 22, 135, 73, 62, 90, 87, 140, 60, 137, 69, 79, 118, 36, 149, 107, 68, 84, 46, 119, 285, 56, 81, 139, 98, 2, 70, 130, 45, 49, 71, 82, 103, 17, 19, 94, 127, 141, 77, 147, 16, 65, 146, 102, 129, 61, 126, 91, 110, 92, 75, 86, 97, 115, 125, 134, 5, 113, 123, 51, 55, 53, 74, 8, 11, 18, 12, 13, 138, 58, 44, 242, 108, 145, 80, 196, 171, 225, 114, 132, 104, 245, 120, 182, 221, 38, 116, 72, 142, 78, 133, 112, 264, 226, 236], [152, 259, 293, 177, 296, 290, 164, 254, 240, 281, 248, 253, 261, 170, 286, 176, 218, 297, 215, 289, 217, 267, 230, 263, 169, 174, 279, 229, 246, 292, 291, 153, 166, 223, 234, 262, 224, 299, 156, 187, 202, 251, 157, 210, 193, 213, 158, 238, 160, 220, 258, 277, 162, 241, 231, 270, 284, 159, 181, 216, 252, 163, 172, 249, 185, 227, 295, 197, 212, 274, 175, 222, 199, 203, 294, 266, 178, 228, 260, 287, 183, 288, 275, 235, 195, 271, 233, 268, 256, 269, 298, 194], [0, 191, 31, 47, 59, 109, 122, 186, 244, 265, 188, 155, 255, 6, 201, 88, 173, 150, 239, 180, 189, 257, 136, 184, 151, 209, 165, 214, 26, 48, 66, 117, 76, 7, 237, 37, 198, 232, 35, 179, 21, 161, 276, 282, 168, 206, 207, 211, 111, 278, 154, 247, 273, 167, 283, 200, 190, 243, 272, 219, 250, 192, 208, 280, 204, 205]]","[0.3249436719343066, 0.09368268307298422, 0.0792171829380095]","[1.1832825629971921, 0.08542084600776434, 0.08665466215461493]","[""OPTIMAL"", ""OPTIMAL"", ""OPTIMAL""]","[67.0, 29.0, 21.0]","[67.0, 29.0, 21.0]","[0.04050997016020119, 0.003986707888543606, 0.0040844890754669905, 0.003964175004512072]","[233, 481, 709, 941]",941.0,"[0.10987079283222556, 0.0644786178600043, 0.051379315089434385, 0.041444669011980295]","[0.05490828910842538, 0.46685387287288904, 0.491365437861532, 0.3254668191075325]","[0.0012403440196067095, 0.034570697927847505, 0.03679104195907712, 4.724083279026672]",OPTIMAL,117.0,117.0,216.0,216.0,10.648148148148149,9.25322700594552
41,2,150,1500,750,2,10,418,1800,5.306483212858439,[0.293968552025035],[3.6646014959551394],OPTIMAL,156.0,156.0,0.0,"[0.3690580930560827, 0.3860538771841675, 0.3997971201315522, 0.40290026599541306, 0.40382519108243287, 0.40423828503116965, 0.4051069060806185, 0.40814726520329714, 0.5222179850097746, 0.5226327881682664, 0.5229514020029455, 0.523218936054036, 0.6179633820429444, 0.6253797481767833, 0.82176583702676, 0.8225314021110535, 2.280121791176498, 3.530956851085648]","[202.0, 193.0, 187.0, 186.0, 185.0, 182.0, 180.0, 169.0, 168.0, 167.0, 166.0, 165.0, 162.0, 161.0, 160.0, 159.0, 157.0, 156.0]",3.9585700479801744,3,0.8886747853146225,"[0.8739789558713954, 0.8082293714516692, 0.702082230012021]","[0.17883683378140486, 0.10514608147183908, 0.2328388953388953]","[113.56138945119208, 52.04731032856035, 86.15039127539126]","[1.93125, 1.5875, 2.6340909090909093]",330.6122085945456,39.652926021347184,2.05,0.0264352840142314,0.1199378758267713,0.7266767390538007,0.2151802231092006,"[635, 495, 370]","[[0, 22, 14, 21, 79, 52, 58, 76, 90, 146, 5, 27, 8, 105, 10, 48, 9, 121, 75, 57, 137, 17, 71, 148, 100, 88, 23, 119, 104, 31, 135, 94, 142, 47, 113, 120, 65, 81, 138, 19, 20, 125, 56, 144, 87, 37, 11, 130, 13, 281, 59, 26, 43, 115, 35, 117, 50, 33, 99, 78, 46, 110, 106, 116, 129, 131, 40, 97, 63, 2, 3, 132, 29, 126, 103, 38, 98, 134, 7, 80, 61, 72, 149, 109, 136, 12, 83, 102, 45, 89, 25, 49, 86, 24, 64, 127, 68, 85, 6, 28, 66, 108, 67, 95, 101, 15, 82, 73, 16, 41, 111, 42, 36, 55, 122, 62, 74, 140, 1, 77, 91, 93, 123, 44, 69, 124, 128], [151, 207, 253, 173, 211, 246, 180, 198, 264, 297, 161, 229, 294, 210, 280, 174, 223, 206, 245, 266, 150, 240, 162, 195, 196, 298, 296, 190, 276, 252, 185, 205, 238, 184, 227, 262, 187, 255, 193, 290, 152, 243, 265, 153, 188, 169, 192, 157, 274, 158, 219, 224, 289, 166, 222, 191, 231, 275, 201, 250, 244, 248, 242, 259, 256, 271, 154, 175, 291, 156, 216, 163, 203, 232, 277, 234, 181, 214, 197, 225, 208, 295, 241, 278, 239, 155, 233, 204, 269, 199, 283, 209, 299, 288, 178, 194, 213, 261, 218], [4, 217, 270, 96, 212, 18, 32, 92, 145, 147, 257, 215, 282, 177, 279, 292, 230, 293, 39, 200, 267, 114, 167, 176, 285, 189, 236, 286, 186, 220, 254, 247, 263, 30, 251, 272, 202, 54, 70, 237, 141, 284, 60, 182, 107, 273, 51, 84, 143, 160, 170, 159, 168, 249, 228, 235, 172, 183, 179, 226, 221, 258, 34, 53, 118, 133, 165, 268, 112, 139, 171, 260, 164, 287]]","[0.3164083899464458, 0.10594083787873387, 0.07707203598693013]","[0.7693020130973309, 0.13591032498516142, 0.04420824511907995]","[""OPTIMAL"", ""OPTIMAL"", ""OPTIMAL""]","[46.0, 39.0, 44.0]","[46.0, 39.0, 44.0]","[0.03786284103989601, 0.0038356808945536613, 0.003741626860573888]","[166, 394, 609]",609.0,"[0.07528681820258498, 0.05704481201246381, 0.04630257515236735]","[0.048342549009248614, 0.4365299171768129, 0.27691118186339736]","[0.0012163547798991203, 0.02734141214750707, 0.21774715115316212]",OPTIMAL,129.0,129.0,190.0,190.0,17.894736842105264,3.6228617294691503
41,2,150,1500,750,2,10,419,1800,5.076836230931804,[0.469558124197647],[27.121091209817678],OPTIMAL,135.0,135.0,0.0,"[0.45973677607253194, 0.47807516204193234, 0.4952755069825798, 0.7600845890119672, 0.7604079879820347, 0.7606938011012971, 0.8981961340177804, 0.8989742661360651, 0.9023857859428972, 1.1732154130004346, 1.5693582859821618, 1.5698147260118276, 1.5702512341085821, 7.781486984109506, 7.782798252999783, 7.7840917280409485, 12.899133738130331, 24.473607103107497]","[186.0, 172.0, 157.0, 154.0, 153.0, 151.0, 150.0, 149.0, 144.0, 140.0, 139.0, 138.0, 137.0, 137.0, 138.0, 139.0, 136.0, 135.0]",27.590649334015325,3,0.8677855608424778,"[0.7822985168947607, 0.8031798669317727, 0.5262078979586027]","[0.19446460340129604, 0.16183115317730706, 0.006631362058993637]","[140.98683746593963, 94.67122460872463, 1.259958791208791]","[2.398290598290598, 2.3, 1.09375]",339.4015791247796,55.36728896103898,2.25,0.0369115259740259,0.1631320900263705,0.9499157289974391,0.2223109090700745,"[725, 585, 190]","[[0, 224, 141, 12, 75, 191, 204, 240, 90, 212, 257, 279, 298, 116, 163, 186, 1, 52, 201, 281, 202, 208, 35, 71, 95, 54, 7, 82, 66, 33, 37, 48, 27, 86, 103, 106, 23, 129, 50, 138, 42, 146, 4, 112, 64, 88, 89, 142, 91, 9, 149, 80, 135, 147, 216, 287, 274, 294, 39, 73, 260, 61, 62, 94, 31, 87, 144, 133, 265, 76, 98, 275, 159, 194, 217, 291, 282, 232, 11, 63, 215, 227, 60, 119, 40, 193, 235, 74, 41, 104, 79, 30, 58, 16, 136, 68, 85, 36, 174, 47, 134, 113, 145, 148, 17, 269, 25, 247, 2, 96, 100, 5, 59, 111, 22, 105, 125, 65, 110, 123, 124, 3, 99, 108, 6, 67, 132, 13, 19, 55, 131, 10, 84, 21, 261, 81, 127, 8, 32, 114, 57, 72, 51, 77, 115], [120, 263, 297, 238, 252, 160, 181, 158, 250, 258, 264, 289, 295, 199, 200, 288, 177, 293, 187, 245, 150, 254, 166, 222, 253, 271, 266, 189, 292, 246, 268, 273, 185, 218, 228, 290, 244, 152, 234, 169, 172, 162, 161, 198, 231, 170, 226, 286, 207, 192, 248, 259, 176, 221, 214, 178, 190, 205, 220, 180, 255, 299, 280, 151, 197, 195, 165, 173, 233, 242, 164, 229, 237, 188, 182, 296, 183, 155, 276, 196, 156, 219, 277, 203, 167, 210, 171, 175, 213, 230, 285, 209, 236, 256, 153, 262, 168, 206, 278, 179, 272, 283, 239, 243, 211, 284, 137, 251, 249, 270, 157, 223, 184, 225, 241, 267, 154], [14, 44, 126, 97, 128, 139, 140, 15, 28, 102, 143, 29, 121, 34, 69, 24, 122, 26, 43, 45, 93, 46, 78, 70, 83, 49, 107, 101, 109, 118, 117, 18, 20, 38, 56, 53, 92, 130]]","[0.15830608597025275, 0.11780245113186538, 0.040925940964370966]","[0.4689952530898154, 0.5833500041626394, 0.02543615293689072]","[""OPTIMAL"", ""OPTIMAL"", ""OPTIMAL""]","[46.0, 55.0, 0.0]","[46.0, 55.0, 0.0]","[0.039410734083503485, 0.004173927009105682, 0.004343078937381506]","[199, 446, 686]",686.0,"[0.09484166093170643, 0.061206487007439137, 0.05171812907792628]","[0.22746836696751416, 0.3010147870518267, 0.5012642068322748]","[0.0012095319107174873, 0.07377435802482069, 0.8490915370639414]",OPTIMAL,101.0,101.0,169.0,169.0,20.11834319526628,4.776559331221506
41,3,150,2250,750,2,10,1280,1800,5.839853640180081,"[0.7599318367429078, 0.966165732126683]","[0.49883767357096076, 1800.0363567760214]",TIME_LIMIT,322.0,319.0,0.0093167701863354,"[1.6453005396761, 1.692180283833295, 1.7296275799162686, 1.7453392939642072, 1.7463506977073848, 1.7485688598826528, 1.750654021743685, 1.7664692676626146, 1.7682862426154315, 1.7704134876839817, 1.7943639596924186, 3.065550885628909, 3.188134967815131, 3.2032345440238714, 3.4746308866888285, 3.475335127674043, 8.64081064099446, 8.758707713801414, 8.792456858791411, 8.88413972593844, 8.969103373587132, 9.125651387963444, 9.46337218163535, 16.550484792795032, 20.95038121100515, 23.596628019586205, 1800.0346386916935]","[476.0, 396.0, 394.0, 390.0, 369.0, 362.0, 361.0, 351.0, 348.0, 347.0, 345.0, 344.0, 339.0, 338.0, 337.0, 336.0, 334.0, 333.0, 332.0, 331.0, 329.0, 328.0, 326.0, 324.0, 323.0, 322.0, 322.0]",1802.261292018462,4,0.9280716972343308,"[0.9199079659923118, 0.8270629636089424, 0.88774818747357, 0.442186776093719]","[0.05498658160242634, 0.03954145018487008, 0.10637739137156837, 0.020202020202020183]","[40.96500329380762, 29.458380387728212, 74.46417396009787, 1.212121212121211]","[1.5666666666666669, 1.3666666666666667, 1.6666666666666667, 1.112121212121212]",167.95147051175366,21.851791657998746,1.6666666666666667,0.0097119074035549,0.1301077721515954,1.1831414201296866,0.246633029077202,"[745, 745, 700, 60]","[[20, 321, 338, 362, 448, 341, 73, 83, 305, 408, 347, 360, 372, 318, 355, 130, 373, 316, 392, 336, 334, 307, 327, 361, 398, 308, 344, 329, 332, 383, 389, 331, 385, 365, 131, 447, 422, 301, 413, 319, 326, 429, 304, 340, 382, 325, 352, 403, 404, 314, 378, 356, 435, 315, 364, 377, 433, 312, 354, 384, 393, 396, 313, 335, 357, 351, 406, 358, 376, 311, 388, 420, 323, 417, 411, 324, 390, 339, 346, 395, 348, 397, 399, 394, 405, 300, 414, 439, 359, 415, 381, 436, 317, 419, 328, 446, 349, 438, 367, 303, 400, 410, 401, 350, 370, 374, 440, 442, 342, 444, 418, 423, 306, 412, 330, 371, 337, 426, 353, 424, 402, 363, 431, 366, 302, 391, 333, 343, 310, 345, 409, 449, 386, 380, 309, 407, 368, 428, 387, 425, 421, 434, 441, 320, 379, 443, 445, 427, 432], [0, 57, 169, 23, 45, 134, 148, 1, 36, 149, 25, 121, 124, 104, 13, 40, 133, 76, 127, 17, 108, 141, 147, 136, 60, 77, 251, 85, 125, 74, 82, 91, 6, 118, 27, 139, 142, 11, 65, 39, 116, 46, 81, 75, 96, 129, 94, 2, 37, 26, 53, 58, 44, 63, 132, 47, 106, 87, 101, 15, 138, 67, 30, 144, 98, 48, 68, 19, 88, 35, 84, 128, 24, 52, 115, 49, 79, 3, 120, 64, 78, 89, 102, 12, 34, 99, 72, 143, 105, 117, 14, 109, 100, 110, 42, 18, 69, 28, 66, 122, 70, 54, 4, 5, 145, 10, 31, 33, 8, 107, 55, 135, 97, 16, 126, 32, 112, 123, 140, 7, 59, 137, 71, 51, 80, 21, 50, 41, 38, 249, 268, 207, 210, 232, 295, 90, 199, 243, 95, 92, 9, 322, 56, 159, 177, 235, 262, 430, 437], [375, 29, 204, 265, 287, 154, 299, 288, 250, 61, 193, 212, 227, 245, 274, 150, 219, 276, 164, 160, 165, 280, 172, 151, 214, 231, 283, 273, 166, 175, 191, 254, 252, 238, 163, 263, 282, 170, 218, 184, 186, 197, 289, 261, 270, 198, 297, 256, 260, 86, 206, 216, 236, 272, 158, 178, 244, 182, 239, 277, 196, 229, 278, 247, 153, 157, 183, 181, 248, 162, 173, 188, 217, 203, 225, 298, 201, 152, 187, 202, 240, 174, 200, 209, 223, 292, 179, 290, 211, 296, 237, 180, 195, 293, 161, 168, 185, 192, 246, 234, 281, 242, 155, 205, 294, 215, 189, 190, 286, 271, 156, 279, 285, 167, 226, 222, 224, 284, 176, 267, 213, 264, 194, 220, 230, 258, 257, 259, 266, 275, 291, 171, 255, 253, 208, 221, 228, 241, 233, 269], [22, 119, 146, 369, 416, 43, 114, 62, 93, 103, 111, 113]]","[0.202532181981951, 0.37743265088647604, 0.3591026086360216, 0.02049203123897314]","[3.6397690013982356, 1.0354016642086208, 2.402406334877014, 0.0068275718949735165]","[""OPTIMAL"", ""OPTIMAL"", ""OPTIMAL"", ""OPTIMAL""]","[97.0, 90.0, 94.0, 0.0]","[97.0, 90.0, 94.0, 0.0]","[0.07709398400038481, 0.055566467344760895]","[160, 568]",568.0,"[0.09764011204242706, 0.13236345583572984]","[0.06006608530879021, 0.7365954029373825]","[0.0012336191721260548, 0.47991784336045384]",OPTIMAL,281.0,281.0,396.0,396.0,22.981366459627328,11.11421546433121
41,3,150,2250,750,2,10,1281,1800,5.55563412187621,[0.6328436927869916],[1800.01717648888],TIME_LIMIT,263.0,260.0,0.0114068441064638,"[0.9401334868744016, 0.9621602860279381, 0.9850066090002656, 0.9921293249353766, 0.9933699010871351, 0.9946829550899565, 1.0103735588490963, 1.018467492889613, 1.3662546058185399, 1.3667183239012957, 1.3671098430640996, 1.6008519968017936, 1.6018824288621545, 1.6030832170508802, 1.6272814818657935, 2.135772004723549, 2.136273707728833, 2.4361269529908895, 2.436871015932411, 2.7473510541021824, 2.748630522750318, 3.255450861994177, 3.358398559037596, 3.450428197160363, 3.5296076857484877, 3.957250172737986, 5.320880257058889, 5.341520013753325, 5.403249686118215, 5.458076650742441, 5.515863934066147, 6.802032987121493, 9.880737603176385, 10.235213450156152, 15.812037357129157, 16.600563606712967, 25.700689401943237, 25.702551836147904, 25.704520638100803, 37.6710282927379, 37.671916050836444, 204.6955929188989, 1800.0157408770174]","[398.0, 368.0, 353.0, 311.0, 310.0, 309.0, 308.0, 305.0, 304.0, 303.0, 301.0, 295.0, 292.0, 291.0, 290.0, 289.0, 288.0, 286.0, 285.0, 284.0, 283.0, 282.0, 279.0, 278.0, 277.0, 276.0, 275.0, 274.0, 273.0, 272.0, 271.0, 270.0, 269.0, 268.0, 267.0, 266.0, 266.0, 267.0, 268.0, 265.0, 264.0, 263.0, 263.0]",1800.650020181667,4,0.9154128833116284,"[0.833477566876286, 0.8990642434112176, 0.8954842004052431, 0.4768312243806808]","[0.17425899061537362, 0.19516648736479453, 0.30448246497303527, 0.014864864864864866]","[122.8525883838384, 137.59237359218014, 199.4360145573381, 2.75]","[1.809090909090909, 2.45, 2.15, 1.2]",506.7298836354563,44.0989071020997,2.45,0.0195995142675998,0.0870264583285118,1.1921353000216186,0.2457925551570952,"[705, 705, 655, 185]","[[0, 38, 3, 87, 26, 21, 24, 91, 97, 11, 73, 139, 12, 58, 22, 85, 13, 92, 77, 93, 133, 111, 14, 149, 23, 137, 60, 65, 86, 1, 41, 130, 19, 31, 122, 27, 49, 119, 61, 356, 110, 106, 117, 142, 4, 7, 25, 78, 140, 146, 75, 116, 2, 70, 148, 28, 57, 47, 76, 6, 102, 9, 33, 64, 95, 135, 101, 5, 51, 112, 42, 108, 83, 99, 136, 29, 69, 84, 145, 36, 37, 45, 48, 71, 109, 131, 88, 120, 18, 129, 55, 141, 89, 138, 115, 128, 125, 35, 94, 113, 34, 90, 44, 67, 118, 62, 8, 337, 54, 96, 144, 66, 74, 126, 147, 20, 103, 32, 63, 127, 10, 363, 371, 40, 107, 364, 15, 121, 448, 79, 358, 362, 344, 351, 387, 30, 72, 390, 124, 323, 411], [156, 162, 179, 188, 226, 233, 300, 422, 327, 382, 335, 385, 345, 361, 402, 360, 443, 449, 309, 431, 322, 326, 352, 399, 389, 401, 306, 383, 423, 372, 420, 328, 427, 336, 353, 354, 350, 425, 433, 314, 324, 396, 334, 377, 380, 447, 316, 441, 349, 414, 375, 407, 444, 412, 446, 325, 398, 330, 340, 367, 417, 434, 301, 435, 366, 319, 436, 338, 302, 307, 416, 342, 429, 392, 438, 439, 318, 359, 346, 442, 409, 303, 315, 304, 379, 386, 308, 348, 437, 365, 368, 305, 397, 419, 405, 373, 424, 428, 403, 313, 426, 331, 394, 388, 408, 370, 381, 384, 395, 413, 310, 432, 355, 311, 415, 321, 378, 406, 430, 317, 374, 376, 332, 445, 312, 400, 341, 418, 339, 343, 347, 393, 320, 410, 357, 329, 369, 404, 421, 440, 333], [172, 183, 269, 190, 211, 204, 285, 52, 104, 56, 253, 68, 143, 181, 283, 240, 286, 152, 279, 208, 252, 246, 158, 209, 264, 206, 237, 248, 258, 215, 276, 268, 274, 228, 290, 150, 220, 250, 289, 165, 236, 254, 153, 193, 189, 261, 182, 159, 178, 171, 270, 169, 175, 199, 271, 243, 177, 259, 230, 267, 249, 185, 195, 201, 168, 297, 281, 288, 198, 238, 272, 223, 205, 235, 222, 244, 232, 262, 194, 192, 280, 154, 186, 160, 216, 260, 256, 266, 196, 219, 247, 275, 257, 163, 225, 234, 251, 180, 241, 221, 294, 287, 200, 164, 166, 224, 155, 218, 176, 213, 291, 298, 265, 184, 187, 197, 299, 217, 293, 157, 203, 273, 255, 278, 284, 295, 207, 282, 227, 231, 245], [16, 100, 81, 50, 105, 46, 53, 173, 263, 39, 114, 277, 167, 202, 59, 391, 17, 80, 151, 191, 82, 239, 210, 229, 292, 132, 242, 43, 134, 98, 123, 214, 161, 170, 212, 174, 296]]","[0.15660868305712938, 0.34517950285226107, 0.12567911110818386, 0.041396209970116615]","[1.6852788678370416, 1.9091142690740526, 7.806504908949137, 0.012586744967848063]","[""OPTIMAL"", ""OPTIMAL"", ""OPTIMAL"", ""OPTIMAL""]","[79.0, 62.0, 86.0, 0.0]","[79.0, 62.0, 86.0, 0.0]","[0.05387036316096783, 0.03780609229579568, 0.03884800663217902]","[195, 602, 1005]",1005.0,"[0.09044020436704159, 0.10238974262028933, 0.08623916702345014]","[0.0522433677688241, 0.5484057553112507, 0.6003425410017371]","[0.0011792480945587158, 0.0405870801769197, 1.9768363540060818]",OPTIMAL,227.0,227.0,293.0,293.0,11.40684410646388,17.14946407545358
41,3,150,2250,750,2,10,1282,1800,5.120661644730717,[0.6262896517291665],[1800.0274042747915],TIME_LIMIT,237.0,236.0,0.0042194092827004,"[0.8425382548011839, 0.8673635520972311, 0.8859654339030385, 0.894946460146457, 0.8957073129713535, 0.8968377597630024, 0.897459713742137, 0.8990407418459654, 0.8997684419155121, 0.9089248050004244, 0.9284320478327572, 0.9741409639827907, 0.9759508077986538, 1.4305969029664993, 1.4311531381681561, 1.431555291172117, 1.4955344749614596, 1.498546504881233, 1.4994183760136366, 1.5001532388851047, 1.8293194840662181, 2.456007036846131, 2.4565323409624398, 2.514027032069862, 2.917596769053489, 2.9182392680086195, 4.059669022914022, 6.410339802969247, 7.551245524082333, 8.447827185038477, 11.942936641164124, 1800.0258862357587]","[356.0, 321.0, 308.0, 304.0, 293.0, 286.0, 285.0, 284.0, 283.0, 275.0, 274.0, 273.0, 270.0, 269.0, 268.0, 267.0, 262.0, 260.0, 259.0, 257.0, 250.0, 248.0, 246.0, 245.0, 243.0, 242.0, 241.0, 240.0, 239.0, 238.0, 237.0, 237.0]",1800.6536939265206,4,0.9145759021777744,"[0.9109753340355018, 0.925176972895807, 0.8231838127742565, 0.4965658605234577]","[0.30030670343170335, 0.1676936456194333, 0.13400007851467785, 0.05950442311311876]","[222.22696053946046, 120.73942484599199, 72.36004239792604, 14.87610577827969]","[2.3, 2.1, 1.55, 1.57012987012987]",478.2738993938933,48.07136583223519,2.3,0.0213650514809934,0.1005101175143668,1.193562577944249,0.2466283198446035,"[740, 720, 540, 250]","[[1, 144, 41, 324, 134, 59, 126, 62, 335, 339, 337, 389, 38, 76, 362, 392, 136, 305, 336, 398, 344, 357, 383, 359, 430, 301, 368, 404, 432, 318, 378, 385, 426, 381, 449, 349, 351, 416, 423, 447, 395, 374, 376, 379, 384, 439, 429, 441, 300, 422, 316, 304, 410, 442, 310, 334, 431, 369, 408, 436, 342, 353, 366, 399, 338, 386, 428, 420, 373, 418, 303, 307, 445, 375, 309, 348, 424, 311, 321, 382, 308, 341, 400, 332, 397, 363, 421, 401, 380, 412, 314, 387, 323, 388, 326, 406, 330, 390, 414, 370, 417, 419, 312, 331, 434, 346, 313, 411, 343, 407, 396, 435, 372, 427, 347, 393, 352, 358, 402, 317, 403, 325, 413, 377, 345, 433, 371, 415, 437, 443, 394, 319, 329, 409, 360, 320, 350, 365, 444, 340, 446, 354, 440, 448, 356, 405, 367, 438], [328, 3, 149, 245, 174, 287, 225, 254, 276, 252, 291, 191, 290, 258, 285, 207, 154, 169, 269, 176, 280, 157, 244, 210, 222, 286, 164, 230, 282, 284, 158, 216, 190, 279, 229, 234, 159, 175, 268, 170, 257, 235, 160, 163, 214, 243, 275, 292, 293, 165, 177, 248, 172, 218, 188, 259, 195, 236, 251, 202, 215, 253, 241, 226, 217, 274, 250, 221, 150, 212, 187, 199, 266, 181, 208, 171, 263, 232, 192, 278, 256, 273, 201, 213, 228, 183, 194, 265, 153, 288, 173, 261, 203, 209, 204, 223, 270, 233, 161, 262, 231, 219, 168, 200, 227, 283, 179, 277, 198, 242, 151, 166, 224, 178, 247, 294, 299, 167, 255, 239, 289, 296, 185, 264, 295, 272, 180, 238, 182, 267, 297, 197, 206, 298, 281, 184, 246, 186, 205, 189, 220, 237, 271, 260], [0, 26, 36, 64, 111, 120, 135, 22, 52, 66, 93, 116, 50, 58, 100, 86, 104, 108, 129, 9, 56, 37, 69, 44, 98, 12, 16, 123, 40, 49, 141, 133, 148, 21, 97, 29, 57, 114, 89, 113, 109, 63, 132, 137, 14, 28, 32, 48, 84, 92, 87, 34, 147, 54, 67, 83, 75, 128, 130, 19, 71, 30, 96, 42, 23, 99, 131, 112, 18, 35, 102, 20, 146, 140, 39, 25, 53, 55, 105, 81, 118, 47, 125, 139, 70, 88, 211, 4, 5, 45, 72, 13, 127, 43, 103, 73, 7, 115, 11, 10, 122, 46, 60, 51, 80, 124, 79, 119], [2, 6, 82, 65, 78, 121, 95, 110, 8, 143, 156, 117, 193, 162, 90, 68, 196, 31, 85, 61, 91, 240, 152, 249, 155, 15, 106, 145, 17, 425, 77, 142, 24, 33, 94, 101, 27, 306, 322, 107, 361, 333, 391, 74, 138, 302, 315, 364, 327, 355]]","[0.33759477408602834, 0.13930027186870575, 0.11715396912768483, 0.06449235510081053]","[20.108225447125733, 0.5861955936998129, 0.14560200786218047, 0.036276474595069885]","[""OPTIMAL"", ""OPTIMAL"", ""OPTIMAL"", ""OPTIMAL""]","[99.0, 68.0, 33.0, 4.0]","[99.0, 68.0, 33.0, 4.0]","[0.05570717062801123, 0.18879838939756155, 0.03914610110223293]","[187, 537, 850]",850.0,"[0.0964702102355659, 0.09430995490401983, 0.07074335310608149]","[0.04835150809958577, 0.3687860840000212, 0.5613090586848557]","[0.0011437609791755676, 0.03880569199100137, 0.7042925111018121]",OPTIMAL,204.0,204.0,266.0,266.0,12.236286919831224,25.242895585484803
41,3,150,2250,750,2,10,1283,1800,5.564429289195687,[0.7684450941160321],[513.824335174635],OPTIMAL,272.0,272.0,0.0,"[0.8617694778367877, 0.8906195969320834, 0.9143517129123211, 0.9177784761413932, 0.9183596088550985, 0.919281158130616, 0.9204807309433818, 0.9242179458960891, 0.9255044469609857, 1.2684488780796528, 1.269034487195313, 1.4196431660093367, 1.420200944878161, 1.510365892201662, 2.26523473020643, 2.628671981859952, 2.6729241302236915, 2.6741338558495045, 3.8535116887651384, 4.41137880878523, 4.558907212223858, 4.560147630982101, 5.437115328852087, 5.439156596083194, 38.99600478122011, 44.87556520989165, 177.85350720817223, 177.85520809004083, 513.8228996191174]","[369.0, 342.0, 321.0, 316.0, 304.0, 302.0, 301.0, 300.0, 297.0, 294.0, 293.0, 290.0, 289.0, 288.0, 286.0, 284.0, 283.0, 281.0, 280.0, 279.0, 277.0, 276.0, 275.0, 274.0, 273.0, 272.0, 272.0, 273.0, 272.0]",514.5927802687511,4,0.8938429928024243,"[0.8820864906138983, 0.8495325328650752, 0.8223046698701781, 0.47270890036996593]","[0.14316936974227362, 0.17893512098706765, 0.18940499385095821, 0.06513112491373359]","[104.51363991185974, 124.35990908601202, 122.16622103386806, 11.723602484472046]","[2.0, 2.05, 2.0, 1.4181818181818182]",417.0121451807455,54.24877266453365,2.05,0.0241105656286816,0.1300891911454773,1.1871414678171277,0.2458362858742475,"[730, 695, 645, 180]","[[77, 9, 93, 326, 321, 353, 448, 376, 411, 23, 47, 443, 386, 420, 302, 319, 300, 419, 303, 436, 361, 383, 409, 317, 381, 429, 437, 438, 375, 308, 323, 369, 374, 344, 348, 362, 406, 447, 360, 430, 439, 305, 327, 392, 356, 357, 346, 428, 389, 413, 306, 310, 426, 380, 329, 338, 352, 334, 365, 415, 425, 316, 368, 332, 441, 408, 322, 427, 422, 424, 339, 418, 349, 445, 320, 370, 384, 328, 398, 355, 382, 423, 366, 394, 431, 324, 449, 359, 378, 397, 304, 342, 312, 390, 391, 347, 351, 373, 364, 307, 325, 393, 333, 335, 396, 444, 446, 340, 435, 402, 318, 358, 401, 350, 371, 403, 407, 404, 421, 442, 309, 417, 385, 337, 377, 433, 354, 315, 330, 440, 336, 416, 311, 313, 414, 345, 387, 399, 363, 388, 331, 367, 379, 434, 39, 121], [12, 206, 68, 126, 214, 412, 188, 202, 343, 74, 226, 265, 166, 172, 169, 250, 272, 175, 222, 209, 283, 280, 179, 256, 233, 262, 150, 236, 287, 229, 255, 257, 155, 254, 194, 200, 154, 252, 279, 158, 242, 178, 244, 170, 182, 298, 181, 204, 151, 171, 266, 192, 239, 271, 205, 292, 157, 223, 173, 284, 258, 295, 164, 184, 197, 228, 240, 185, 189, 290, 276, 297, 191, 201, 193, 195, 219, 207, 264, 281, 152, 216, 156, 162, 163, 225, 245, 261, 253, 165, 231, 234, 282, 274, 278, 180, 289, 213, 230, 168, 215, 218, 190, 237, 238, 270, 275, 296, 208, 212, 248, 153, 210, 227, 273, 277, 160, 263, 259, 286, 294, 167, 177, 217, 203, 211, 232, 243, 246, 267, 174, 285, 249, 220, 224, 161, 186, 241, 288], [0, 16, 133, 75, 92, 83, 45, 61, 124, 147, 125, 50, 104, 111, 91, 3, 21, 136, 4, 82, 40, 22, 132, 1, 17, 27, 52, 119, 81, 144, 31, 116, 37, 71, 127, 86, 55, 87, 101, 14, 59, 20, 34, 36, 66, 69, 120, 15, 143, 30, 112, 62, 118, 51, 63, 5, 28, 80, 65, 78, 97, 24, 100, 114, 135, 148, 7, 85, 98, 41, 70, 89, 110, 6, 131, 137, 60, 129, 26, 56, 341, 42, 94, 130, 99, 301, 33, 107, 43, 64, 72, 400, 405, 372, 410, 84, 314, 128, 109, 146, 395, 140, 141, 10, 48, 79, 117, 134, 138, 139, 32, 105, 49, 57, 123, 38, 18, 90, 73, 19, 149, 44, 145, 53, 95, 58, 106, 88, 108], [2, 102, 25, 54, 67, 183, 293, 8, 115, 432, 46, 113, 11, 142, 76, 269, 29, 176, 260, 35, 96, 187, 291, 122, 235, 198, 159, 268, 251, 13, 199, 221, 247, 196, 103, 299]]","[0.13598519982770085, 0.3557343678548932, 0.132214592769742, 0.0529606849886477]","[1.2080114977434278, 3.3581074299290776, 2.1792650436982512, 0.01673190016299486]","[""OPTIMAL"", ""OPTIMAL"", ""OPTIMAL"", ""OPTIMAL""]","[56.0, 72.0, 91.0, 18.0]","[56.0, 72.0, 91.0, 18.0]","[0.05535999406129122, 0.03885616408661008, 0.03969104588031769]","[207, 589, 945]",945.0,"[0.09789710491895676, 0.09615618409588933, 0.07835864182561636]","[0.046162914019078016, 0.5536329289898276, 0.6167831090278924]","[0.0010693450458347797, 0.04273567581549287, 2.2167592677287757]",OPTIMAL,237.0,237.0,316.0,316.0,16.176470588235293,12.755450846161692
41,3,150,2250,750,2,10,1284,1800,5.94543812982738,[0.7974953688681126],[1800.0252145719714],TIME_LIMIT,312.0,311.00000000000006,0.003205128205128,"[0.763953872025013, 0.7881563380360603, 0.8082174211740494, 0.8110239473171532, 0.8117083362303674, 0.8125584800727665, 0.8135522319935262, 0.8176397262141109, 0.8182228170335293, 0.8192477943375707, 0.8248240961693227, 0.826054216362536, 0.9740389944054186, 0.9744201032444835, 0.9748279103077948, 0.9752350561320782, 1.1366467992775142, 1.1371778091415763, 1.2155533232726157, 1.216236743144691, 1.2203289973549545, 1.2221444630995393, 1.8290329249575734, 1.8303023893386126, 2.262583587318659, 2.2632460109889507, 3.792481936980039, 4.071032493375242, 156.06560993613675, 156.0672174813226, 156.06896960409358, 1800.0237425072119]","[404.0, 377.0, 365.0, 362.0, 353.0, 350.0, 349.0, 348.0, 347.0, 344.0, 343.0, 342.0, 340.0, 335.0, 333.0, 332.0, 328.0, 327.0, 326.0, 325.0, 321.0, 320.0, 319.0, 318.0, 317.0, 316.0, 313.0, 312.0, 312.0, 313.0, 316.0, 312.0]",1800.8227099408396,4,0.87033420464902,"[0.8609795124399963, 0.8898231019986348, 0.7181148704382139, 0.5400171243456999]","[0.25699852446533855, 0.19158019042139854, 0.1810254131157481, 0.10533146591970122]","[172.18901139177683, 126.44292567812303, 94.13321482018901, 42.132586367880485]","[1.827777777777778, 1.759090909090909, 1.75, 1.7896103896103894]",522.1705291925247,87.2727909345553,1.827777777777778,0.0387879070820245,0.1671346543998668,1.192795614246279,0.2451552762649953,"[670, 660, 520, 400]","[[21, 114, 337, 383, 405, 375, 402, 252, 398, 393, 420, 373, 434, 386, 423, 312, 336, 362, 447, 421, 422, 361, 372, 370, 426, 319, 353, 344, 332, 340, 341, 418, 432, 348, 371, 301, 320, 349, 358, 357, 304, 441, 302, 435, 429, 433, 311, 413, 342, 428, 380, 354, 427, 379, 367, 317, 411, 392, 394, 436, 308, 381, 328, 365, 335, 310, 408, 333, 352, 407, 309, 431, 378, 385, 439, 327, 364, 347, 438, 363, 400, 437, 300, 360, 343, 323, 305, 409, 440, 387, 359, 324, 329, 374, 339, 414, 313, 331, 395, 406, 417, 318, 325, 377, 382, 321, 442, 368, 338, 355, 449, 303, 384, 416, 443, 369, 396, 403, 444, 446, 445, 316, 430, 307, 366, 410, 315, 322, 326, 388, 345, 419, 404, 265], [28, 187, 204, 170, 241, 229, 293, 159, 201, 296, 236, 189, 208, 262, 267, 150, 152, 216, 284, 231, 172, 206, 249, 282, 290, 294, 160, 176, 258, 259, 174, 221, 270, 263, 182, 215, 185, 227, 153, 198, 242, 286, 295, 166, 202, 253, 275, 203, 255, 154, 190, 278, 155, 254, 167, 195, 183, 264, 279, 281, 207, 235, 224, 257, 156, 272, 273, 248, 186, 213, 226, 230, 205, 285, 222, 234, 244, 260, 225, 217, 223, 251, 288, 164, 188, 179, 171, 177, 211, 180, 276, 151, 191, 287, 157, 237, 161, 175, 228, 280, 162, 163, 250, 168, 269, 277, 220, 169, 271, 178, 173, 210, 245, 181, 197, 232, 196, 238, 239, 246, 165, 291, 299, 256, 199, 243, 193, 214, 292, 218, 261, 274], [0, 55, 22, 56, 85, 144, 82, 104, 6, 105, 108, 23, 73, 96, 130, 46, 31, 117, 83, 34, 143, 47, 35, 53, 45, 92, 103, 118, 1, 69, 60, 91, 121, 123, 233, 10, 39, 24, 132, 12, 32, 54, 25, 3, 97, 57, 67, 61, 65, 145, 112, 148, 149, 4, 125, 36, 42, 8, 74, 120, 30, 13, 99, 78, 113, 88, 79, 44, 140, 124, 19, 62, 87, 107, 43, 80, 106, 90, 128, 70, 135, 192, 298, 9, 40, 101, 59, 131, 14, 38, 29, 15, 102, 37, 289, 17, 109, 84, 66, 129, 219, 266, 7, 95], [5, 68, 126, 116, 137, 11, 48, 76, 89, 314, 110, 346, 376, 356, 401, 133, 330, 350, 390, 391, 389, 448, 415, 424, 425, 20, 41, 50, 142, 122, 77, 397, 334, 351, 412, 81, 306, 399, 18, 49, 26, 115, 139, 63, 64, 75, 33, 136, 134, 51, 58, 72, 93, 147, 127, 111, 119, 100, 2, 98, 27, 71, 146, 16, 52, 86, 138, 141, 247, 158, 184, 94, 194, 200, 297, 268, 209, 212, 283, 240]]","[0.13310278207063675, 0.3420764780603349, 0.12244933191686869, 0.09637556318193674]","[2.5332201211713254, 1.2775429948233068, 0.2713678600266576, 0.06190387159585953]","[""OPTIMAL"", ""OPTIMAL"", ""OPTIMAL"", ""OPTIMAL""]","[70.0, 103.0, 52.0, 32.0]","[70.0, 103.0, 52.0, 32.0]","[0.05841990979388356, 0.03909175610169768, 0.0396185340359807]","[289, 667, 1027]",1027.0,"[0.12758556008338928, 0.09294994361698627, 0.07845249213278294]","[0.09147858899086714, 0.6108938637189567, 0.6578804259188473]","[0.0020482540130615234, 0.04680406395345926, 0.6900446163490415]",OPTIMAL,257.0,257.0,347.0,347.0,11.217948717948715,8.811257902067155
41,4,150,3000,750,2,10,420,1800,5.246815806021914,[0.9702228279784322],[1800.0235617759172],TIME_LIMIT,340.0,335.0,0.0147058823529411,"[1.9136333370115608, 1.9483203410636634, 1.9796355748549104, 1.9847064239438623, 2.6073290929198265, 2.6078544908668846, 2.608650872949511, 3.110468995058909, 3.122754734940827, 3.123602175852284, 3.124918089946732, 3.1265455689281225, 3.136806573951617, 3.1686021368950605, 3.1691352198831737, 4.079024683916941, 4.509167224867269, 4.511758405948058, 5.098941192030907, 5.100068920990452, 8.415550583042204, 8.522505174856633, 8.586059663910419, 9.749605424934998, 10.444575713947415, 30.098762406036258, 48.083775247912854, 69.65587653685361, 118.19904761691578, 761.7296669578645, 1800.021916955011]","[496.0, 446.0, 392.0, 389.0, 386.0, 385.0, 382.0, 380.0, 378.0, 372.0, 371.0, 370.0, 366.0, 365.0, 364.0, 361.0, 360.0, 359.0, 358.0, 357.0, 355.0, 352.0, 347.0, 346.0, 345.0, 344.0, 343.0, 342.0, 341.0, 340.0, 340.0]",1800.9937846038956,5,0.8144230116144807,"[0.6803595960811448, 0.7925538141379983, 0.6870639390012957, 0.7675924583031182, 0.5469474995703729]","[0.18670254703577607, 0.1231906457297246, 0.2057907759063221, 0.2118592626878788, 0.10633259768735866]","[131.62529566022212, 82.53773263891549, 129.64818882098294, 100.63314977674243, 55.2929507974265]","[1.9, 1.7981900452488688, 2.0929292929292926, 2.336842105263158, 2.01025641025641]",697.5871127207023,98.17262271808228,2.0727272727272728,0.032724207572694,0.140731703507326,0.944608048070222,0.4401635071262717,"[705, 670, 630, 475, 520]","[[0, 11, 37, 406, 409, 416, 1, 353, 403, 405, 34, 41, 95, 315, 107, 354, 268, 459, 313, 314, 49, 59, 413, 305, 439, 374, 6, 112, 15, 92, 344, 378, 39, 404, 385, 399, 327, 337, 398, 338, 433, 434, 116, 124, 131, 330, 322, 391, 346, 364, 300, 440, 308, 328, 341, 339, 442, 302, 431, 340, 400, 436, 335, 402, 445, 428, 380, 438, 390, 317, 320, 349, 355, 373, 368, 395, 312, 323, 412, 551, 365, 546, 324, 473, 332, 351, 425, 457, 329, 484, 357, 443, 389, 407, 369, 356, 422, 372, 387, 599, 420, 494, 587, 427, 437, 493, 591, 515, 524, 565, 304, 310, 325, 318, 446, 424, 382, 362, 393, 377, 435, 306, 326, 444, 342, 343, 352, 447, 401, 419, 370, 432, 334, 426, 363, 423, 348, 360, 383, 384, 386], [171, 578, 177, 287, 533, 221, 456, 470, 222, 261, 293, 178, 289, 525, 458, 477, 489, 185, 228, 560, 299, 545, 527, 464, 528, 499, 562, 207, 509, 548, 460, 564, 450, 521, 469, 504, 563, 542, 536, 455, 582, 534, 512, 567, 559, 463, 577, 550, 451, 570, 535, 561, 502, 514, 461, 475, 543, 532, 554, 576, 462, 486, 552, 501, 472, 588, 478, 520, 531, 490, 513, 547, 569, 454, 498, 580, 495, 517, 597, 556, 452, 553, 541, 557, 479, 572, 581, 485, 598, 537, 480, 568, 492, 575, 466, 584, 482, 516, 595, 540, 586, 544, 549, 467, 507, 526, 529, 488, 583, 500, 519, 566, 579, 471, 589, 592, 496, 487, 555, 590, 474, 465, 497, 508, 511, 571, 558, 530, 573, 505, 594, 506, 518, 585], [2, 53, 108, 392, 19, 48, 76, 109, 127, 20, 148, 319, 57, 84, 69, 56, 93, 121, 128, 145, 4, 26, 10, 32, 123, 62, 98, 80, 110, 102, 18, 63, 86, 24, 87, 149, 117, 9, 114, 44, 136, 7, 134, 73, 147, 21, 45, 36, 38, 51, 55, 66, 77, 60, 88, 146, 67, 100, 74, 133, 83, 101, 106, 118, 12, 418, 47, 75, 331, 336, 429, 25, 366, 379, 68, 70, 91, 78, 13, 42, 50, 115, 139, 43, 99, 89, 125, 105, 113, 129, 17, 120, 142, 31, 46, 52, 82, 97, 22, 33, 64, 126, 71, 85, 90, 143, 61, 119, 301, 345, 397, 359, 376, 415, 421, 303, 394, 410, 321, 358, 417, 333, 408, 414, 258, 307], [5, 233, 285, 176, 284, 206, 245, 167, 271, 198, 229, 256, 204, 275, 288, 157, 246, 208, 170, 252, 195, 232, 295, 165, 169, 173, 191, 243, 172, 230, 262, 174, 180, 237, 175, 153, 197, 192, 219, 211, 234, 155, 160, 280, 292, 212, 297, 196, 217, 265, 209, 214, 203, 235, 244, 278, 199, 281, 290, 238, 291, 151, 163, 168, 179, 181, 220, 249, 236, 231, 242, 189, 213, 241, 264, 201, 279, 200, 298, 263, 282, 158, 296, 190, 251, 267, 270, 162, 194, 183, 223, 226, 273, 248, 266], [3, 58, 54, 188, 94, 202, 8, 96, 186, 227, 247, 255, 137, 16, 276, 135, 130, 218, 81, 259, 254, 274, 23, 132, 141, 239, 103, 35, 156, 152, 150, 14, 122, 210, 283, 215, 164, 187, 277, 65, 144, 154, 166, 79, 224, 28, 250, 138, 140, 311, 483, 538, 29, 30, 104, 388, 361, 27, 272, 350, 441, 72, 367, 574, 161, 184, 491, 240, 260, 309, 316, 449, 182, 205, 216, 257, 253, 294, 40, 111, 269, 225, 286, 159, 193, 539, 347, 411, 523, 448, 375, 381, 453, 476, 396, 430, 503, 468, 371, 481, 522, 596, 593, 510]]","[0.14467114699073136, 0.12357427505776286, 0.3708538778591901, 0.09886654280126095, 0.12092066695913672]","[1.5841496370267123, 0.1816232220735401, 1.0741993200499564, 0.9346935050562024, 0.06934280204586685]","[""OPTIMAL"", ""OPTIMAL"", ""OPTIMAL"", ""OPTIMAL"", ""OPTIMAL""]","[72.0, 39.0, 65.0, 43.0, 25.0]","[72.0, 39.0, 65.0, 43.0, 25.0]","[0.08230484905652702, 0.00773694203235209, 0.007573175011202693, 0.007276190910488367]","[534, 1053, 1497, 1956]",1956.0,"[0.24791440810076892, 0.1384827741421759, 0.1020609310362488, 0.08408831804990768]","[0.1279537370428443, 0.8577336620073766, 0.8878991769161075, 0.9121928811073303]","[0.0026595869567245245, 0.07049084780737758, 0.07400882500223815, 616.1786449770443]",OPTIMAL,244.0,244.0,376.0,376.0,9.574468085106384,625.8766878333408
41,4,150,3000,750,2,10,421,1800,5.32824968197383,[0.8578452400397509],[1800.0473042139784],TIME_LIMIT,406.0,396.0,0.0246305418719211,"[5.7369193928316236, 5.7650330238975585, 5.809162261895835, 5.815849561011419, 5.816677966853604, 5.817944093840197, 5.828435444040224, 5.829304398968816, 5.836582619929686, 5.865084999008104, 6.547116732923314, 6.551105103921145, 6.552458029007539, 6.558077965863049, 6.5597320918459445, 7.478629149962217, 7.479587107896805, 7.48074130481109, 7.481529926881194, 7.482900156872347, 7.490304206032306, 7.491605237824842, 7.498528078896925, 7.9867339339107275, 8.553668636828661, 8.554744767956436, 8.745275122812018, 8.908770342823118, 9.141529290005565, 9.142493767896667, 15.013963583856821, 15.44614813500084, 15.447185694938526, 15.700900811934844, 16.73873994895257, 19.964281621854752, 36.18279574485496, 36.72898517688736, 41.14571347902529, 48.85001014987938, 79.91210778988898, 185.12707380903885, 288.56073512881994, 298.86695579299703, 1800.0456822428387]","[609.0, 555.0, 509.0, 507.0, 475.0, 471.0, 470.0, 467.0, 466.0, 462.0, 453.0, 452.0, 451.0, 450.0, 445.0, 443.0, 442.0, 441.0, 440.0, 439.0, 438.0, 437.0, 436.0, 435.0, 433.0, 432.0, 431.0, 429.0, 427.0, 426.0, 425.0, 424.0, 423.0, 422.0, 417.0, 416.0, 415.0, 414.0, 411.0, 410.0, 409.0, 408.0, 407.0, 406.0, 406.0]",1800.905149454018,5,0.7822910767630445,"[0.709131770658039, 0.6059925129445738, 0.6351925426191078, 0.6244592278181373, 0.63888514542124]","[0.1661861048448992, 0.21665555555555557, 0.14767103462198278, 0.1229247150815778, 0.18063277842350553]","[108.85189867340898, 135.40972222222223, 82.69577938831036, 60.84773396538101, 120.12079765163118]","[1.75, 1.9, 1.7, 1.8, 2.009090909090909]",876.9251227737016,187.9909088911602,2.3875,0.0626636362970533,0.2143750977236611,0.9885570649057628,0.4521750938147306,"[655, 625, 560, 495, 665]","[[0, 205, 85, 215, 222, 182, 272, 248, 1, 62, 161, 73, 228, 37, 240, 47, 214, 298, 115, 285, 177, 249, 295, 209, 211, 296, 223, 217, 219, 229, 250, 251, 277, 156, 201, 288, 289, 155, 294, 203, 292, 221, 255, 265, 181, 207, 243, 225, 569, 580, 521, 254, 286, 244, 259, 150, 170, 184, 230, 166, 174, 279, 188, 204, 264, 267, 274, 266, 253, 152, 171, 180, 153, 158, 172, 218, 281, 275, 154, 208, 200, 239, 260, 195, 233, 196, 297, 191, 291, 220, 273, 164, 210, 183, 173, 212, 282, 242, 216, 175, 270, 299, 190, 258, 206, 227, 237, 247, 157, 165, 235, 178, 167, 252, 287, 256, 186, 271, 159, 160, 179, 263, 199, 193, 257, 234, 262, 187, 226, 261, 276], [19, 103, 71, 148, 72, 124, 127, 26, 63, 143, 70, 82, 93, 151, 192, 474, 162, 236, 595, 194, 468, 429, 504, 450, 475, 491, 314, 446, 332, 417, 451, 471, 168, 268, 570, 530, 556, 169, 3, 77, 31, 108, 8, 11, 22, 55, 27, 20, 110, 146, 105, 12, 84, 126, 131, 7, 45, 9, 119, 116, 50, 135, 59, 122, 138, 24, 137, 128, 67, 95, 15, 97, 34, 75, 61, 66, 92, 69, 90, 100, 139, 118, 18, 99, 39, 144, 96, 123, 54, 91, 10, 130, 80, 293, 25, 49, 107, 147, 129, 56, 149, 74, 145, 14, 32, 41, 83, 104, 21, 111, 33, 136, 141, 42, 81, 224, 86, 51, 65, 189, 246, 278, 120, 121, 283], [2, 44, 335, 109, 87, 353, 408, 442, 337, 410, 431, 60, 436, 98, 102, 363, 303, 340, 316, 379, 117, 416, 28, 57, 368, 403, 30, 76, 380, 381, 43, 313, 382, 307, 344, 361, 356, 399, 413, 304, 390, 371, 432, 412, 401, 113, 447, 302, 369, 439, 384, 386, 321, 330, 430, 358, 425, 347, 378, 318, 339, 327, 323, 4, 68, 112, 29, 38, 78, 48, 89, 35, 419, 88, 17, 46, 106, 114, 132, 53, 79, 5, 402, 6, 94, 40, 290, 134, 13, 52, 311, 309, 398, 427, 23, 140, 101, 58, 125, 328, 422, 36, 142, 64, 334, 350, 315, 420, 326, 349, 366, 411], [16, 198, 241, 284, 280, 202, 454, 516, 213, 534, 185, 245, 197, 517, 231, 238, 568, 232, 484, 455, 575, 537, 452, 492, 486, 541, 481, 557, 482, 525, 456, 487, 463, 502, 546, 584, 547, 585, 466, 597, 469, 496, 493, 494, 551, 535, 540, 478, 590, 529, 497, 507, 599, 509, 458, 490, 548, 512, 527, 563, 576, 573, 462, 577, 523, 571, 485, 544, 522, 536, 464, 581, 499, 592, 558, 545, 508, 554, 477, 562, 550, 564, 479, 549, 565, 566, 598, 578, 524, 567, 593, 519, 555, 559, 472, 514, 518, 538, 594], [163, 269, 574, 457, 543, 473, 513, 483, 579, 459, 528, 591, 572, 582, 596, 510, 176, 500, 460, 495, 586, 426, 533, 506, 531, 542, 375, 526, 453, 480, 503, 532, 461, 489, 511, 395, 588, 470, 552, 587, 553, 501, 465, 589, 498, 320, 440, 583, 515, 560, 505, 343, 370, 365, 322, 387, 449, 351, 409, 367, 437, 424, 433, 467, 520, 539, 488, 476, 133, 348, 444, 301, 362, 305, 377, 355, 310, 325, 405, 331, 373, 364, 388, 428, 357, 389, 333, 404, 423, 445, 336, 391, 441, 352, 359, 418, 443, 300, 407, 319, 406, 345, 393, 396, 329, 400, 306, 338, 317, 415, 341, 385, 346, 383, 360, 312, 414, 448, 342, 394, 561, 354, 308, 324, 376, 372, 392, 397, 374, 434, 438, 421, 435]]","[0.136813601013273, 0.128773762146011, 0.4494056918192655, 0.10364879295229912, 0.14043574896641076]","[1.6655808279756457, 3.0466375430114567, 0.21855742298066616, 0.10578747908584774, 0.2225281789433211]","[""OPTIMAL"", ""OPTIMAL"", ""OPTIMAL"", ""OPTIMAL"", ""OPTIMAL""]","[60.0, 75.0, 35.0, 33.0, 59.0]","[60.0, 75.0, 35.0, 33.0, 59.0]","[0.08752700197510421, 0.008000767091289163, 0.008005439070984721, 0.007737694075331092, 0.007159470114856958, 0.007255311822518706]","[612, 1120, 1606, 2050, 2472, 2866]",2866.0,"[0.2978956650476903, 0.13607208500616252, 0.10934506496414542, 0.08007504604756832, 0.05795311485417187, 0.035166185116395354]","[0.15140220802277327, 0.9388695140369236, 0.9886883590370417, 0.6829749390017241, 0.9703953650314361, 0.9683303711935878]","[0.003178386017680168, 0.07838860503397882, 0.5378834011498839, 0.9982570500578731, 0.8810677188448608, 1800.0544537999667]",TIME_LIMIT,262.0,262.0,407.0,398.0,0.2457002457002457,1815.754983770196
41,4,150,3000,750,2,10,422,1800,5.688350562006235,[0.844691360136494],[1800.0355564239435],TIME_LIMIT,398.0,392.0,0.0150753768844221,"[3.6612417220603675, 4.033961147069931, 5.182691468158737, 5.1836666241288185, 5.184421138139442, 5.186227637110278, 6.1661950901616365, 6.1671473160386086, 6.168790382100269, 6.839813579106703, 6.867262735031545, 6.903897582087666, 6.905557742109522, 7.175268291030079, 7.202206503134221, 7.203307460062206, 7.205918129999191, 7.2089386691804975, 7.236528984038159, 7.548042762093246, 7.56878050416708, 7.615023870021105, 8.870298449182883, 9.055387951200828, 9.056601657997817, 9.846357278060168, 9.847366058034822, 10.014869191218168, 10.059680674225092, 10.25019702105783, 10.368383347056806, 10.369564938126132, 10.47575838607736, 10.61683930712752, 10.796891192207113, 10.87558256322518, 18.2462457541842, 19.33322203112766, 19.974409754155204, 31.72098210407421, 34.99376478907652, 41.17447050102055, 81.08724634209648, 115.48664518608712, 281.422796840081, 1800.0333192851394]","[1626.0, 1598.0, 1347.0, 1346.0, 1330.0, 1132.0, 1106.0, 1104.0, 1034.0, 713.0, 632.0, 622.0, 591.0, 590.0, 580.0, 451.0, 449.0, 442.0, 437.0, 433.0, 432.0, 431.0, 427.0, 425.0, 424.0, 423.0, 420.0, 419.0, 417.0, 416.0, 415.0, 413.0, 412.0, 410.0, 408.0, 407.0, 406.0, 405.0, 404.0, 403.0, 402.0, 401.0, 400.0, 400.0, 398.0, 398.0]",1800.88024778408,6,0.8098472058436765,"[0.7844434894714224, 0.7871115219346457, 0.7265584246218049, 0.6029823591316912, 0.546557621987182, 0.577606054223649]","[0.20698150558324133, 0.24959589101465535, 0.15475525825520867, 0.09844205630970333, 0.1302529644268775, 0.15488779194661553]","[126.2587184057772, 146.01359624357337, 89.75804978802103, 41.83787393162392, 48.84486166007906, 65.8273115773116]","[1.8, 1.9, 1.8264705882352943, 1.6666666666666665, 1.6, 2.6050505050505053]",710.9764266689323,203.67344828187453,2.2,0.0678911494272915,0.2864700440714176,0.9644293130841106,0.4568679102230817,"[610, 585, 580, 425, 375, 425]","[[0, 110, 133, 49, 64, 69, 16, 76, 129, 11, 33, 24, 68, 102, 112, 34, 45, 4, 86, 138, 74, 118, 78, 134, 147, 54, 90, 84, 88, 5, 27, 62, 79, 58, 25, 47, 137, 2, 146, 140, 91, 104, 148, 28, 29, 39, 109, 36, 103, 115, 70, 85, 83, 9, 121, 53, 101, 12, 51, 120, 89, 141, 98, 105, 142, 8, 56, 387, 26, 55, 353, 93, 77, 95, 15, 40, 50, 67, 100, 108, 123, 13, 122, 107, 3, 96, 144, 333, 360, 386, 306, 432, 7, 307, 52, 66, 14, 20, 63, 75, 130, 135, 143, 17, 44, 355, 128, 328, 32, 124, 41, 21, 94, 31, 106, 37, 97, 60, 65, 46, 57, 114], [10, 72, 262, 164, 179, 240, 203, 210, 159, 266, 238, 298, 213, 235, 228, 18, 116, 92, 214, 23, 48, 71, 181, 125, 149, 136, 150, 275, 299, 189, 281, 151, 186, 178, 221, 192, 290, 212, 232, 236, 259, 296, 209, 261, 175, 297, 193, 271, 199, 253, 220, 207, 229, 292, 270, 294, 163, 184, 225, 234, 267, 196, 247, 202, 263, 200, 260, 241, 255, 283, 284, 288, 286, 152, 187, 258, 168, 177, 156, 222, 268, 204, 218, 293, 161, 548, 183, 274, 154, 190, 167, 239, 216, 273, 291, 173, 208, 182, 250, 215, 237, 157, 242, 169, 219, 243, 244, 160, 233, 201, 180, 295, 227, 279, 245, 249, 257], [30, 408, 132, 364, 126, 358, 370, 341, 413, 305, 424, 378, 312, 417, 323, 444, 319, 434, 374, 403, 428, 390, 435, 439, 365, 438, 410, 300, 340, 382, 449, 324, 436, 316, 363, 322, 338, 414, 402, 412, 303, 446, 455, 440, 443, 519, 448, 494, 366, 399, 310, 347, 445, 368, 327, 375, 346, 380, 430, 304, 321, 409, 320, 357, 389, 337, 376, 411, 314, 329, 350, 359, 426, 326, 441, 369, 385, 420, 425, 339, 397, 497, 544, 301, 421, 437, 317, 384, 325, 391, 349, 371, 388, 427, 381, 442, 431, 383, 429, 416, 302, 396, 423, 335, 342, 309, 318, 332, 433, 367, 351, 394, 395, 334, 336, 345], [252, 530, 453, 467, 578, 487, 502, 516, 500, 556, 598, 538, 285, 470, 476, 571, 452, 576, 464, 558, 541, 547, 567, 591, 459, 498, 555, 462, 579, 475, 594, 481, 503, 471, 492, 477, 573, 499, 596, 562, 572, 545, 568, 593, 482, 532, 561, 311, 406, 512, 490, 523, 536, 457, 535, 546, 479, 511, 460, 526, 570, 493, 509, 537, 582, 584, 564, 585, 447, 463, 472, 456, 505, 521, 597, 465, 518, 566, 577, 595, 483, 587, 520, 586, 478], [6, 19, 59, 81, 534, 354, 422, 419, 418, 513, 153, 174, 343, 356, 362, 401, 308, 330, 407, 565, 348, 398, 539, 531, 554, 313, 373, 315, 331, 405, 393, 344, 379, 559, 517, 392, 495, 415, 372, 377, 352, 560, 484, 504, 491, 400, 404, 468, 583, 533, 515, 542, 574, 592, 361, 553, 450, 473, 451, 454, 485, 474, 557, 486, 550, 599, 514, 507, 581, 588, 525, 549, 510, 522, 528], [82, 226, 282, 552, 272, 488, 496, 524, 508, 563, 580, 185, 265, 155, 254, 589, 206, 489, 256, 458, 569, 590, 506, 171, 230, 287, 466, 176, 529, 480, 248, 575, 551, 501, 540, 191, 217, 251, 461, 277, 543, 158, 276, 198, 278, 223, 469, 527, 195, 1, 87, 172, 188, 289, 117, 224, 80, 145, 119, 162, 99, 111, 22, 231, 35, 42, 43, 38, 113, 139, 127, 73, 194, 131, 165, 211, 264, 61, 205, 166, 197, 246, 170, 269, 280]]","[0.42913551698438823, 0.11233726004138589, 0.11772519000805914, 0.08666450902819633, 0.08071737689897418, 0.0936110420152545]","[1.126819527009502, 3.061022409936413, 0.7089637399185449, 0.08593797800131142, 0.06105241505429149, 0.05970788304693997]","[""OPTIMAL"", ""OPTIMAL"", ""OPTIMAL"", ""OPTIMAL"", ""OPTIMAL"", ""OPTIMAL""]","[74.0, 76.0, 34.0, 24.0, 21.0, 42.0]","[74.0, 76.0, 34.0, 24.0, 21.0, 42.0]","[0.3635570539627224, 0.008297166088595986, 0.00830212002620101, 0.007918375078588724]","[554, 1076, 1547, 2024]",2024.0,"[0.2756115908268839, 0.138134793844074, 0.10454707778990269, 0.08174833888188004]","[0.13627240294590592, 0.6256957959849387, 0.9407137169037014, 0.9797559189610183]","[0.002864543115720153, 0.07408006698824465, 0.07726512500084937, 1800.0222040410154]",TIME_LIMIT,271.0,271.0,426.0,423.0,6.572769953051643,1811.291960198665
41,4,150,3000,750,2,10,423,1800,5.061558783985674,[0.8601934618782252],[1800.044372015167],TIME_LIMIT,361.0,355.0,0.0166204986149584,"[2.9912419409956783, 2.9918359140865505, 2.992290490074083, 2.9927917551249266, 2.9932686840184033, 2.9937485051341355, 2.9942303490824997, 2.9947051850613207, 2.995189191075042, 2.9956662650220096, 2.996149284997955, 2.9966298220679164, 3.5604328911285847, 3.563239539973438, 4.119614708004519, 4.120214760070667, 4.414461069041863, 4.4150977621320635, 4.510636087041348, 4.755592463072389, 4.7561670411378145, 5.058968861121684, 6.342985340161249, 8.296043029986322, 8.473392523126677, 8.62840613303706, 9.256204541074112, 9.574357578996569, 9.672602631151676, 9.850357288029045, 9.993277844972908, 12.294850526144728, 18.41843497613445, 35.7377817700617, 52.27009774907492, 186.70851874304935, 1800.0426781559363]","[596.0, 528.0, 512.0, 505.0, 425.0, 419.0, 418.0, 416.0, 415.0, 413.0, 411.0, 409.0, 405.0, 396.0, 395.0, 393.0, 391.0, 390.0, 386.0, 385.0, 383.0, 382.0, 381.0, 378.0, 373.0, 372.0, 371.0, 370.0, 369.0, 368.0, 367.0, 366.0, 365.0, 363.0, 362.0, 361.0, 361.0]",1800.9045654770453,5,0.8217085820111063,"[0.7488269586236315, 0.7660295152956179, 0.6508809596837406, 0.6950950555314019, 0.639921354914502]","[0.2139381105650199, 0.20411994634933175, 0.1277294868067903, 0.23937884384305913, 0.17045105192648122]","[156.17482071246454, 125.53376700483902, 72.16716004583652, 104.12979707173072, 111.6454390118452]","[2.077272727272727, 1.95, 1.7666666666666664, 1.9, 2.3954545454545455]",736.0053840544817,134.04851283271944,2.8742424242424245,0.0446828376109064,0.1821297992333906,0.9758694958873092,0.4444232559762895,"[730, 615, 565, 435, 655]","[[199, 509, 529, 553, 464, 588, 596, 348, 559, 453, 488, 467, 468, 501, 576, 589, 366, 388, 401, 583, 584, 367, 532, 459, 582, 520, 473, 512, 451, 599, 500, 564, 472, 462, 469, 508, 450, 475, 555, 504, 545, 461, 463, 541, 585, 575, 590, 466, 485, 533, 549, 478, 498, 577, 476, 537, 540, 481, 492, 538, 593, 527, 563, 496, 503, 499, 534, 556, 562, 465, 550, 484, 525, 471, 480, 573, 489, 494, 490, 530, 513, 548, 521, 495, 570, 539, 586, 515, 482, 598, 568, 578, 516, 470, 587, 526, 597, 514, 522, 552, 477, 506, 574, 595, 491, 519, 531, 454, 474, 524, 502, 569, 455, 561, 456, 565, 460, 300, 327, 330, 308, 360, 544, 547, 345, 452, 305, 350, 375, 323, 339, 382, 342, 358, 558, 316, 435, 403, 442, 418, 373, 395, 409, 443, 571, 517], [9, 387, 394, 312, 441, 381, 319, 359, 302, 393, 368, 430, 121, 436, 138, 420, 380, 310, 329, 398, 352, 371, 390, 23, 124, 84, 149, 100, 112, 303, 301, 422, 25, 33, 64, 107, 108, 78, 396, 334, 83, 448, 315, 372, 318, 304, 410, 355, 416, 413, 331, 333, 340, 400, 414, 309, 322, 434, 313, 449, 417, 344, 377, 320, 438, 335, 397, 338, 376, 421, 343, 306, 317, 332, 365, 351, 404, 386, 399, 424, 378, 428, 432, 427, 328, 440, 446, 406, 354, 391, 444, 361, 392, 369, 324, 407, 325, 346, 389, 357, 349, 412, 362, 423, 405, 437, 431, 447, 385, 411, 341, 370, 364, 426, 379, 402, 408, 415, 439, 383, 425, 497, 594], [150, 184, 216, 194, 162, 161, 263, 204, 223, 176, 230, 276, 211, 274, 283, 505, 154, 164, 592, 218, 554, 224, 591, 486, 493, 269, 551, 165, 511, 572, 458, 580, 546, 159, 248, 235, 245, 566, 281, 479, 510, 155, 219, 297, 153, 236, 169, 299, 231, 179, 227, 233, 275, 163, 260, 232, 244, 186, 295, 220, 253, 177, 280, 271, 567, 579, 156, 180, 167, 257, 261, 188, 273, 210, 189, 202, 278, 222, 247, 250, 270, 264, 174, 215, 289, 201, 226, 239, 160, 196, 170, 198, 208, 234, 293, 262, 298, 182, 237, 207, 190, 191, 173, 195, 213, 197, 212, 166, 181, 178, 192, 292, 217], [0, 54, 5, 59, 106, 17, 68, 24, 11, 47, 6, 8, 43, 144, 60, 45, 148, 122, 75, 57, 88, 119, 19, 81, 95, 92, 40, 12, 15, 22, 104, 76, 113, 94, 18, 103, 72, 86, 127, 135, 1, 142, 147, 7, 52, 143, 73, 132, 32, 26, 65, 27, 58, 67, 136, 39, 38, 93, 4, 82, 137, 36, 114, 141, 55, 97, 30, 71, 90, 91, 69, 53, 120, 48, 110, 80, 85, 140, 21, 62, 128, 41, 109, 63, 133, 116, 321], [13, 28, 151, 96, 252, 14, 185, 172, 242, 171, 37, 145, 279, 49, 265, 483, 581, 183, 290, 98, 246, 123, 243, 291, 152, 187, 254, 282, 168, 134, 285, 286, 34, 87, 51, 79, 99, 42, 126, 118, 129, 131, 50, 70, 77, 66, 111, 125, 117, 240, 157, 158, 139, 266, 288, 205, 287, 241, 256, 214, 238, 249, 259, 35, 56, 101, 206, 225, 130, 146, 296, 61, 102, 89, 2, 336, 560, 457, 221, 255, 363, 518, 326, 384, 337, 353, 307, 523, 200, 536, 374, 543, 314, 356, 203, 294, 535, 209, 507, 557, 251, 258, 268, 284, 542, 433, 3, 311, 487, 16, 46, 74, 29, 193, 229, 228, 528, 267, 277, 10, 105, 175, 272, 445, 31, 419, 429, 44, 20, 347, 115]]","[0.4552568318322301, 0.1260280788410455, 0.11919249501079321, 0.08511878200806677, 0.14282823889516294]","[2.2031735158525407, 0.5437034738715738, 0.2884963939432055, 0.10209422116167843, 0.13381326291710138]","[""OPTIMAL"", ""OPTIMAL"", ""OPTIMAL"", ""OPTIMAL"", ""OPTIMAL""]","[68.0, 71.0, 26.0, 58.0, 46.0]","[68.0, 71.0, 26.0, 58.0, 46.0]","[0.08585206302814186, 0.007967674871906638, 0.007860821206122637]","[553, 1081, 1522]",1522.0,"[0.27204149309545755, 0.14361552894115448, 0.10094881593249738]","[0.42980067199096084, 0.6232857040595263, 0.9603121420368552]","[0.0028217099606990814, 0.07473923894576728, 46.59225304797292]",OPTIMAL,269.0,269.0,470.0,470.0,23.19148936170213,54.92149695823901
41,4,150,3000,750,2,10,424,1800,5.859183860942721,[0.8658435349352658],[1800.041443800088],TIME_LIMIT,388.0,384.0,0.0103092783505154,"[2.0258772887755185, 2.064687074860558, 2.094357038848102, 2.100594009971246, 2.1014498379081488, 2.103279396891594, 2.7169318008236587, 2.717593338806182, 2.7180943379644305, 2.7185910327825695, 3.2466798247769475, 3.905489732977003, 3.906127819791436, 3.906652363948524, 4.610306693939492, 4.611799253849313, 7.049879614962265, 7.0512952918652445, 8.121228315867484, 8.25971054378897, 8.341693689813837, 8.757577949902043, 16.383067688904703, 34.875612798845395, 60.50303722987883, 69.29415946197696, 184.43076678388752, 1800.039745042799]","[729.0, 631.0, 609.0, 599.0, 479.0, 469.0, 434.0, 430.0, 419.0, 418.0, 411.0, 410.0, 408.0, 406.0, 405.0, 404.0, 402.0, 401.0, 400.0, 399.0, 395.0, 392.0, 391.0, 390.0, 389.0, 389.0, 388.0, 388.0]",1800.9072873350233,6,0.7628763028589449,"[0.6946499074729969, 0.6411367132614696, 0.5563519035903424, 0.6369676741454973, 0.6185663902023099, 0.5414848491771569]","[0.11874109979359207, 0.15890283277420303, 0.08187849632330574, 0.25066217732884405, 0.16673951048951047, 0.22615452469904526]","[75.99430386789892, 92.16364300903776, 47.0801353859008, 112.79797979797982, 65.02840909090908, 82.54640151515152]","[1.6651515151515153, 1.95, 1.9, 2.55, 1.8, 1.9272727272727272]",836.1442386116295,166.18504753760146,2.1785714285714284,0.0553950158458671,0.1987516505684995,0.9734545340761542,0.443242470966652,"[640, 580, 575, 450, 390, 365]","[[160, 488, 492, 489, 539, 546, 553, 452, 491, 476, 544, 482, 485, 547, 562, 576, 575, 464, 584, 577, 505, 508, 569, 589, 558, 455, 596, 532, 536, 465, 551, 594, 170, 173, 599, 471, 195, 206, 197, 303, 330, 563, 502, 520, 524, 450, 543, 494, 564, 595, 515, 554, 587, 460, 560, 581, 527, 573, 522, 236, 270, 490, 566, 506, 463, 592, 511, 305, 441, 449, 555, 497, 248, 273, 480, 487, 458, 507, 517, 470, 588, 459, 540, 567, 467, 481, 579, 534, 530, 552, 483, 559, 526, 496, 537, 523, 597, 469, 535, 568, 574, 545, 493, 548, 519, 556, 451, 571, 591, 468, 475, 453, 541, 461, 462, 570, 478, 516, 593, 504, 583, 525, 580, 457, 509, 561, 474, 578], [62, 149, 337, 350, 387, 302, 357, 362, 372, 448, 407, 325, 356, 351, 435, 315, 401, 422, 370, 398, 393, 394, 316, 565, 514, 528, 582, 590, 313, 531, 333, 415, 445, 327, 340, 373, 358, 477, 557, 376, 513, 538, 542, 300, 339, 405, 326, 335, 367, 301, 386, 417, 312, 419, 391, 424, 443, 397, 328, 406, 434, 444, 304, 345, 314, 404, 442, 336, 317, 331, 426, 429, 334, 348, 427, 343, 381, 365, 378, 392, 414, 432, 306, 550, 307, 433, 466, 495, 503, 408, 431, 472, 512, 572, 308, 341, 379, 346, 486, 380, 399, 500, 310, 375, 439, 395, 416, 400, 322, 344, 409, 352, 456, 501, 411, 364], [374, 227, 0, 245, 98, 121, 3, 9, 128, 250, 71, 107, 138, 49, 272, 264, 141, 256, 177, 225, 223, 230, 34, 47, 237, 368, 390, 413, 75, 369, 479, 46, 95, 275, 219, 246, 359, 8, 66, 102, 238, 12, 109, 105, 117, 125, 110, 284, 126, 202, 201, 157, 172, 168, 268, 183, 271, 286, 139, 196, 281, 137, 192, 252, 164, 200, 174, 216, 282, 224, 260, 235, 231, 191, 234, 290, 151, 156, 549, 518, 586, 161, 454, 242, 193, 510, 529, 585, 176, 294, 194, 473, 521, 212, 288, 186, 188, 214, 190, 205, 291, 279, 295, 285, 208, 253, 152, 165, 484, 499, 598, 498, 247, 283, 533], [2, 45, 72, 53, 61, 65, 79, 10, 87, 20, 67, 70, 64, 123, 18, 23, 143, 28, 96, 44, 57, 31, 106, 60, 104, 112, 21, 145, 142, 5, 68, 114, 92, 131, 25, 127, 88, 50, 76, 118, 90, 167, 171, 265, 226, 54, 111, 56, 58, 6, 146, 97, 135, 24, 42, 51, 83, 36, 140, 13, 122, 19, 41, 43, 55, 77, 99, 130, 48, 148, 80, 101, 73, 132, 133, 134, 15, 32, 86, 69, 85, 116, 27, 124, 91, 38, 115, 108, 82, 26], [37, 371, 382, 39, 94, 182, 119, 243, 129, 74, 163, 240, 180, 185, 244, 155, 255, 175, 222, 181, 187, 199, 287, 218, 262, 221, 276, 229, 296, 297, 209, 299, 215, 249, 150, 178, 220, 159, 179, 198, 204, 207, 263, 233, 239, 158, 210, 293, 258, 269, 278, 266, 203, 232, 213, 254, 257, 274, 153, 184, 211, 217, 228, 267, 277, 154, 259, 162, 166, 169, 298, 251, 241, 280, 289, 292, 189, 261], [1, 318, 329, 320, 52, 355, 319, 366, 438, 22, 14, 63, 361, 17, 4, 81, 100, 11, 35, 40, 144, 7, 89, 436, 78, 16, 147, 428, 354, 389, 29, 93, 120, 136, 30, 84, 33, 384, 103, 113, 59, 446, 309, 385, 311, 321, 421, 410, 324, 377, 425, 323, 360, 396, 347, 402, 412, 430, 423, 437, 338, 403, 383, 332, 349, 447, 388, 420, 342, 353, 363, 418, 440]]","[0.43758888402953744, 0.13262465200386941, 0.1273650110233575, 0.08744766493327916, 0.08406534302048385, 0.08540142816491425]","[0.20180061203427613, 0.5745201199315488, 0.2159936730749905, 0.47359540802426636, 0.11565944296307862, 0.06278667296282947]","[""OPTIMAL"", ""OPTIMAL"", ""OPTIMAL"", ""OPTIMAL"", ""OPTIMAL"", ""OPTIMAL""]","[54.0, 80.0, 31.0, 37.0, 20.0, 31.0]","[54.0, 80.0, 31.0, 37.0, 20.0, 31.0]","[0.08933591609820724, 0.00828659301623702, 0.008383810985833406]","[645, 1147, 1595]",1595.0,"[0.3073685879353434, 0.13101641600951552, 0.10277357883751392]","[0.47086339187808335, 0.6498114969581366, 0.9812212151009589]","[0.00355609692633152, 0.0808180388994515, 6.36269208882004]",OPTIMAL,253.0,253.0,485.0,485.0,20.0,13.21167314867489
62,6,150,4500,750,2,10,1068,1800,7.891812101006508,[1.1159436849411577],[1800.022782127955],TIME_LIMIT,565.0,556.0,0.015929203539823,"[46.631845077034086, 47.50148716394324, 47.50230503000785, 48.282428805017844, 48.283348976052366, 48.284321984043345, 49.179795086965896, 49.180649940972216, 49.182036119978875, 50.100979367038235, 50.102015979005955, 50.103013379033655, 51.13716183498036, 53.09276259702165, 54.2258988909889, 61.6174169590231, 68.33207027695607, 88.9848101149546, 88.98849441297352, 88.99207591894083, 106.11161925899796, 125.93807538598776, 125.94229508598801, 178.10379566403572, 347.83515486400574, 584.3683652799809]","[698.0, 668.0, 600.0, 599.0, 595.0, 594.0, 593.0, 588.0, 587.0, 586.0, 585.0, 580.0, 577.9999997148454, 577.0, 573.0, 572.0, 571.0, 571.0, 572.0, 573.0, 570.0, 569.0, 568.0, 567.0, 566.0, 565.0]",1801.1387258128962,8,0.8606696440675996,"[0.8493386438511088, 0.8912071301173184, 0.8429889953851615, 0.8125629384109886, 0.5750896661659667, 0.7891868118059155, 0.5492130822235775, 0.47235951141980015]","[0.1766356072992229, 0.3279184416109899, 0.1981398503920889, 0.2927992214756921, 0.07208017704429188, 0.30843097120271035, 0.08083487136334484, 0.034691257816257814]","[130.71034940142493, 231.18250133574784, 137.7071960225018, 171.28754456327988, 35.679687636924484, 151.13117588932806, 27.483856263537245, 15.611066017316016]","[2.172727272727273, 2.35, 1.75, 2.1363636363636362, 1.9997791682002208, 1.8868421052631579, 1.4279904306220095, 1.65]",1094.8448739648388,146.41296087813123,2.636842105263158,0.0325362135284736,0.1337294116816585,2.8498539819847792,0.6776516559766605,"[740, 705, 695, 585, 495, 490, 340, 450]","[[9, 14, 72, 211, 285, 224, 230, 89, 252, 152, 162, 198, 215, 188, 191, 265, 279, 168, 255, 298, 182, 209, 189, 272, 235, 261, 205, 175, 243, 154, 226, 155, 280, 185, 197, 239, 169, 290, 227, 195, 210, 180, 85, 104, 138, 246, 291, 270, 153, 214, 287, 181, 163, 631, 208, 275, 159, 172, 281, 105, 141, 156, 165, 204, 176, 150, 273, 237, 196, 167, 297, 258, 242, 284, 256, 160, 225, 282, 201, 238, 186, 207, 221, 292, 294, 276, 267, 293, 194, 206, 251, 241, 278, 157, 199, 266, 223, 263, 166, 193, 288, 232, 296, 299, 151, 248, 244, 161, 158, 259, 200, 229, 670, 183, 228, 220, 184, 264, 289, 213, 257, 313, 218, 268, 234, 170, 260, 171, 286, 233, 269, 179, 222, 217, 250, 212, 627, 723, 262, 177, 216, 236, 277, 240, 271, 245, 434, 247], [164, 342, 391, 393, 406, 419, 187, 231, 316, 324, 383, 352, 364, 371, 441, 429, 389, 447, 442, 309, 315, 361, 318, 344, 446, 337, 366, 356, 428, 174, 203, 283, 328, 432, 396, 312, 253, 295, 404, 372, 415, 387, 329, 385, 390, 433, 395, 414, 300, 373, 359, 374, 420, 381, 418, 333, 341, 362, 319, 435, 339, 394, 436, 302, 430, 426, 338, 367, 400, 379, 449, 431, 303, 384, 382, 323, 358, 417, 402, 412, 326, 407, 353, 305, 397, 439, 307, 327, 343, 308, 423, 349, 416, 306, 325, 377, 409, 422, 438, 410, 317, 444, 335, 427, 304, 351, 388, 392, 322, 376, 413, 345, 403, 360, 346, 350, 348, 375, 357, 425, 363, 440, 314, 340, 405, 330, 334, 332, 378, 321, 336, 368, 399, 354, 421, 355, 365, 437, 448, 380, 443], [0, 46, 100, 128, 97, 106, 87, 94, 102, 136, 2, 40, 24, 32, 33, 60, 98, 42, 121, 4, 137, 29, 31, 123, 21, 109, 99, 75, 23, 54, 62, 108, 112, 80, 124, 135, 53, 111, 44, 45, 59, 55, 64, 67, 77, 116, 56, 3, 92, 145, 127, 7, 36, 134, 43, 83, 149, 25, 82, 132, 144, 71, 139, 57, 86, 8, 35, 49, 51, 63, 143, 58, 26, 39, 34, 19, 74, 126, 113, 115, 125, 148, 12, 114, 91, 90, 20, 61, 88, 117, 131, 16, 118, 18, 37, 76, 1, 52, 78, 146, 27, 517, 599, 28, 50, 122, 130, 129, 10, 202, 22, 41, 79, 192, 254, 73, 11, 38, 572, 140, 17, 96, 47, 81, 84, 15, 147, 107, 48, 133, 65, 120, 68, 142, 69, 70, 93, 110, 95], [623, 848, 867, 634, 831, 888, 764, 879, 873, 880, 809, 838, 872, 897, 857, 653, 828, 852, 804, 843, 870, 827, 766, 777, 839, 800, 810, 878, 770, 794, 862, 774, 750, 812, 819, 758, 832, 885, 854, 771, 807, 779, 792, 821, 829, 849, 811, 783, 895, 753, 830, 855, 874, 876, 846, 864, 780, 796, 865, 871, 893, 751, 798, 793, 834, 818, 881, 842, 875, 801, 847, 806, 841, 860, 772, 869, 883, 835, 898, 861, 886, 856, 781, 799, 754, 896, 795, 892, 786, 756, 863, 757, 785, 760, 891, 868, 791, 816, 759, 850, 817, 765, 767, 859, 814, 824, 826, 761, 840, 762, 776, 845, 894, 877, 763, 787, 822], [5, 6, 576, 13, 30, 484, 103, 119, 178, 66, 527, 648, 701, 173, 711, 274, 249, 635, 671, 677, 737, 695, 712, 702, 190, 610, 643, 718, 694, 600, 658, 629, 619, 667, 645, 605, 616, 614, 678, 640, 612, 624, 684, 652, 705, 628, 644, 706, 731, 725, 746, 219, 716, 675, 687, 715, 601, 608, 609, 688, 602, 633, 682, 733, 690, 613, 672, 676, 743, 604, 620, 663, 626, 717, 617, 661, 729, 693, 700, 747, 615, 692, 732, 681, 646, 713, 674, 726, 641, 730, 714, 727, 647, 708, 696, 699, 721, 724, 660], [101, 466, 516, 569, 450, 506, 483, 472, 595, 592, 462, 585, 523, 525, 555, 477, 492, 505, 574, 561, 570, 489, 542, 540, 500, 586, 578, 590, 451, 554, 487, 521, 559, 582, 490, 597, 454, 469, 494, 502, 453, 589, 480, 499, 565, 536, 552, 511, 558, 468, 522, 579, 485, 581, 593, 530, 587, 510, 546, 512, 571, 455, 557, 529, 465, 488, 495, 528, 457, 584, 514, 538, 577, 518, 567, 458, 553, 482, 498, 568, 496, 501, 580, 551, 503, 583, 470, 474, 591, 533, 544, 486, 508, 481, 541, 520, 539, 588], [603, 630, 734, 638, 659, 679, 745, 637, 748, 740, 735, 742, 662, 666, 632, 680, 649, 669, 607, 651, 691, 709, 636, 686, 664, 722, 738, 698, 739, 639, 683, 650, 719, 797, 803, 808, 606, 665, 656, 689, 710, 618, 736, 611, 622, 642, 697, 749, 788, 823, 673, 728, 720, 707, 802, 741, 851, 778, 837, 833, 882, 752, 769, 775, 815, 820, 884, 899], [452, 475, 594, 460, 471, 575, 464, 467, 463, 560, 526, 476, 456, 532, 556, 573, 473, 519, 598, 548, 562, 491, 534, 531, 547, 549, 596, 564, 459, 685, 515, 524, 668, 566, 543, 655, 461, 509, 537, 545, 621, 478, 479, 504, 507, 563, 493, 497, 513, 550, 535, 744, 654, 703, 625, 704, 657, 301, 782, 890, 401, 784, 311, 398, 411, 445, 866, 386, 424, 858, 755, 813, 825, 773, 889, 805, 844, 853, 836, 310, 320, 331, 369, 408, 347, 370, 768, 789, 887, 790]]","[0.16326694993767887, 0.32885936892125756, 0.14767365204170346, 0.11884104809723794, 0.3165683869738132, 0.10386554396245629, 0.08712405292317271, 0.11117596505209804]","[0.709830074920319, 3.0653379230061546, 3.281229226035066, 12.686874669976532, 0.1349581090034917, 0.19049217202700675, 0.11131886194925755, 0.04834711202420294]","[""OPTIMAL"", ""OPTIMAL"", ""OPTIMAL"", ""OPTIMAL"", ""OPTIMAL"", ""OPTIMAL"", ""OPTIMAL"", ""OPTIMAL""]","[51.0, 158.0, 60.0, 73.0, 23.0, 38.0, 27.0, 19.0]","[51.0, 158.0, 60.0, 73.0, 23.0, 38.0, 27.0, 19.0]","[0.1320548839867115, 0.012192043941468, 0.012381676933728158]","[578, 1380, 2132]",2132.0,"[0.2784763900563121, 0.21210670692380518, 0.17355229798704386]","[0.1739137569675222, 1.4693053570808843, 0.9992646520258859]","[0.0036340520018711686, 0.10474182397592813, 404.3861431989353]",OPTIMAL,449.0,449.0,663.0,663.0,14.781297134238311,433.09103559562936
62,6,150,4500,750,2,10,1069,1800,9.51097464398481,[1.326055497978814],[1800.0262664089678],TIME_LIMIT,515.0,510.0,0.0097087378640776,"[4.0984166690614074, 4.154793013003655, 4.206056453054771, 4.209958069957793, 4.211244447971694, 4.212813604972325, 4.219871922046877, 4.221381337032653, 4.227688692975789, 5.0031752600334585, 5.004020784050226, 5.004745083046146, 5.005467658047564, 5.006187645951286, 5.006911340053193, 5.007633325993083, 5.546433935058303, 5.547308554057963, 5.548083383007906, 5.776577304000966, 6.957221718039364, 7.713468129048124, 7.868354015052319, 7.8698282319819555, 8.793444109032862, 12.325064814998768, 12.662385983974673, 13.012919615022838, 13.197107553016394, 13.535229776985943, 13.676072463043965, 13.845507188001648, 14.568037669057958, 16.885419258032925, 24.592479584971443, 29.9361036879709, 40.35731458605733, 44.90400966396555, 44.905327355954796, 70.19260058703367, 385.87989581597503, 407.26022502197884]","[717.0, 661.0, 616.0, 615.0, 608.0, 603.0, 601.0, 596.0, 593.0, 579.0, 578.0, 577.0, 576.0, 575.0, 573.0, 568.0, 567.0, 564.0, 563.0, 547.0, 546.0, 542.0, 539.0, 535.0, 534.0, 533.0, 531.0, 530.0, 528.0, 527.0, 526.0, 525.0, 524.0, 523.0, 522.0, 521.0, 520.0, 519.0, 518.0, 517.0, 516.0, 515.0]",1801.3523219069466,8,0.8424449672994098,"[0.8551968733741927, 0.8691973663985244, 0.8427339488679648, 0.7624037393203326, 0.5866469744401496, 0.6674107340579133, 0.6259526015361166, 0.5564691642517138]","[0.15443155450162419, 0.17106928792873916, 0.26726768337180223, 0.16820833405283428, 0.11684945071250319, 0.18090438479931234, 0.10071765397508382, 0.07790829102645865]","[112.73503478618566, 122.3145408690485, 168.3786405242354, 99.24291709117223, 54.9192418348765, 73.2662758437215, 39.78347332015811, 44.01818442994914]","[1.8, 2.0176470588235293, 1.8, 1.85, 1.95, 1.7, 1.5, 1.518181818181818]",905.4766034240764,190.8182947247294,2.2,0.0424040654943843,0.210737962751258,2.8010763409547508,0.6819259030744433,"[730, 715, 630, 590, 470, 405, 395, 565]","[[1, 107, 149, 6, 542, 482, 512, 566, 469, 454, 466, 503, 492, 516, 541, 495, 557, 491, 506, 562, 493, 552, 468, 507, 472, 473, 514, 565, 517, 459, 464, 494, 484, 543, 476, 560, 480, 474, 544, 498, 528, 487, 548, 532, 526, 585, 547, 595, 486, 540, 496, 502, 551, 513, 519, 524, 554, 563, 460, 479, 556, 510, 558, 531, 589, 462, 471, 599, 475, 555, 485, 588, 576, 591, 509, 525, 587, 478, 499, 537, 662, 749, 573, 515, 586, 590, 571, 582, 593, 581, 534, 567, 546, 575, 68, 115, 463, 527, 584, 455, 461, 490, 545, 598, 570, 465, 559, 489, 477, 572, 523, 481, 483, 538, 561, 124, 501, 742, 452, 530, 579, 580, 597, 504, 520, 549, 553, 450, 458, 505, 578, 518, 596, 564, 451, 521, 470, 511, 508, 550, 539, 457, 522, 568, 594, 497], [2, 101, 120, 82, 5, 70, 20, 136, 12, 26, 16, 125, 104, 33, 50, 145, 76, 80, 144, 49, 84, 135, 3, 29, 87, 100, 146, 34, 51, 4, 130, 99, 40, 81, 111, 74, 119, 114, 140, 24, 28, 53, 106, 35, 56, 32, 37, 123, 143, 71, 103, 72, 153, 194, 73, 8, 133, 64, 67, 116, 110, 127, 79, 500, 574, 467, 583, 19, 52, 85, 142, 41, 90, 126, 57, 94, 15, 138, 86, 47, 38, 148, 44, 31, 43, 102, 63, 13, 88, 62, 91, 77, 48, 89, 98, 131, 122, 137, 54, 185, 456, 55, 66, 7, 141, 21, 61, 129, 113, 22, 23, 30, 39, 108, 9, 93, 96, 69, 75, 18, 147, 59, 83, 95, 58, 92, 139, 121, 134, 36, 60, 65, 78, 132, 105, 117, 11, 46, 112, 42, 118, 14, 27], [634, 774, 755, 883, 815, 784, 850, 772, 860, 880, 889, 819, 881, 877, 895, 756, 836, 899, 805, 816, 878, 896, 804, 835, 838, 832, 872, 843, 751, 834, 796, 879, 771, 800, 837, 884, 753, 783, 760, 876, 841, 870, 861, 867, 758, 831, 886, 863, 766, 775, 781, 787, 782, 862, 757, 866, 761, 767, 888, 885, 801, 828, 821, 891, 764, 817, 768, 890, 797, 808, 859, 759, 829, 776, 809, 858, 855, 894, 856, 765, 864, 788, 793, 824, 803, 807, 851, 791, 822, 825, 827, 847, 655, 852, 874, 814, 893, 773, 779, 844, 845, 698, 792, 777, 780, 849, 802, 794, 795, 750, 853, 786, 869, 812, 799, 830, 854, 882, 823, 840, 871, 898, 806, 897, 875, 818], [158, 299, 399, 300, 301, 368, 412, 237, 423, 258, 350, 176, 216, 236, 243, 264, 255, 213, 230, 249, 302, 387, 416, 317, 433, 406, 306, 355, 364, 411, 386, 421, 392, 432, 445, 303, 383, 380, 384, 396, 340, 430, 370, 318, 440, 405, 409, 333, 319, 447, 311, 444, 330, 369, 754, 420, 438, 439, 356, 371, 316, 441, 363, 373, 374, 382, 357, 358, 385, 325, 395, 365, 417, 341, 366, 429, 307, 347, 418, 376, 343, 442, 342, 394, 349, 362, 377, 424, 425, 427, 308, 415, 401, 312, 337, 313, 323, 345, 400, 443, 448, 335, 360, 375, 322, 327, 328, 348, 407, 390, 351, 324, 404, 331, 413, 434, 393, 436], [159, 604, 453, 533, 690, 535, 569, 731, 488, 577, 592, 642, 603, 637, 689, 629, 536, 665, 688, 738, 680, 614, 650, 715, 529, 625, 610, 618, 672, 747, 608, 732, 683, 633, 705, 613, 682, 716, 626, 700, 677, 607, 735, 723, 623, 675, 746, 692, 624, 658, 645, 704, 673, 703, 641, 647, 721, 741, 660, 729, 612, 653, 718, 702, 748, 744, 616, 669, 652, 676, 708, 696, 714, 681, 315, 726, 697, 734, 846, 615, 719, 709, 631, 842, 657, 684, 710, 663, 873, 686, 638, 656, 699, 707], [0, 173, 260, 246, 183, 196, 10, 109, 156, 128, 97, 297, 25, 186, 247, 274, 235, 17, 45, 210, 225, 165, 207, 233, 252, 291, 167, 266, 282, 178, 205, 220, 211, 279, 271, 736, 743, 221, 242, 238, 286, 150, 172, 181, 182, 187, 283, 163, 270, 203, 259, 152, 155, 295, 228, 229, 188, 224, 189, 209, 239, 151, 737, 244, 284, 290, 215, 272, 240, 261, 217, 691, 241, 276, 277, 234, 635, 622, 733, 643, 713], [154, 265, 168, 171, 254, 180, 218, 232, 184, 268, 289, 192, 278, 191, 208, 273, 292, 202, 253, 157, 245, 267, 256, 275, 164, 293, 219, 287, 222, 269, 160, 251, 177, 179, 223, 200, 296, 214, 161, 257, 170, 227, 162, 281, 198, 199, 248, 166, 280, 226, 197, 298, 285, 204, 169, 250, 314, 378, 193, 174, 389, 288, 190, 372, 206, 381, 212, 397, 175, 195, 798, 231, 398, 410, 449, 201, 262, 294, 367], [600, 628, 668, 661, 727, 621, 740, 694, 619, 667, 671, 695, 687, 712, 601, 674, 605, 670, 722, 778, 611, 739, 627, 630, 649, 640, 654, 717, 685, 730, 606, 617, 648, 651, 789, 868, 602, 620, 644, 664, 724, 646, 720, 639, 666, 745, 701, 678, 711, 609, 632, 659, 693, 706, 679, 636, 811, 887, 790, 763, 810, 820, 725, 728, 263, 338, 379, 305, 402, 329, 403, 435, 826, 346, 353, 321, 332, 391, 414, 431, 428, 334, 344, 339, 336, 359, 408, 354, 419, 437, 304, 865, 310, 320, 352, 892, 422, 839, 309, 769, 361, 446, 848, 326, 833, 752, 762, 813, 785, 857, 388, 770, 426]]","[0.16770200803875923, 0.14213215303607285, 0.11476192099507898, 0.11298206995707005, 0.5565012180013582, 0.10725538805127144, 0.08518931595608592, 0.1492246330017224]","[1.091205172939226, 0.71537577197887, 2.3044883280526847, 0.5697396220639348, 0.10674986604135484, 0.07979407405946404, 0.057634709984995425, 0.10510514699853957]","[""OPTIMAL"", ""OPTIMAL"", ""OPTIMAL"", ""OPTIMAL"", ""OPTIMAL"", ""OPTIMAL"", ""OPTIMAL"", ""OPTIMAL""]","[65.0, 76.0, 72.0, 67.0, 21.0, 24.0, 36.0, 28.0]","[65.0, 76.0, 72.0, 67.0, 21.0, 24.0, 36.0, 28.0]","[0.12509312597103417, 0.012463490013033152, 0.011893769958987832, 0.011985893012024462]","[760, 1507, 2210, 2922]",2922.0,"[0.36387718992773443, 0.20109663193579763, 0.16288746194913983, 0.13399256602860987]","[0.20194342802278697, 1.410379173932597, 1.4868037729756907, 1.118338900967501]","[0.00456925795879215, 0.10906601906754076, 0.1262103570625186, 197.04911768098827]",OPTIMAL,389.0,389.0,555.0,555.0,7.207207207207207,212.4785623629577
62,6,150,4500,750,2,10,1070,1800,7.804280038923025,[1.2778170510428026],[1800.050005852012],TIME_LIMIT,506.0,502.0,0.0079051383399209,"[3.6450972510501742, 3.691666163969785, 3.73614713200368, 3.7534223039401695, 3.7547234400408342, 3.7577241839608178, 3.760192389949225, 3.7716372329741716, 3.774414940038696, 3.7758446149528027, 3.778235381934792, 3.799455519998446, 4.8190611329628155, 4.824397134012543, 4.826691193971783, 4.832246599951759, 5.457993154996075, 5.462203920935281, 5.464222404989414, 6.493008370976895, 6.494409295031801, 6.496916007949039, 7.268257359974086, 7.270920076989569, 10.453675077995285, 11.006798445945606, 11.41905384301208, 11.550345554947853, 12.327031592023559, 20.554936025990173, 29.877158934017643, 33.219754655030556, 39.6565537690185, 39.65985059994273, 39.66311979200691, 55.40202490997035, 136.75396341399755, 306.069082319038, 1800.04791205097]","[626.0, 586.0, 584.0, 579.0, 558.0, 549.0, 548.0, 547.0, 546.0, 545.0, 543.0, 540.0, 535.0, 534.0, 533.0, 532.0, 529.0, 528.0, 526.0, 524.0, 523.0, 522.0, 518.0, 517.0, 516.0, 515.0, 514.0, 513.0, 512.0, 511.0, 510.0, 509.0, 509.0, 510.0, 511.0, 508.0, 507.0, 506.0, 506.0]",1801.3278229030548,8,0.8412877283661593,"[0.8041612030814621, 0.7460541066792542, 0.7931352982895974, 0.7474766863413151, 0.7427106457705179, 0.7031913290853178, 0.5950794367893983, 0.6537782566250373]","[0.33358188083845974, 0.12647896292397573, 0.1030727175123727, 0.1135019664431429, 0.16655647550902392, 0.18747646517159075, 0.15279548534121706, 0.12372619803138302]","[250.1864106288448, 75.25498293976555, 59.78217615717616, 61.29106187929716, 81.61267299942172, 82.48964467549993, 62.646148989899, 85.9897076318112]","[2.2, 1.95, 1.7, 1.9404040404040406, 1.931818181818182, 1.85, 1.6668560606060605, 1.75]",969.7798957709114,210.52708986919595,2.2,0.0467837977487102,0.2170874966444047,2.831565386033617,0.6691670389845967,"[750, 595, 580, 540, 490, 440, 410, 695]","[[0, 48, 63, 247, 23, 116, 52, 209, 238, 61, 82, 126, 134, 96, 180, 179, 154, 177, 220, 261, 259, 296, 164, 185, 187, 280, 51, 245, 189, 279, 90, 191, 144, 297, 188, 151, 155, 161, 150, 255, 269, 172, 243, 277, 183, 222, 241, 197, 214, 204, 231, 250, 230, 242, 278, 268, 281, 158, 264, 182, 194, 271, 186, 293, 160, 292, 216, 284, 190, 295, 232, 272, 171, 276, 210, 262, 211, 240, 192, 291, 299, 153, 162, 249, 229, 237, 248, 251, 226, 202, 256, 274, 152, 173, 174, 178, 203, 290, 298, 181, 223, 383, 213, 196, 246, 429, 353, 368, 163, 184, 257, 201, 212, 165, 206, 267, 265, 283, 233, 285, 369, 244, 282, 156, 217, 208, 225, 294, 166, 236, 168, 218, 169, 263, 275, 235, 258, 224, 252, 286, 170, 198, 195, 205, 207, 234, 215, 219, 221, 266], [157, 715, 606, 608, 716, 502, 579, 577, 610, 639, 600, 637, 687, 705, 740, 616, 735, 634, 666, 175, 193, 254, 626, 728, 647, 718, 661, 659, 813, 752, 620, 713, 678, 645, 672, 730, 739, 601, 625, 674, 701, 686, 726, 737, 630, 684, 711, 731, 676, 618, 698, 745, 721, 648, 604, 744, 623, 649, 655, 663, 680, 609, 700, 660, 633, 706, 652, 612, 651, 667, 670, 704, 707, 613, 738, 653, 685, 668, 690, 607, 658, 681, 697, 621, 749, 636, 642, 635, 656, 679, 638, 664, 725, 617, 692, 703, 714, 747, 614, 722, 627, 629, 641, 673, 723, 688, 669, 682, 695, 727, 159, 671, 615, 677, 694, 696, 227, 270, 273], [450, 599, 498, 472, 497, 589, 537, 538, 586, 454, 524, 559, 576, 458, 570, 525, 542, 464, 557, 504, 534, 588, 463, 553, 550, 597, 483, 567, 522, 468, 527, 561, 465, 501, 507, 499, 590, 515, 566, 572, 573, 467, 594, 512, 471, 528, 544, 582, 565, 595, 477, 591, 484, 531, 494, 488, 492, 583, 452, 580, 481, 455, 486, 514, 551, 460, 552, 485, 509, 470, 530, 453, 493, 539, 456, 513, 564, 474, 549, 490, 520, 523, 461, 476, 479, 545, 568, 457, 543, 495, 536, 736, 529, 462, 516, 466, 554, 506, 547, 480, 489, 496, 560, 459, 675, 746, 644, 717, 708, 473, 593, 578, 533, 541, 517, 526], [709, 888, 775, 834, 785, 811, 883, 758, 840, 817, 766, 835, 871, 877, 750, 771, 826, 891, 757, 894, 841, 870, 768, 889, 854, 822, 770, 864, 800, 809, 824, 898, 862, 863, 823, 845, 886, 756, 798, 764, 855, 791, 803, 810, 774, 788, 857, 762, 787, 853, 790, 884, 796, 848, 818, 804, 887, 778, 892, 820, 851, 852, 859, 896, 807, 861, 860, 765, 872, 773, 856, 881, 814, 836, 780, 839, 794, 806, 868, 781, 831, 850, 786, 897, 753, 847, 899, 793, 795, 869, 754, 829, 893, 759, 801, 808, 890, 895, 837, 880, 776, 782, 867, 873, 789, 792, 865, 874], [2, 129, 141, 124, 32, 81, 125, 131, 78, 13, 38, 17, 75, 73, 138, 87, 15, 41, 137, 109, 112, 119, 53, 79, 64, 86, 80, 108, 66, 562, 145, 31, 136, 34, 47, 105, 46, 69, 95, 91, 5, 26, 102, 147, 37, 146, 253, 167, 200, 260, 199, 18, 70, 135, 6, 106, 60, 100, 76, 35, 58, 99, 12, 123, 30, 45, 68, 117, 36, 84, 65, 71, 25, 40, 85, 50, 72, 33, 139, 49, 149, 7, 24, 74, 27, 43, 114, 128, 28, 133, 122, 55, 42, 62, 57, 92, 88, 142], [176, 348, 432, 436, 228, 287, 349, 351, 414, 318, 288, 323, 340, 391, 310, 327, 409, 300, 307, 401, 335, 394, 444, 389, 350, 367, 317, 364, 374, 420, 380, 425, 301, 305, 319, 331, 434, 338, 410, 438, 303, 398, 312, 328, 422, 314, 379, 388, 411, 326, 413, 423, 370, 329, 395, 360, 431, 361, 313, 332, 306, 404, 343, 446, 433, 363, 448, 396, 324, 346, 362, 320, 325, 322, 356, 403, 336, 342, 365, 397, 416, 437, 358, 390, 392, 428, 447, 377], [1, 110, 9, 89, 101, 10, 111, 19, 121, 39, 118, 140, 3, 107, 4, 93, 8, 127, 14, 22, 77, 54, 115, 83, 98, 16, 487, 56, 20, 97, 558, 571, 132, 44, 94, 103, 130, 555, 575, 104, 143, 148, 11, 59, 598, 113, 518, 120, 21, 519, 510, 535, 584, 548, 592, 556, 563, 574, 29, 587, 500, 581, 67, 596, 505, 478, 585, 451, 475, 508, 521, 469, 532, 482, 540, 503, 569, 546, 491, 511, 631, 732], [289, 441, 442, 333, 760, 376, 415, 345, 779, 347, 393, 400, 339, 352, 382, 316, 443, 783, 833, 355, 402, 381, 407, 435, 412, 772, 843, 302, 373, 366, 439, 755, 304, 417, 330, 386, 421, 424, 359, 419, 427, 371, 375, 308, 399, 418, 372, 344, 449, 387, 408, 440, 309, 341, 334, 315, 378, 385, 354, 430, 311, 384, 357, 321, 445, 405, 337, 406, 426, 602, 662, 611, 640, 643, 603, 724, 748, 619, 646, 741, 816, 699, 624, 710, 702, 650, 632, 665, 830, 875, 720, 767, 742, 751, 827, 842, 846, 769, 825, 885, 802, 605, 815, 799, 844, 683, 729, 712, 691, 693, 733, 734, 719, 763, 858, 761, 777, 832, 882, 622, 628, 819, 654, 797, 828, 838, 689, 743, 657, 876, 805, 849, 784, 879, 821, 878, 866, 812, 239]]","[0.16421546298079193, 0.13089329295326024, 0.12774845794774592, 0.1191700299968943, 0.10360895295161754, 0.0855451850220561, 0.5644541999790817, 0.14932150195818394]","[3.079892551060766, 0.34927124599926174, 0.19290837203152478, 0.5773801640607417, 0.5222790529951453, 0.18506296107079834, 0.08924721204675734, 0.15850295906420797]","[""OPTIMAL"", ""OPTIMAL"", ""OPTIMAL"", ""OPTIMAL"", ""OPTIMAL"", ""OPTIMAL"", ""OPTIMAL"", ""OPTIMAL""]","[92.0, 21.0, 36.0, 27.0, 55.0, 69.0, 30.0, 42.0]","[92.0, 21.0, 36.0, 27.0, 55.0, 69.0, 30.0, 42.0]","[0.127423350000754, 0.012192787951789796, 0.012280967086553574]","[676, 1450, 2134]",2134.0,"[0.3158471010392532, 0.19701851101126522, 0.15999485808424652]","[0.18199685995932668, 1.4095371658913791, 1.1097130660200492]","[0.004084201995283365, 0.10882126202341169, 4.536524594062939]",OPTIMAL,372.0,372.0,622.0,622.0,18.64951768488746,18.2756687522633
62,6,150,4500,750,2,10,1071,1800,8.281855275970884,[1.7011191199999303],[1800.0342875779606],TIME_LIMIT,553.0,549.0001846581965,0.0072329391352684,"[2.8718531660269946, 2.9277570199919865, 3.016737616970204, 3.018674234044738, 3.021004179958254, 3.6346215630182996, 3.6355127999559045, 3.636238215956837, 3.6369517010170966, 4.305192745057866, 4.311570612015203, 4.312784643960185, 4.314484038972296, 4.321386995958164, 4.323171747964807, 4.325836676056497, 4.373389667016454, 4.374258375028148, 4.375017734011635, 5.644159641000442, 6.527818017057143, 6.5313170260051265, 7.147947226068936, 7.430994256050326, 7.584053870057687, 10.62181702698581, 10.972889202064835, 11.923532670014538, 11.925136090954766, 12.0366771860281, 12.580017742002383, 12.926678693038411, 13.109254239010625, 16.28906917606946, 16.960815274040215, 25.09487813001033, 25.293717039050534, 25.388324702973478, 133.2045688770013, 149.75941400497686, 620.9237685929984, 1338.3710652630543, 1800.0321655870648]","[736.0, 694.0, 634.0, 631.0, 624.0, 621.0, 619.0, 618.0, 614.0, 605.0, 604.0, 596.0, 594.0, 593.0, 592.0, 591.0, 589.0, 588.0, 587.0, 580.0, 577.0, 576.0, 575.0, 574.0, 572.0, 570.0, 569.0, 568.0, 567.0, 566.0, 565.0, 564.0, 562.0, 561.0, 559.0, 558.0, 557.0, 556.0, 555.0, 554.0, 556.0, 553.0, 553.0]",1801.7354066979608,7,0.8685854178140641,"[0.8842944580664687, 0.7971835341549457, 0.838221334615432, 0.8257059743844475, 0.7184595888482118, 0.7585111111111111, 0.5294184606113361]","[0.10688906360099246, 0.1701162154287154, 0.1504101965079107, 0.16086116669871592, 0.19678656258352653, 0.25855627705627704, 0.13887727562784122]","[79.63235238273938, 125.88599941724941, 103.78303559045838, 110.1898991886204, 122.00766880178645, 129.27813852813853, 72.21618332647743]","[1.9272727272727272, 1.7448863636363636, 1.8499999999999996, 2.25, 1.668181818181818, 1.75, 2.1]",934.5982525297832,191.60497529431325,2.55,0.0425788833987362,0.2050131966066374,2.839534552069381,0.6739791360450909,"[745, 740, 690, 685, 620, 500, 520]","[[10, 472, 591, 555, 12, 562, 598, 506, 532, 567, 599, 468, 545, 504, 524, 574, 585, 536, 559, 578, 561, 563, 565, 503, 538, 505, 528, 534, 589, 594, 98, 519, 450, 575, 593, 451, 477, 581, 462, 570, 486, 495, 491, 572, 544, 500, 564, 552, 466, 512, 508, 543, 511, 560, 507, 549, 484, 568, 566, 537, 573, 571, 456, 501, 554, 529, 457, 499, 502, 576, 525, 467, 483, 587, 488, 516, 535, 526, 487, 521, 577, 461, 498, 691, 708, 465, 474, 523, 464, 473, 586, 38, 558, 518, 133, 482, 557, 485, 494, 547, 80, 144, 546, 548, 480, 582, 553, 596, 492, 522, 595, 531, 588, 455, 463, 533, 458, 556, 514, 471, 509, 453, 584, 475, 481, 520, 454, 551, 539, 579, 470, 460, 490, 476, 540, 496, 497, 541, 515, 597, 513, 542, 580, 469, 527, 583, 479, 590, 530], [73, 258, 238, 299, 198, 268, 243, 247, 199, 239, 162, 248, 290, 881, 152, 250, 225, 275, 197, 203, 244, 297, 166, 255, 204, 296, 178, 179, 192, 209, 257, 272, 161, 193, 195, 237, 264, 187, 217, 150, 190, 251, 158, 218, 215, 283, 234, 263, 276, 163, 232, 167, 286, 159, 279, 202, 240, 277, 254, 295, 196, 298, 206, 222, 291, 157, 670, 182, 226, 278, 726, 253, 176, 616, 170, 281, 191, 214, 267, 171, 210, 270, 400, 186, 211, 151, 224, 154, 228, 261, 223, 242, 173, 282, 288, 231, 284, 155, 259, 164, 274, 189, 227, 241, 292, 376, 169, 216, 233, 172, 262, 184, 208, 266, 205, 252, 213, 287, 207, 294, 200, 246, 249, 271, 220, 245, 310, 317, 447, 304, 316, 328, 350, 323, 379, 439, 383, 387, 165, 221, 183, 230, 269, 273, 168, 235, 188, 256], [0, 101, 120, 86, 34, 142, 135, 77, 117, 149, 2, 24, 39, 54, 25, 78, 44, 70, 16, 55, 49, 42, 180, 236, 50, 108, 289, 43, 97, 105, 138, 17, 76, 64, 40, 65, 59, 136, 103, 53, 27, 175, 26, 96, 37, 126, 61, 114, 102, 104, 110, 3, 67, 52, 60, 107, 122, 20, 90, 91, 145, 132, 89, 92, 113, 118, 119, 30, 510, 517, 146, 121, 71, 31, 33, 137, 74, 131, 4, 8, 22, 87, 94, 111, 116, 51, 143, 124, 57, 99, 66, 129, 28, 68, 35, 32, 36, 62, 123, 88, 115, 63, 83, 141, 9, 112, 15, 72, 140, 130, 19, 23, 29, 82, 493, 592, 6, 147, 13, 14, 41, 18, 148, 85, 79, 7, 100, 47, 75, 81, 106, 11, 69, 125, 134, 139, 93, 84], [174, 177, 341, 201, 229, 344, 443, 181, 293, 311, 348, 378, 386, 318, 338, 303, 409, 372, 342, 430, 396, 446, 403, 322, 333, 436, 327, 418, 347, 371, 419, 424, 300, 395, 413, 302, 357, 380, 365, 330, 410, 390, 417, 315, 449, 442, 408, 431, 332, 435, 343, 306, 381, 370, 416, 429, 334, 399, 414, 441, 314, 437, 358, 361, 438, 307, 329, 320, 366, 428, 313, 411, 384, 373, 422, 421, 434, 308, 309, 412, 433, 427, 345, 426, 407, 336, 337, 394, 440, 359, 445, 355, 367, 404, 360, 392, 331, 362, 356, 448, 301, 368, 389, 353, 382, 393, 444, 335, 432, 385, 401, 312, 397, 787, 346, 773, 321, 339, 811, 324, 415, 420, 305, 388, 351, 319, 349, 374, 391, 325, 363, 398, 425, 352, 364, 377, 369], [194, 744, 617, 682, 265, 212, 728, 624, 618, 687, 711, 734, 620, 625, 635, 662, 656, 714, 735, 657, 661, 668, 604, 609, 636, 677, 736, 647, 696, 666, 629, 710, 603, 649, 632, 606, 706, 631, 672, 663, 722, 612, 619, 674, 782, 868, 880, 621, 626, 683, 607, 664, 681, 654, 718, 684, 690, 642, 608, 707, 739, 747, 615, 695, 634, 703, 685, 650, 692, 688, 693, 713, 719, 637, 740, 798, 824, 862, 459, 569, 673, 627, 694, 743, 676, 698, 602, 733, 746, 610, 675, 605, 730, 699, 745, 611, 705, 633, 659, 639, 697, 622, 630, 712, 729, 717, 715, 550, 724, 748, 638, 648, 669, 645, 658, 721, 720, 738, 653, 667, 671, 689, 731, 742], [340, 406, 423, 848, 865, 770, 808, 771, 750, 784, 767, 788, 810, 840, 751, 777, 860, 853, 833, 839, 877, 892, 879, 846, 874, 753, 779, 826, 899, 831, 774, 796, 785, 895, 786, 791, 821, 882, 890, 752, 818, 768, 878, 801, 822, 832, 794, 806, 866, 872, 766, 819, 825, 856, 761, 783, 803, 850, 772, 847, 843, 867, 891, 829, 871, 758, 869, 883, 802, 851, 896, 852, 781, 888, 764, 816, 807, 815, 776, 778, 809, 823, 845, 870, 754, 789, 844, 863, 820, 876, 835, 857, 775, 812, 875, 889, 836, 838, 793, 834], [326, 405, 757, 858, 402, 641, 893, 756, 861, 854, 354, 817, 887, 762, 864, 660, 700, 859, 885, 769, 665, 780, 884, 805, 804, 849, 375, 827, 830, 837, 897, 898, 894, 765, 600, 640, 828, 623, 702, 759, 763, 797, 795, 799, 873, 886, 678, 790, 760, 792, 813, 755, 842, 800, 814, 601, 732, 841, 855, 614, 613, 686, 628, 741, 727, 655, 737, 701, 1, 127, 5, 128, 95, 46, 21, 58, 153, 260, 45, 56, 109, 156, 185, 285, 48, 478, 452, 489, 651, 716, 680, 160, 280, 749, 219, 644, 646, 652, 643, 679, 723, 704, 709, 725]]","[0.16874550702050328, 0.15264984196983278, 0.14939339505508542, 0.1321190840099007, 0.6028707020450383, 0.09092144598253071, 0.13262827007565647]","[0.7949946549488232, 0.696878838003613, 1.076655181008391, 0.9242838750360534, 1.4555006220471114, 1.1952620620140806, 0.06419408100191504]","[""OPTIMAL"", ""OPTIMAL"", ""OPTIMAL"", ""OPTIMAL"", ""OPTIMAL"", ""OPTIMAL"", ""OPTIMAL""]","[58.0, 62.0, 54.0, 74.0, 83.0, 63.0, 46.0]","[58.0, 62.0, 54.0, 74.0, 83.0, 63.0, 46.0]","[0.12510207889135927, 0.012850558967329562, 0.01273609499912709, 0.012046454008668661]","[580, 1342, 2046, 2755]",2755.0,"[0.30536185298115015, 0.20658921007998288, 0.1665881120134145, 0.13176463299896568]","[0.15715519792865962, 1.3435476300073788, 0.9608133939327672, 1.4618550799787045]","[0.0034176919143646955, 0.10055291699245572, 0.11241295502986759, 1278.1753389190417]",OPTIMAL,440.0,440.0,598.0,598.0,7.525083612040134,1294.4387440280989
62,6,150,4500,750,2,10,1072,1800,9.42561111797113,[1.6763454049360007],[1800.0399099859642],TIME_LIMIT,485.0,474.0,0.022680412371134,"[3.3274564599851146, 3.3284658800112084, 3.32938175695017, 3.3303910680115223, 3.331421363982372, 3.3324243359966204, 3.84954662702512, 3.8616785790072754, 3.862973893992603, 3.86517137195915, 3.880657381960191, 3.903829163988121, 3.9390806789742783, 3.9456765269860625, 4.838906369986944, 4.843775307992473, 4.845721837016754, 5.34315168694593, 5.7104957739356905, 5.712551360018551, 5.715290143969469, 5.723241820000112, 6.660569941974245, 6.714115699985996, 9.602207010961138, 9.603820191929117, 10.703662103973329, 11.342727466020733, 11.919945328030735, 12.239452929003164, 12.71387616393622, 12.715297268005088, 12.892502935021184, 12.893905639997683, 13.089828029973432, 13.249638682929799, 15.773121549980715, 20.852229324984364, 24.07542523695156, 25.015519083011895, 165.30779209802859, 291.5209496009629, 799.1126791069983, 1128.1980615790235, 1800.037794378004]","[702.0, 642.0, 564.0, 553.0, 552.0, 551.0, 547.0, 545.0, 532.0, 531.0, 529.0, 527.0, 526.0, 524.0, 523.0, 519.0, 518.0, 516.0, 512.0, 511.0, 510.0, 509.0, 508.0, 507.0, 506.0, 505.0, 504.0, 503.0, 502.0, 501.0, 500.0, 499.0, 498.0, 497.0, 496.0, 494.0, 493.0, 492.0, 491.0, 489.0, 488.0000000000001, 487.0, 486.0, 485.0, 485.0]",1801.7162553909,7,0.8966490973573763,"[0.8142330951400206, 0.8309703493821208, 0.9191136121542087, 0.9188794014697412, 0.8212869105332745, 0.7337035407961293, 0.598561738475066]","[0.1627145402988349, 0.1305615402834142, 0.3127333997815003, 0.21330738591810072, 0.20278110514126663, 0.04452413759874566, 0.0787553258335867]","[119.59518711964365, 95.30992440689238, 225.16804784268018, 151.44824400185152, 103.41836362204597, 20.92634467141046, 49.22207864599169]","[1.777777777777778, 1.5736842105263158, 2.1050505050505053, 2.0, 1.7428571428571427, 1.7, 1.631818181818182]",852.1721974042682,87.08400709375235,2.1050505050505053,0.0193520015763894,0.1021906222227263,2.8765720180235803,0.6790698360418901,"[735, 730, 720, 710, 510, 470, 625]","[[23, 223, 250, 279, 167, 180, 204, 67, 147, 119, 93, 142, 278, 92, 234, 221, 155, 159, 260, 227, 172, 267, 298, 153, 292, 186, 157, 229, 150, 255, 246, 190, 265, 185, 251, 201, 270, 231, 238, 194, 203, 220, 266, 293, 182, 208, 209, 158, 168, 173, 178, 215, 237, 200, 271, 222, 243, 176, 183, 181, 297, 272, 269, 604, 714, 160, 169, 196, 257, 638, 210, 299, 287, 212, 254, 288, 274, 247, 174, 206, 226, 264, 280, 202, 244, 284, 151, 286, 152, 281, 156, 349, 184, 211, 199, 409, 154, 230, 214, 232, 242, 295, 252, 276, 405, 388, 336, 427, 419, 161, 225, 240, 277, 162, 248, 205, 228, 187, 198, 273, 262, 189, 217, 177, 253, 192, 233, 197, 239, 188, 294, 191, 163, 175, 282, 291, 268, 193, 207, 296, 218, 245, 285, 164, 236, 216, 258], [131, 224, 290, 737, 219, 653, 729, 674, 692, 600, 668, 625, 683, 651, 715, 697, 626, 627, 669, 726, 637, 703, 742, 660, 500, 665, 512, 735, 645, 689, 664, 672, 719, 717, 738, 633, 723, 744, 656, 671, 713, 704, 615, 675, 644, 739, 666, 679, 681, 686, 670, 616, 673, 609, 745, 732, 682, 718, 720, 647, 657, 724, 734, 699, 610, 696, 743, 621, 733, 695, 705, 618, 771, 707, 709, 687, 716, 728, 601, 649, 603, 654, 667, 648, 685, 710, 708, 623, 640, 676, 607, 620, 617, 694, 747, 661, 677, 614, 642, 650, 727, 613, 662, 706, 690, 602, 635, 658, 678, 701, 712, 740, 730, 624, 628, 629, 655, 691, 606, 608, 659, 684, 746, 612, 722, 643, 741, 663, 711, 634, 725, 605, 680, 622, 749, 630, 652, 698, 631, 611, 731, 774, 784, 804, 632, 693], [619, 852, 768, 688, 702, 721, 806, 813, 877, 753, 772, 761, 791, 811, 823, 765, 861, 886, 781, 800, 830, 878, 636, 788, 856, 812, 764, 818, 829, 793, 850, 750, 751, 762, 756, 869, 792, 849, 807, 801, 896, 845, 882, 825, 885, 893, 757, 876, 873, 848, 871, 880, 846, 865, 805, 855, 754, 760, 883, 767, 826, 837, 810, 763, 884, 778, 879, 859, 770, 808, 864, 863, 773, 799, 766, 795, 844, 899, 752, 790, 819, 853, 868, 769, 814, 866, 847, 759, 841, 755, 782, 787, 794, 809, 822, 833, 898, 870, 776, 777, 779, 816, 854, 786, 857, 798, 891, 875, 890, 758, 820, 831, 832, 895, 858, 775, 872, 827, 892, 780, 881, 817, 785, 797, 815, 843, 860, 874, 851, 862, 889, 789, 840, 783, 824, 803, 842, 894, 828, 835, 839, 897, 834, 838], [0, 8, 81, 35, 120, 19, 53, 56, 149, 127, 22, 40, 91, 82, 46, 97, 140, 58, 89, 121, 125, 2, 43, 11, 17, 26, 122, 126, 41, 86, 134, 45, 5, 28, 51, 133, 102, 16, 84, 136, 33, 99, 57, 4, 90, 47, 138, 170, 71, 98, 101, 132, 3, 31, 76, 39, 29, 10, 12, 30, 63, 6, 591, 104, 143, 7, 80, 95, 38, 100, 64, 65, 141, 74, 130, 117, 79, 96, 135, 111, 579, 1, 109, 48, 62, 110, 112, 75, 113, 116, 25, 85, 83, 129, 21, 72, 124, 128, 49, 103, 137, 9, 118, 18, 32, 55, 13, 27, 114, 105, 44, 108, 139, 20, 24, 94, 36, 37, 60, 34, 73, 78, 115, 148, 69, 88, 144, 42, 145, 146, 50, 59, 14, 106, 87, 15, 107, 52, 54, 61, 123, 77], [300, 378, 337, 402, 401, 375, 437, 434, 360, 425, 372, 377, 412, 417, 302, 333, 338, 444, 315, 329, 371, 407, 347, 305, 356, 322, 361, 432, 324, 303, 415, 318, 397, 421, 399, 304, 350, 445, 380, 391, 448, 370, 311, 384, 352, 381, 307, 385, 430, 436, 328, 408, 319, 332, 355, 368, 379, 344, 365, 410, 404, 313, 367, 325, 339, 359, 435, 369, 442, 426, 346, 422, 433, 392, 382, 438, 411, 420, 316, 383, 343, 418, 440, 389, 406, 321, 314, 330, 335, 340, 400, 441, 312, 366, 357, 317, 334, 393, 376, 413, 395, 446], [66, 573, 471, 576, 70, 536, 568, 494, 514, 518, 487, 580, 551, 515, 556, 517, 68, 534, 460, 482, 548, 468, 501, 522, 542, 567, 490, 529, 571, 527, 552, 455, 594, 507, 511, 537, 458, 473, 541, 484, 532, 736, 530, 589, 581, 558, 450, 469, 509, 544, 477, 504, 597, 483, 570, 553, 586, 510, 456, 451, 598, 585, 533, 555, 452, 599, 472, 505, 497, 590, 462, 502, 526, 491, 588, 493, 554, 459, 587, 470, 582, 525, 557, 528, 559, 550, 503, 583, 506, 524, 543, 572, 592, 595], [453, 516, 538, 475, 519, 457, 547, 508, 575, 461, 531, 565, 467, 562, 521, 569, 464, 478, 561, 748, 465, 641, 564, 574, 466, 454, 496, 560, 523, 700, 513, 540, 596, 520, 566, 476, 481, 499, 578, 539, 463, 489, 479, 495, 546, 577, 545, 639, 474, 488, 584, 492, 563, 498, 480, 485, 486, 549, 535, 593, 165, 256, 348, 390, 166, 195, 283, 301, 362, 646, 308, 323, 327, 354, 398, 309, 802, 331, 394, 351, 449, 326, 387, 342, 439, 396, 423, 341, 353, 428, 867, 364, 424, 171, 403, 179, 235, 259, 320, 358, 373, 416, 213, 249, 263, 241, 261, 275, 289, 443, 306, 310, 836, 821, 796, 887, 429, 447, 431, 888, 345, 374, 414, 386, 363]]","[0.15960964700207114, 0.16773710295092314, 0.13202658400405198, 0.1420724909985438, 0.09091018792241812, 0.585947631043382, 0.14473113196436316]","[0.9568482539616525, 0.8294257719535381, 33.106442213989794, 3.020966388983652, 0.29196417494677007, 0.12193734501488507, 0.09885595901869237]","[""OPTIMAL"", ""OPTIMAL"", ""OPTIMAL"", ""OPTIMAL"", ""OPTIMAL"", ""OPTIMAL"", ""OPTIMAL""]","[78.0, 51.0, 103.0, 85.0, 43.0, 25.0, 27.0]","[78.0, 51.0, 103.0, 85.0, 43.0, 25.0, 26.999999999999996]","[0.12519564502872527, 0.014242556993849576, 0.013153683976270258]","[480, 1219, 1918]",1918.0,"[0.2522639469243586, 0.20264800591394305, 0.16136965493205935]","[0.12412288796622306, 0.8446894770022482, 1.3506811539409682]","[0.002817915054038167, 0.09345834201667458, 10.397606287966482]",OPTIMAL,412.0,412.0,554.0,554.0,12.454873646209386,56.98736629553605
62,7,150,5250,750,2,10,570,1800,9.83469037199393,[1.5354186489712447],[1800.0598121648654],TIME_LIMIT,501.0,494.0,0.0139720558882235,"[4.401693365070969, 4.402578252134845, 4.403445394011214, 4.404392453143373, 4.405257291160524, 4.406211717054248, 4.407146413112059, 4.408087691990659, 5.006865071132779, 5.027934174053371, 5.0295826040674, 5.031955674057826, 5.0493390541523695, 5.050926198018715, 5.054558689007536, 5.058720251079649, 6.039353039115667, 6.0409940669778734, 6.450168768176809, 6.451335650170222, 6.930603280197829, 6.958103663986549, 6.961122113047168, 9.205883785150945, 13.59055856615305, 14.399658604059368, 14.658108428120613, 15.302105954149738, 15.759905558079481, 24.831383713055402, 31.255049765110016, 34.681931202998385, 44.060791263123974, 51.68903317418881, 103.9274700160604, 232.4959104519803, 1800.05750011513]","[770.0, 682.0, 666.0, 660.0, 567.0, 565.0, 564.0, 560.0, 556.0, 555.0, 531.0, 528.0, 527.0, 526.0, 524.0, 523.0, 522.0, 520.0, 518.0, 517.0, 516.0, 515.0, 514.0, 513.0, 512.0, 511.0, 510.0, 509.0, 508.0, 507.0, 506.0, 505.0, 504.0, 503.0, 502.0, 501.0, 501.0]",1801.595230813837,9,0.8548646047017225,"[0.8423164681976593, 0.8968667939536955, 0.9344933616874533, 0.7232153084256983, 0.7989726431224574, 0.6577700269173902, 0.653823795086439, 0.5608762098828324, 0.5702535187472942]","[0.17721765813198045, 0.32568995616685, 0.15358352876050718, 0.18584981858688515, 0.1047229032385622, 0.08949224184736503, 0.08653854426475019, 0.038694381747069136, 0.1670066576618337]","[131.14106701766553, 236.12521822096625, 101.36512898193475, 112.43914024506552, 63.357356459330134, 42.06135366826156, 40.24042308310884, 15.864696516298347, 95.19379486724522]","[2.243478260869565, 2.2, 1.817132867132867, 1.7954545454545454, 1.55, 1.768181818181818, 1.8970588235294117, 1.3868421052631579, 1.8140468227424749]",1035.2874309203987,197.4992518605227,2.243478260869565,0.03761890511629,0.1907675549434128,3.3240060908719897,0.801199859008193,"[740, 725, 660, 605, 605, 470, 465, 410, 570]","[[0, 145, 27, 75, 97, 116, 58, 136, 1, 83, 51, 78, 24, 21, 43, 2, 50, 56, 13, 63, 81, 33, 127, 112, 45, 98, 17, 107, 52, 93, 103, 132, 25, 70, 48, 92, 117, 10, 38, 129, 47, 455, 96, 42, 68, 41, 86, 73, 3, 94, 15, 87, 130, 16, 64, 113, 126, 6, 95, 12, 61, 144, 214, 4, 80, 125, 88, 9, 35, 106, 111, 57, 122, 59, 138, 118, 134, 5, 101, 102, 123, 124, 49, 82, 18, 90, 104, 140, 28, 89, 62, 79, 141, 128, 32, 74, 77, 67, 149, 178, 60, 148, 222, 114, 120, 76, 119, 7, 72, 507, 555, 595, 31, 461, 520, 20, 147, 34, 39, 22, 30, 570, 137, 489, 91, 143, 518, 65, 108, 142, 588, 29, 69, 99, 131, 465, 8, 26, 71, 100, 37, 44, 84, 46, 55, 66, 85, 133], [281, 334, 428, 283, 301, 304, 350, 351, 358, 414, 417, 445, 385, 406, 435, 308, 314, 375, 377, 317, 337, 349, 449, 316, 355, 391, 311, 339, 360, 427, 368, 444, 408, 422, 312, 359, 434, 392, 302, 384, 307, 361, 305, 433, 329, 380, 378, 405, 446, 420, 387, 868, 318, 331, 412, 362, 410, 319, 324, 341, 395, 442, 342, 390, 411, 441, 320, 400, 386, 430, 322, 425, 348, 413, 415, 447, 328, 353, 437, 373, 315, 365, 340, 403, 369, 443, 356, 448, 371, 432, 396, 429, 326, 404, 366, 407, 330, 379, 383, 398, 346, 393, 374, 424, 343, 367, 388, 300, 325, 338, 418, 309, 335, 344, 402, 376, 397, 333, 357, 327, 436, 431, 438, 394, 439, 332, 372, 399, 401, 416, 363, 426, 347, 419, 421, 303, 321, 352, 381, 364, 423, 323, 345, 835, 773], [900, 949, 982, 908, 955, 1033, 940, 1035, 1040, 907, 1045, 941, 928, 1019, 958, 1022, 1046, 901, 944, 927, 1026, 945, 934, 937, 1047, 913, 962, 918, 967, 986, 957, 952, 1000, 975, 970, 1017, 924, 929, 936, 979, 1018, 904, 1023, 959, 989, 995, 910, 932, 961, 980, 1011, 984, 999, 1032, 930, 1027, 1020, 902, 938, 972, 1043, 942, 1004, 998, 950, 951, 1013, 905, 978, 1028, 1002, 939, 1012, 974, 988, 964, 971, 1024, 991, 1005, 977, 997, 996, 969, 983, 987, 1048, 906, 917, 922, 976, 954, 1042, 1010, 1003, 912, 926, 916, 1006, 1009, 933, 968, 1014, 903, 909, 948, 963, 1021, 935, 985, 911, 931, 953, 1034, 943, 1015, 1038, 923, 1031, 1037, 1049, 914, 993, 990, 919, 965, 1001, 920, 956, 981, 1025, 1041], [40, 146, 295, 173, 189, 230, 212, 152, 277, 204, 186, 289, 253, 265, 238, 166, 226, 247, 288, 157, 194, 215, 218, 242, 245, 219, 294, 237, 233, 256, 179, 275, 229, 255, 197, 216, 296, 210, 205, 206, 298, 272, 285, 239, 282, 150, 260, 167, 273, 160, 231, 192, 389, 232, 240, 170, 176, 270, 181, 202, 228, 155, 172, 156, 180, 171, 174, 279, 225, 259, 248, 163, 748, 168, 203, 266, 188, 200, 252, 287, 183, 209, 187, 685, 727, 207, 184, 251, 241, 610, 243, 297, 235, 261, 153, 195, 190, 278, 191, 196, 164, 213, 165, 409, 169, 198, 158, 193, 291, 299, 224, 280, 276, 293, 208, 217, 246, 221, 227, 286, 269], [686, 819, 814, 895, 793, 829, 762, 883, 781, 899, 764, 801, 823, 841, 766, 771, 809, 827, 791, 803, 796, 799, 820, 816, 798, 757, 857, 789, 772, 777, 891, 797, 767, 851, 826, 887, 818, 856, 761, 825, 769, 844, 780, 785, 872, 806, 890, 821, 808, 832, 758, 778, 790, 813, 840, 878, 862, 815, 843, 859, 866, 775, 782, 837, 875, 750, 893, 752, 849, 779, 896, 830, 861, 889, 760, 894, 817, 871, 882, 755, 884, 865, 867, 768, 864, 888, 792, 845, 847, 869, 877, 756, 855, 836, 763, 831, 848, 783, 853, 810, 873, 854, 897, 860, 879, 874, 885, 886, 751, 828, 759, 839, 858, 788, 850, 786, 842, 800, 846, 881, 876], [115, 135, 484, 582, 553, 557, 593, 571, 598, 1029, 452, 576, 551, 546, 564, 554, 529, 572, 549, 573, 567, 456, 457, 587, 514, 488, 508, 545, 497, 523, 591, 453, 540, 478, 552, 539, 462, 531, 562, 502, 537, 521, 565, 574, 569, 459, 597, 490, 559, 454, 504, 464, 581, 513, 486, 563, 522, 550, 566, 450, 538, 583, 463, 499, 528, 477, 586, 524, 498, 617, 718, 466, 474, 577, 471, 533, 526, 482, 530, 468, 506, 480, 500, 594, 470, 495, 542, 479, 493, 496, 535, 560, 536, 596], [220, 659, 638, 652, 665, 700, 740, 603, 710, 656, 663, 670, 733, 611, 671, 648, 749, 747, 602, 632, 639, 722, 705, 709, 724, 731, 725, 600, 726, 721, 628, 649, 695, 702, 699, 707, 715, 620, 626, 635, 601, 644, 640, 703, 605, 622, 613, 623, 636, 664, 746, 669, 720, 634, 892, 658, 607, 734, 679, 719, 633, 693, 712, 744, 609, 714, 660, 667, 728, 657, 666, 627, 662, 647, 701, 730, 672, 704, 717, 608, 741, 654, 651, 673, 616, 723, 646, 653, 824, 655, 822, 692, 674], [11, 14, 121, 19, 271, 139, 53, 54, 36, 109, 161, 151, 236, 211, 254, 223, 244, 262, 690, 23, 105, 736, 110, 284, 631, 624, 159, 175, 234, 737, 625, 729, 561, 599, 606, 697, 713, 743, 661, 696, 177, 263, 290, 618, 258, 267, 292, 738, 199, 250, 682, 708, 680, 264, 274, 642, 675, 630, 711, 650, 678, 469, 676, 689, 487, 698, 960, 516, 925, 739, 742, 604, 677, 706, 645, 637, 683, 612, 716, 643, 735, 732], [451, 501, 515, 475, 492, 532, 517, 568, 590, 458, 467, 589, 592, 585, 472, 505, 534, 547, 548, 580, 509, 525, 558, 584, 460, 1039, 491, 921, 543, 1016, 476, 575, 512, 946, 994, 1007, 1036, 966, 1030, 992, 473, 519, 556, 511, 578, 579, 481, 483, 494, 503, 541, 544, 510, 947, 973, 527, 684, 915, 1008, 1044, 485, 154, 370, 268, 615, 870, 257, 641, 687, 784, 774, 811, 834, 787, 162, 201, 185, 306, 354, 440, 182, 310, 313, 249, 668, 336, 382, 776, 795, 753, 804, 838, 863, 754, 794, 805, 852, 812, 770, 802, 833, 614, 621, 898, 619, 629, 691, 688, 745, 694, 880, 681, 765, 807]]","[0.36116410978138447, 0.13722171704284847, 0.12109409994445741, 0.3423488091211766, 0.11320844502188265, 0.1293910921085626, 0.10796224884688854, 0.11601691599935293, 0.14778091991320252]","[1.7155195050872862, 5.227377847069874, 0.5740902391262352, 0.5870062890462577, 0.17879524384625256, 0.10014980286359787, 0.1422230820171535, 0.050071308854967356, 0.08449920103885233]","[""OPTIMAL"", ""OPTIMAL"", ""OPTIMAL"", ""OPTIMAL"", ""OPTIMAL"", ""OPTIMAL"", ""OPTIMAL"", ""OPTIMAL"", ""OPTIMAL""]","[67.0, 93.0, 56.0, 57.0, 28.0, 11.0, 31.0, 19.0, 20.0]","[67.0, 93.0, 56.0, 57.0, 28.0, 11.0, 31.0, 19.0, 20.0]","[0.3943755889777094, 0.014026330783963203, 0.014257602160796523, 0.013518464984372258]","[725, 1569, 2373, 3172]",3172.0,"[0.35461787693202496, 0.21734402095898986, 0.17721610120497644, 0.1456928919069469]","[0.21326361712999642, 1.4160529538057745, 1.4906014918815345, 1.5746073839254677]","[0.004227063851431012, 0.12355839414522052, 0.13158607692457736, 1800.060629217187]",TIME_LIMIT,382.0,382.0,552.0,550.0,9.23913043478261,1820.7067019033711
62,7,150,5250,750,2,10,571,1800,8.242156998021528,[1.8437764069531113],[1800.035661081085],TIME_LIMIT,651.0,640.0,0.0168970814132104,"[7.088437372120097, 7.138040785910562, 7.207536143949255, 7.2298058569431305, 7.232906519901007, 7.235564347123727, 7.23699959507212, 7.252312455093488, 7.2537825249601156, 7.2576406160369515, 7.259224684908986, 7.274560674093664, 7.276051166001707, 7.293841555947438, 7.342930322047323, 7.511422588024288, 8.522496358025819, 8.525061999913305, 8.52762269298546, 8.546974986093119, 8.548680088948458, 8.579190578078851, 8.70541836693883, 8.70879521407187, 10.054533228976652, 10.1032599050086, 10.127472633030266, 10.99198970803991, 11.009280317928642, 11.010903043905273, 16.013027020031586, 16.987601154949516, 17.74567578290589, 17.894731458975002, 18.220596686936915, 18.358412964036688, 18.527427803026512, 18.65342068998143, 32.04579773102887, 33.133439016062766, 48.6141389880795, 50.74125642911531, 104.3432017150335, 322.65422579296865, 347.93348586093634, 538.5343625089154, 1101.1098884379026]","[829.0, 782.0, 774.0, 763.0, 761.0, 757.0, 748.0, 725.0, 720.0, 716.0, 715.0, 709.0, 706.0, 705.0, 704.0, 700.0, 690.0, 685.0, 684.0, 682.0, 681.0, 680.0, 679.0, 678.0, 677.0, 676.0, 675.0, 674.0, 673.0, 671.0, 668.0, 666.0, 665.0, 664.0, 663.0, 662.0, 661.0, 660.0, 659.0, 658.0, 656.0, 655.0, 654.0, 653.0, 652.0, 651.0, 651.0]",1801.879437488038,9,0.845335456891307,"[0.800861954898588, 0.7730136457908242, 0.9059868026394721, 0.8338673578372348, 0.6943847624459163, 0.734525307206486, 0.6383387675379552, 0.6250686767905412, 0.4542685882314926]","[0.06358707441795675, 0.20683997373897373, 0.31294051590316074, 0.1298319410624098, 0.15653850559709356, 0.20182956748702213, 0.06839555598954097, 0.12250031965221837, 0.0773688998517374]","[47.69030581346756, 143.75378174858673, 214.3642533936651, 83.09244227994228, 98.61925852616895, 118.07029697990795, 33.513822434875074, 48.387626262626256, 29.400181943660208]","[1.7363636363636363, 2.0279891304347823, 2.3772727272727274, 1.65, 2.0930340557275544, 1.7772727272727273, 1.4, 2.1954545454545453, 1.809090909090909]",1059.856715870353,242.96474648745289,2.3772727272727274,0.0462789993309434,0.2292430126158151,3.2714252891018987,0.8038774938322604,"[750, 695, 685, 640, 630, 585, 490, 395, 380]","[[167, 671, 710, 177, 287, 227, 621, 729, 616, 664, 696, 734, 683, 614, 748, 623, 667, 681, 738, 299, 630, 644, 692, 737, 746, 704, 610, 624, 631, 732, 716, 676, 699, 733, 639, 724, 601, 731, 735, 665, 726, 600, 613, 690, 648, 684, 604, 661, 723, 740, 617, 698, 725, 673, 703, 652, 653, 777, 687, 688, 721, 602, 609, 656, 666, 743, 622, 705, 718, 637, 715, 632, 635, 675, 669, 711, 612, 615, 629, 641, 702, 695, 745, 619, 658, 747, 672, 678, 679, 736, 749, 463, 496, 500, 546, 709, 484, 655, 634, 720, 680, 685, 659, 707, 728, 556, 561, 654, 642, 701, 686, 603, 660, 620, 605, 626, 714, 682, 713, 650, 706, 694, 625, 633, 662, 645, 717, 722, 618, 670, 708, 663, 691, 700, 606, 646, 607, 668, 712, 608, 693, 638, 611, 739, 627, 741, 651, 697, 677, 689], [216, 397, 329, 343, 377, 374, 300, 311, 341, 413, 322, 331, 344, 442, 448, 307, 380, 402, 429, 350, 349, 419, 414, 315, 379, 319, 310, 381, 384, 320, 416, 353, 410, 371, 424, 433, 358, 418, 396, 393, 363, 432, 401, 400, 328, 345, 408, 352, 355, 314, 338, 447, 316, 389, 372, 406, 346, 446, 364, 357, 375, 362, 365, 441, 305, 425, 398, 426, 354, 407, 387, 317, 395, 412, 417, 339, 376, 428, 302, 443, 304, 409, 309, 382, 347, 415, 327, 360, 336, 383, 436, 308, 313, 359, 361, 423, 850, 811, 820, 837, 385, 431, 838, 783, 809, 367, 859, 318, 356, 421, 439, 445, 861, 892, 326, 348, 334, 330, 369, 321, 759, 427, 771, 826, 888, 337, 772, 830, 853, 312, 404, 351, 388, 366, 340, 394, 411, 373, 390], [501, 935, 932, 990, 1040, 1043, 918, 956, 957, 976, 992, 547, 926, 583, 960, 929, 942, 940, 1000, 1006, 988, 1016, 902, 938, 983, 1027, 913, 922, 1036, 924, 1007, 903, 1013, 910, 1008, 943, 923, 937, 1023, 1032, 904, 965, 919, 915, 1042, 927, 930, 941, 1024, 954, 1039, 934, 1017, 949, 986, 921, 1025, 963, 974, 973, 997, 945, 985, 1009, 993, 1030, 948, 961, 905, 1015, 917, 946, 1020, 920, 982, 952, 959, 970, 989, 1047, 911, 978, 1034, 964, 1022, 1028, 916, 958, 975, 1021, 967, 968, 928, 1019, 1041, 977, 1046, 999, 953, 996, 1018, 1037, 912, 979, 1003, 962, 987, 1031, 925, 966, 1049, 1014, 1044, 1001, 1045, 907, 1010, 1002, 1029, 939, 1004, 947, 994, 1011, 1012, 955, 971, 972, 981, 1035, 900, 909, 995, 1048, 901, 998, 1026], [306, 847, 804, 874, 858, 785, 852, 836, 770, 817, 831, 814, 818, 784, 800, 882, 816, 899, 815, 835, 776, 823, 802, 779, 870, 884, 878, 871, 799, 854, 821, 891, 887, 755, 766, 848, 839, 868, 872, 843, 775, 808, 857, 760, 780, 810, 841, 773, 849, 807, 881, 758, 895, 865, 869, 769, 851, 822, 846, 890, 829, 649, 768, 730, 761, 767, 756, 875, 751, 788, 797, 827, 765, 864, 786, 790, 803, 628, 862, 643, 742, 752, 833, 793, 845, 792, 806, 834, 880, 754, 762, 885, 825, 824, 856, 879, 828, 877, 757, 863, 860, 781, 893, 842, 873, 805, 894, 889, 764, 813, 819, 778, 886, 787, 794, 791, 876, 789, 866, 753, 798, 832, 883, 898, 782, 796, 812, 896], [8, 91, 131, 114, 491, 76, 16, 138, 132, 530, 490, 523, 584, 149, 543, 481, 592, 539, 555, 456, 479, 518, 548, 566, 578, 595, 474, 542, 477, 504, 516, 513, 478, 535, 596, 492, 558, 45, 483, 526, 454, 466, 557, 582, 505, 544, 568, 450, 475, 480, 473, 532, 485, 508, 458, 511, 489, 459, 521, 588, 471, 538, 597, 545, 529, 573, 914, 560, 587, 598, 452, 487, 517, 460, 503, 464, 969, 575, 931, 552, 569, 563, 1033, 1005, 590, 950, 906, 908, 991, 599, 944, 1038, 951, 936, 455, 519, 527, 550, 476, 512, 534, 562, 520, 531, 457, 580, 470, 522, 510, 540, 593, 494, 514, 647, 497, 574, 559, 525, 541, 579, 933, 980, 984, 551, 581, 570], [143, 201, 192, 158, 245, 173, 152, 164, 230, 236, 195, 242, 289, 261, 268, 154, 193, 172, 180, 203, 744, 254, 156, 186, 205, 235, 204, 163, 210, 178, 225, 237, 288, 157, 219, 271, 169, 283, 256, 273, 151, 161, 226, 171, 212, 281, 153, 272, 258, 264, 182, 285, 185, 220, 257, 255, 674, 155, 190, 222, 234, 162, 263, 165, 246, 166, 179, 278, 175, 280, 294, 184, 248, 298, 196, 241, 249, 240, 211, 291, 292, 252, 277, 267, 159, 233, 266, 189, 215, 297, 214, 293, 217, 239, 259, 243, 296, 188, 386, 228, 232, 290, 209, 224, 198, 238, 440, 260, 422, 229, 368, 303, 449, 183, 187, 231, 282], [4, 13, 126, 92, 35, 469, 10, 49, 15, 50, 553, 22, 115, 499, 80, 128, 533, 18, 135, 64, 70, 25, 206, 104, 28, 99, 62, 83, 148, 85, 125, 73, 112, 113, 146, 129, 21, 37, 101, 100, 109, 117, 42, 24, 111, 127, 34, 147, 38, 26, 515, 48, 57, 44, 118, 59, 84, 40, 65, 88, 110, 116, 90, 78, 95, 97, 103, 119, 14, 572, 30, 29, 89, 63, 207, 168, 66, 141, 200, 160, 202, 194, 213, 223, 269, 247, 17, 47, 105, 60, 79, 576, 451, 507, 636, 528, 727, 594], [0, 106, 124, 54, 53, 122, 1, 108, 139, 140, 2, 6, 133, 12, 107, 121, 3, 56, 5, 43, 137, 27, 67, 86, 7, 23, 130, 77, 142, 19, 123, 69, 75, 46, 74, 120, 71, 144, 11, 68, 52, 96, 87, 102, 9, 58, 61, 36, 134, 20, 41, 145, 82, 93, 31, 136, 98, 33, 94, 51, 32, 199, 81, 253, 275, 150, 265, 181, 208, 274, 170, 221, 244, 284, 295, 39, 279, 55, 72], [174, 430, 750, 323, 392, 301, 335, 286, 399, 444, 403, 405, 332, 342, 333, 324, 325, 391, 438, 378, 434, 437, 435, 420, 176, 250, 262, 640, 191, 657, 763, 795, 844, 801, 197, 218, 251, 270, 276, 370, 897, 719, 867, 774, 855, 840, 453, 486, 502, 524, 565, 509, 577, 498, 536, 462, 537, 488, 506, 468, 564, 461, 549, 567, 472, 467, 554, 465, 591, 589, 571, 586, 482, 585, 493, 495]]","[0.17623230000026524, 0.1266270880587399, 0.12609233101829886, 0.12549839192070067, 0.15388044295832515, 0.12547884811647236, 0.11459316010586917, 0.5810116359498352, 0.09525960893370211]","[0.6061378729064018, 0.5773515610489994, 2.375351498136297, 0.1712873848155141, 0.8158664179500192, 0.4795587689150125, 0.15478127403184772, 0.06579327397048473, 0.04948312393389642]","[""OPTIMAL"", ""OPTIMAL"", ""OPTIMAL"", ""OPTIMAL"", ""OPTIMAL"", ""OPTIMAL"", ""OPTIMAL"", ""OPTIMAL"", ""OPTIMAL""]","[46.0, 71.0, 83.0, 50.0, 73.0, 74.0, 18.0, 43.0, 20.0]","[46.0, 71.0, 83.0, 50.0, 73.0, 74.0, 18.0, 43.0, 20.0]","[0.14170886296778917, 0.01506305206567049, 0.01413602801039815, 0.014112662058323622]","[767, 1617, 2419, 3210]",3210.0,"[0.3545746421441436, 0.22136672399938107, 0.17799104005098343, 0.14248075685463846]","[0.22314917109906673, 1.0775688360445201, 1.5572622930631042, 1.6541005990002304]","[0.004882770124822855, 0.1177438551094383, 0.6348242862150073, 1800.0494287027977]",TIME_LIMIT,478.0,478.0,695.0,691.0,6.330935251798561,1817.39598204731
62,7,150,5250,750,2,10,572,1800,9.11808524094522,[1.5062174829654396],[1800.0287739038467],TIME_LIMIT,536.0,527.0,0.0167910447761194,"[3.4031450108159333, 3.4682567939162254, 3.5319612419698387, 3.5522490658331662, 3.5538743208162487, 3.556558382930234, 3.560110084945336, 3.586810908978805, 3.5883182988036424, 3.5915954927913845, 3.6338049399200827, 3.6730321019422263, 3.6764423938002437, 4.29044042294845, 4.291426325915381, 4.292295609833673, 4.293153588892892, 4.294007963966578, 4.2948970349971205, 4.295785410795361, 5.077665329910815, 5.078679401893169, 5.079546514898539, 5.080404691863805, 5.081281123915687, 5.0821834788657725, 5.0830382369458675, 5.083891524933279, 5.084752908907831, 5.251085062976927, 5.265651176916435, 5.267156449845061, 5.273045850917697, 6.772544391918927, 7.281968271825463, 7.2842433678451926, 7.29842156986706, 8.402746194973588, 8.508857437875122, 8.524393639992923, 11.712584319990128, 13.10788919380866, 14.321917646797374, 14.323640694841743, 14.840076941996813, 15.33693943778053, 16.539475105004385, 16.542745424900204, 16.741572718834504, 18.466976806987077, 50.56087740580551]","[835.0, 741.0, 704.0, 699.0, 641.0, 628.0, 624.0, 619.0, 616.0, 612.0, 611.0, 610.0, 607.0, 603.0, 602.0, 601.0, 600.0, 599.0, 598.0, 595.0, 585.0, 584.0, 581.0, 580.0, 574.0, 573.0, 572.0, 571.0, 570.0, 568.0, 567.0, 566.0, 565.0, 563.0, 560.0, 559.0, 556.0, 555.0, 554.0, 553.0, 552.0, 549.0, 548.0, 546.0, 542.0, 541.0, 540.0, 539.0, 538.0, 537.0, 536.0]",1801.534991386812,9,0.8638643407786061,"[0.7891940320149976, 0.8384506325233604, 0.8643688404820875, 0.8514766196531197, 0.8436855933670018, 0.7751366811122834, 0.6018609469040773, 0.5653356352565531, 0.5561569688768606]","[0.15424477066621034, 0.19081305813315763, 0.2668048048051216, 0.12912368988977552, 0.12188233222715983, 0.215426922507769, 0.06292700763288998, 0.10880857182940519, 0.09190583893554191]","[115.68357799965776, 139.29353243720507, 193.43348348371313, 89.09534602394511, 70.6917526917527, 104.48205741626796, 26.74397824397824, 39.17108585858587, 46.41244866244867]","[1.7080808080808083, 1.8526315789473684, 2.05, 1.5522727272727272, 2.083216783216783, 2.45, 1.4833333333333334, 1.95, 2.059090909090909]",987.287930825717,162.28066800816237,2.45,0.0309106034301261,0.1643701527600715,3.370555117027834,0.801788607146591,"[750, 730, 725, 690, 580, 485, 425, 360, 505]","[[4, 66, 127, 9, 47, 183, 216, 222, 151, 262, 284, 192, 257, 258, 156, 280, 171, 213, 256, 160, 179, 240, 246, 254, 125, 249, 161, 251, 292, 245, 8, 102, 122, 200, 210, 225, 24, 165, 74, 271, 275, 289, 154, 215, 244, 273, 196, 299, 199, 232, 294, 163, 214, 264, 208, 241, 185, 189, 173, 209, 272, 235, 212, 236, 198, 248, 230, 281, 263, 152, 153, 224, 234, 247, 166, 265, 188, 261, 194, 221, 157, 177, 168, 296, 229, 239, 268, 288, 174, 287, 217, 237, 277, 283, 243, 278, 293, 169, 223, 383, 191, 415, 231, 238, 297, 182, 219, 259, 250, 286, 291, 158, 170, 184, 201, 202, 162, 197, 178, 164, 440, 206, 211, 220, 227, 175, 270, 207, 285, 218, 260, 274, 176, 186, 193, 279, 203, 242, 150, 298, 155, 190, 159, 233, 282, 228, 195, 290, 312, 393], [305, 825, 838, 818, 808, 726, 868, 354, 846, 769, 860, 855, 759, 777, 896, 773, 821, 817, 831, 845, 756, 852, 822, 866, 882, 844, 849, 778, 827, 879, 812, 824, 886, 836, 892, 752, 794, 842, 864, 899, 819, 832, 830, 847, 761, 887, 807, 870, 843, 858, 804, 861, 876, 853, 754, 890, 766, 809, 802, 895, 820, 833, 834, 783, 889, 772, 787, 792, 851, 888, 779, 859, 891, 795, 784, 797, 880, 877, 799, 898, 848, 601, 618, 664, 611, 669, 871, 767, 770, 810, 840, 785, 801, 883, 798, 862, 878, 816, 823, 869, 751, 789, 875, 782, 841, 793, 800, 755, 758, 790, 813, 839, 872, 705, 707, 771, 865, 764, 829, 805, 788, 854, 826, 763, 815, 873, 760, 863, 768, 776, 893, 337, 370, 867, 828, 780, 791, 757, 786, 803, 775, 874, 811, 894, 884, 850], [300, 409, 384, 373, 316, 353, 423, 318, 411, 368, 885, 332, 361, 330, 346, 418, 426, 441, 307, 314, 762, 394, 326, 386, 317, 325, 374, 388, 320, 323, 406, 445, 336, 427, 339, 435, 333, 381, 360, 377, 341, 400, 348, 378, 382, 403, 301, 303, 308, 302, 352, 338, 347, 405, 449, 351, 306, 311, 334, 412, 429, 329, 408, 342, 345, 424, 430, 397, 420, 358, 433, 442, 359, 385, 387, 335, 375, 439, 436, 432, 389, 395, 313, 417, 321, 322, 431, 328, 401, 447, 372, 315, 365, 413, 419, 444, 371, 392, 319, 324, 399, 340, 448, 367, 428, 356, 425, 309, 416, 414, 446, 434, 350, 391, 310, 856, 750, 344, 781, 366, 796, 327, 398, 443, 407, 349, 422, 331, 380, 396, 410, 363, 376, 438, 379, 357, 362, 402, 304, 421, 437, 355, 364, 837, 774], [0, 82, 148, 140, 7, 20, 93, 76, 5, 109, 67, 17, 65, 56, 124, 25, 58, 103, 2, 57, 68, 111, 112, 135, 43, 147, 29, 35, 41, 110, 38, 126, 133, 72, 33, 77, 91, 105, 120, 116, 144, 6, 62, 104, 19, 119, 97, 61, 131, 37, 11, 132, 16, 107, 92, 149, 30, 118, 123, 145, 21, 42, 295, 44, 48, 138, 1, 55, 36, 101, 49, 89, 98, 470, 26, 99, 141, 14, 75, 28, 137, 15, 64, 52, 54, 27, 96, 136, 73, 79, 88, 85, 87, 115, 129, 139, 34, 63, 69, 84, 86, 39, 100, 70, 128, 146, 80, 10, 53, 60, 32, 113, 83, 78, 95, 143, 94, 18, 50, 59, 23, 51, 22, 81, 31, 134, 130, 71, 121, 142, 40, 46, 114, 547, 598, 13, 90, 45], [453, 908, 924, 987, 533, 1029, 578, 990, 1041, 1015, 464, 523, 905, 999, 487, 1018, 1030, 545, 1011, 903, 954, 478, 904, 1039, 983, 915, 928, 1023, 543, 958, 587, 1010, 593, 919, 970, 951, 965, 901, 1049, 1006, 1040, 938, 1044, 1036, 929, 941, 1009, 932, 964, 900, 969, 923, 967, 977, 942, 986, 1007, 1043, 912, 933, 934, 1008, 966, 993, 968, 982, 909, 920, 1004, 1014, 979, 984, 906, 1032, 913, 925, 1033, 1046, 943, 991, 1021, 907, 944, 1013, 1024, 910, 955, 921, 976, 957, 1038, 911, 1020, 916, 936, 978, 1026, 1012, 939, 989, 1017, 922, 974, 980, 1042, 931, 959, 960, 1000, 1002, 1016, 950, 996, 997, 1048, 1045], [451, 568, 507, 536, 546, 524, 504, 452, 491, 517, 596, 456, 528, 575, 496, 573, 514, 544, 460, 538, 531, 463, 597, 492, 465, 471, 469, 501, 477, 479, 499, 571, 506, 559, 458, 577, 525, 483, 518, 537, 572, 590, 457, 570, 535, 495, 540, 474, 555, 519, 589, 461, 488, 585, 527, 541, 472, 498, 569, 454, 466, 550, 526, 588, 534, 581, 467, 494, 468, 551, 563, 574, 576, 476, 594, 505, 553, 485, 579, 552, 497, 512, 599, 473, 503, 508, 510, 481, 532, 580, 542, 520, 565, 539, 493, 554, 567], [172, 643, 748, 628, 684, 667, 718, 637, 696, 680, 724, 616, 717, 671, 612, 668, 738, 656, 665, 727, 625, 678, 746, 740, 744, 682, 706, 600, 715, 745, 641, 700, 661, 623, 695, 642, 697, 725, 605, 710, 749, 631, 649, 731, 702, 660, 704, 619, 735, 632, 648, 736, 659, 714, 615, 687, 633, 686, 681, 698, 683, 621, 674, 685, 728, 835, 734, 737, 701, 729, 732, 747, 645, 654, 662, 620, 626, 739, 743, 629, 639, 646, 647, 730, 699], [204, 390, 635, 608, 672, 622, 644, 666, 475, 556, 610, 693, 733, 253, 255, 266, 609, 658, 673, 663, 716, 462, 530, 677, 708, 694, 486, 627, 721, 640, 679, 720, 692, 703, 691, 709, 515, 653, 676, 521, 561, 522, 558, 591, 566, 688, 484, 722, 670, 595, 962, 998, 1034, 602, 655, 723, 614, 742, 604, 652, 650, 606, 624, 689, 603, 617, 630, 638, 712, 711, 636, 675], [902, 961, 971, 940, 1035, 988, 956, 914, 946, 963, 973, 1031, 981, 917, 1022, 918, 992, 1001, 1047, 930, 949, 945, 1037, 952, 1003, 995, 1005, 927, 937, 985, 926, 972, 935, 994, 948, 1025, 953, 1028, 947, 1027, 975, 1019, 3, 108, 582, 500, 511, 459, 583, 12, 557, 560, 513, 117, 548, 450, 480, 482, 106, 252, 586, 269, 562, 592, 657, 455, 490, 713, 584, 529, 719, 489, 509, 502, 549, 516, 564, 167, 180, 267, 205, 226, 181, 634, 806, 607, 651, 690, 753, 765, 897, 187, 741, 857, 404, 276, 343, 881, 369, 613, 814]]","[0.6226364099420607, 0.14242742699570954, 0.1321961299981922, 0.14913802198134363, 0.10986265493556857, 0.11048520682379603, 0.10306448698975146, 0.08750829799100757, 0.6119875679723918]","[10.341289543081075, 4.695209351135418, 2.532758950954303, 0.20147938281297684, 0.18432186800055206, 0.22088451497256756, 0.10551585210487247, 0.07263007713481784, 0.055040608858689666]","[""OPTIMAL"", ""OPTIMAL"", ""OPTIMAL"", ""OPTIMAL"", ""OPTIMAL"", ""OPTIMAL"", ""OPTIMAL"", ""OPTIMAL"", ""OPTIMAL""]","[70.0, 60.0, 83.0, 73.0, 36.0, 38.0, 24.0, 7.0, 30.0]","[70.0, 60.0, 83.0, 73.0, 36.0, 38.0, 24.0, 7.0, 30.0]","[0.14759717416018248, 0.015643055085092783, 0.015206821961328387, 0.014802878955379128, 0.014382713008671999, 0.01422771206125617]","[673, 1560, 2421, 3250, 4041, 4821]",4821.0,"[0.32339147198945284, 0.23273520194925368, 0.19738684897311032, 0.15216328599490225, 0.1086810571141541, 0.06777130020782351]","[0.17803392885252833, 1.0987444669008255, 1.6478124589193612, 1.7355912821367383, 1.7679662490263581, 1.7661476829089224]","[0.0034830609802156687, 0.11364456010051072, 0.13254204695113003, 0.771901317872107, 1.2070395739283413, 1800.037616024958]",TIME_LIMIT,421.0,421.0,535.0,529.0,-0.1869158878504672,1836.4152922518551
62,7,150,5250,750,2,10,573,1800,10.639918311033398,[1.61058507906273],[1800.043184512062],TIME_LIMIT,544.0,532.0,0.0220588235294117,"[5.8678448889404535, 5.9439996459987015, 6.003384948940948, 6.014416937949136, 6.015947187086567, 6.018302597105503, 6.034661402925849, 6.036590916104615, 6.03911211900413, 6.132213830947876, 6.962212746031582, 6.963197787059471, 6.964124720077962, 6.965006494894624, 7.981871382100508, 7.992134801112115, 7.993748897919431, 7.996084893122315, 7.998718502931297, 8.311673962976784, 8.312642755918205, 8.313522323966026, 10.087536620907485, 10.088579894974828, 11.464770800899714, 11.468194452114403, 11.469697814900428, 14.265717022120953, 14.267843239940703, 14.403041524114087, 14.852502241032198, 15.120361584005877, 15.160232810070738, 15.4378415660467, 25.53569993004203, 26.593563423957676, 47.49335505091585, 51.71702439407818, 51.71822707494721, 51.719397970009595, 63.97664181096479, 100.64970076899044, 100.65354544389993, 100.65732182189822, 244.54088022001088, 286.0818794281222, 325.7464590880554]","[794.0, 722.0, 713.0, 710.0, 630.0, 626.0, 623.0, 622.0, 621.0, 614.0, 598.0, 597.0, 596.0, 593.0, 592.0, 591.0, 583.0, 582.0, 580.0, 578.0, 577.0, 576.0, 573.0, 572.0, 570.0, 569.0, 568.0, 567.0, 566.0, 564.0, 563.0, 562.0, 557.0, 556.0, 555.0, 554.0, 553.0, 552.0, 551.0, 550.0, 549.0, 549.0, 550.0, 551.0, 548.0, 547.0, 544.0]",1801.6537695911247,9,0.832090495242534,"[0.842783172713704, 0.8257376427914027, 0.6181800372220589, 0.7385196167436271, 0.8356069836395777, 0.7088572054674446, 0.6959512438520208, 0.5924566402272591, 0.5661151623234143]","[0.20755570929873482, 0.3154731159919504, 0.15893333298400703, 0.17660620760168266, 0.18417344228287827, 0.1372158725496994, 0.15931697810133397, 0.135482727236175, 0.10332620104539061]","[146.32677505560804, 205.05752539476777, 93.77066646056414, 103.31463144698436, 105.899729312655, 75.46872990233467, 78.06531926965364, 52.16084998592737, 74.39486475268124]","[2.35, 2.245454545454545, 1.7, 2.05, 1.8102564102564103, 1.7785714285714285, 1.85, 1.65, 1.9596491228070174]",1198.3887746903704,263.92968310919423,2.35,0.0502723205922274,0.220237112265313,3.398362613050267,0.8089985749684274,"[705, 650, 590, 585, 575, 550, 490, 385, 720]","[[1, 110, 100, 56, 93, 8, 38, 54, 119, 67, 13, 77, 78, 52, 7, 11, 90, 111, 133, 68, 79, 553, 31, 88, 37, 87, 4, 5, 120, 40, 71, 136, 109, 32, 104, 140, 501, 20, 61, 139, 147, 24, 452, 82, 477, 76, 97, 41, 121, 6, 65, 12, 105, 144, 15, 131, 50, 16, 73, 74, 123, 43, 66, 51, 53, 141, 2, 99, 27, 94, 130, 3, 49, 129, 132, 18, 127, 84, 122, 42, 58, 256, 86, 134, 17, 135, 21, 30, 46, 64, 106, 35, 91, 28, 69, 81, 152, 199, 275, 39, 116, 125, 208, 14, 92, 98, 22, 101, 146, 149, 33, 124, 57, 59, 145, 60, 63, 103, 10, 25, 117, 23, 113, 29, 72, 75, 126, 47, 108, 128, 19, 142, 137, 36, 45, 114, 34, 70, 95, 148, 26], [164, 181, 242, 437, 314, 301, 438, 415, 355, 323, 431, 338, 308, 346, 399, 315, 395, 420, 388, 440, 402, 372, 398, 333, 427, 341, 343, 303, 362, 324, 424, 409, 307, 434, 309, 347, 321, 349, 412, 328, 425, 446, 348, 357, 368, 430, 414, 432, 322, 441, 329, 371, 374, 448, 305, 360, 391, 316, 331, 361, 408, 356, 393, 396, 373, 385, 397, 382, 375, 411, 404, 300, 306, 351, 433, 335, 406, 416, 175, 354, 319, 417, 392, 426, 327, 380, 449, 390, 332, 403, 379, 334, 363, 421, 383, 340, 386, 376, 302, 311, 336, 312, 350, 439, 337, 378, 407, 310, 401, 377, 394, 442, 313, 384, 330, 344, 418, 353, 387, 381, 318, 364, 369, 419, 423, 428, 436, 773, 445, 367], [0, 688, 593, 291, 229, 617, 478, 637, 745, 248, 651, 639, 620, 606, 692, 673, 675, 713, 744, 697, 720, 730, 466, 499, 691, 643, 467, 544, 488, 568, 469, 480, 482, 9, 582, 475, 457, 560, 521, 473, 551, 486, 537, 484, 524, 500, 523, 580, 599, 462, 468, 451, 465, 519, 574, 546, 463, 592, 494, 495, 596, 455, 497, 504, 564, 567, 518, 526, 562, 532, 585, 48, 55, 85, 62, 118, 83, 89, 464, 558, 566, 586, 601, 602, 450, 490, 534, 453, 461, 492, 535, 476, 502, 552, 493, 590, 508, 549, 505, 536, 540, 573, 529, 459, 506, 550, 584, 527, 595, 542, 570, 581, 525, 543, 472, 520, 587, 548], [44, 253, 221, 260, 179, 201, 205, 80, 112, 96, 195, 107, 531, 115, 237, 193, 150, 236, 186, 272, 288, 206, 166, 217, 290, 240, 165, 220, 187, 232, 196, 210, 184, 293, 231, 154, 287, 170, 254, 207, 238, 268, 191, 227, 219, 266, 277, 160, 198, 241, 172, 269, 292, 295, 157, 174, 286, 214, 203, 230, 261, 274, 209, 273, 283, 249, 211, 284, 239, 244, 162, 247, 176, 224, 178, 194, 271, 168, 215, 298, 223, 285, 294, 171, 258, 280, 296, 102, 138, 235, 262, 151, 177, 173, 250, 289, 326, 756, 153, 213, 200, 728, 202, 281, 234, 183, 212, 216, 228, 299, 192, 218, 204, 143, 155, 188, 156], [902, 1012, 927, 932, 1015, 950, 947, 975, 1024, 957, 958, 1027, 955, 984, 985, 990, 1003, 1019, 992, 1016, 1043, 903, 909, 1013, 923, 970, 924, 1044, 1006, 1039, 912, 1011, 1032, 969, 989, 991, 1037, 921, 940, 974, 931, 965, 1014, 936, 1045, 908, 1029, 995, 939, 1026, 988, 938, 972, 1010, 956, 1047, 918, 1030, 944, 1041, 937, 913, 964, 1021, 951, 959, 978, 1009, 920, 1040, 1004, 996, 1005, 925, 973, 934, 979, 1038, 1001, 1046, 905, 1008, 1028, 907, 961, 910, 922, 968, 980, 930, 982, 954, 981, 994, 1002, 1042, 1035, 911, 1031, 942, 945, 917, 952, 926, 941, 976, 949, 963, 998, 1022, 946, 1033, 977, 987, 986], [297, 655, 743, 652, 661, 700, 654, 604, 737, 628, 658, 650, 694, 741, 742, 672, 687, 724, 605, 746, 696, 668, 662, 608, 682, 621, 702, 683, 706, 708, 610, 622, 733, 648, 624, 740, 748, 636, 677, 705, 714, 646, 600, 630, 704, 609, 663, 638, 709, 698, 716, 729, 723, 603, 619, 623, 659, 671, 653, 669, 738, 666, 690, 707, 701, 611, 614, 612, 681, 634, 645, 545, 627, 633, 607, 693, 732, 640, 660, 679, 685, 680, 719, 625, 721, 635, 734, 632, 647, 629, 711, 664, 699, 616, 736, 731, 717, 657, 665, 674, 522, 613, 703, 953, 1018, 667, 726, 904, 967, 1023], [317, 799, 857, 869, 822, 320, 444, 400, 413, 339, 821, 890, 830, 750, 813, 851, 345, 789, 798, 864, 359, 774, 778, 790, 784, 836, 751, 780, 879, 618, 747, 641, 893, 783, 868, 753, 763, 856, 861, 896, 782, 810, 840, 897, 776, 807, 874, 754, 765, 755, 772, 833, 860, 805, 762, 898, 873, 895, 767, 785, 803, 875, 838, 768, 814, 877, 779, 855, 769, 858, 804, 781, 795, 872, 894, 885, 797, 835, 818, 820, 841, 884, 888, 764, 854, 865, 792, 847, 812, 886, 791, 806, 863, 831, 834, 819, 832, 824], [325, 358, 752, 760, 352, 405, 410, 443, 826, 849, 889, 891, 759, 827, 850, 852, 770, 845, 815, 794, 844, 867, 899, 853, 887, 808, 626, 631, 642, 684, 870, 842, 689, 802, 725, 735, 837, 883, 644, 777, 882, 749, 809, 758, 828, 801, 866, 817, 892, 829, 715, 871, 766, 876, 775, 786, 793, 800, 846, 878, 787, 823, 816, 859, 881, 757, 761, 839, 862, 796, 825, 880, 771, 811, 788, 848, 843], [454, 514, 578, 485, 572, 483, 528, 565, 594, 479, 556, 538, 914, 1034, 510, 561, 933, 935, 971, 575, 999, 1007, 507, 919, 993, 929, 530, 1000, 1017, 1020, 960, 997, 1048, 541, 906, 458, 555, 583, 900, 460, 515, 513, 598, 533, 496, 509, 576, 487, 916, 915, 901, 1025, 1036, 928, 966, 948, 983, 962, 1049, 158, 304, 270, 169, 222, 226, 159, 243, 251, 167, 163, 245, 180, 197, 255, 257, 264, 265, 278, 182, 267, 190, 246, 161, 389, 365, 259, 225, 185, 189, 252, 276, 233, 366, 447, 263, 422, 429, 435, 279, 370, 282, 342, 456, 470, 517, 943, 589, 489, 512, 591, 539, 491, 577, 588, 557, 571, 471, 718, 481, 676, 498, 547, 710, 569, 727, 649, 678, 474, 554, 563, 695, 712, 615, 739, 656, 670, 686, 722, 503, 559, 579, 597, 511, 516]]","[0.16244205692782998, 0.12326751300133765, 0.146378441946581, 0.13338399212807417, 0.10952697694301605, 0.1466695019043982, 0.6227760829497129, 0.09605822712182999, 0.18929113098420203]","[0.600740680936724, 2.539297183044255, 0.8912159060128033, 2.467644425109029, 1.2400437570177019, 0.2429885258898139, 0.29769871290773153, 0.0703690501395613, 0.1288355749566108]","[""OPTIMAL"", ""OPTIMAL"", ""OPTIMAL"", ""OPTIMAL"", ""OPTIMAL"", ""OPTIMAL"", ""OPTIMAL"", ""OPTIMAL"", ""OPTIMAL""]","[59.0, 70.0, 23.0, 51.0, 48.0, 33.0, 42.0, 26.0, 34.0]","[59.0, 70.0, 23.0, 51.0, 47.99999999999999, 33.0, 42.0, 26.0, 34.0]","[0.15898362803272903, 0.015957460971549153, 0.014825882855802774, 0.014914136845618486]","[852, 1831, 2687, 3509]",3509.0,"[0.4337253989651799, 0.2565377310384065, 0.195523597067222, 0.1502869811374694]","[0.2537685069255531, 1.7408111558761448, 1.2896255569066852, 1.81413468089886]","[0.005009237909689546, 0.14975726511329412, 0.8444180910009891, 1800.0443619340658]",TIME_LIMIT,386.0,386.0,600.0,595.0,9.333333333333334,1821.798630173551
62,7,150,5250,750,2,10,574,1800,8.714171163970605,[1.5559085940476507],[1800.038263430819],TIME_LIMIT,610.0,605.0,0.0081967213114754,"[3.6344693719875067, 4.07759243901819, 4.115381876938045, 4.159961988916621, 4.246925815939903, 4.2499256420414895, 4.253841666970402, 4.3134949470404536, 4.315160878933966, 4.3344855138566345, 4.374859347008169, 4.556517717894167, 4.561734630027786, 5.715615591034293, 5.71776091796346, 5.7302297309506685, 6.556791414972395, 6.558514305856079, 6.561960181919858, 7.859067455865443, 7.86104620504193, 10.797817051876336, 13.492950062965974, 13.683279370889068, 14.269054485950619, 24.723270163871348, 24.726447358960286, 35.57550930394791, 39.129627796821296, 56.94273222493939, 60.25456720893271, 212.38129692501388, 1800.0359089400154]","[2627.0, 2593.0, 887.0, 811.0, 673.0, 660.0, 659.0, 647.0, 646.0, 645.0, 644.0, 643.0, 637.0, 635.0, 634.0, 632.0, 630.0, 628.0, 626.0, 625.0, 624.0, 623.0, 622.0, 621.0, 620.0, 619.0, 618.0, 614.0, 613.0, 612.0, 611.0, 610.0, 610.0]",1801.5941720248663,8,0.8651563200014055,"[0.8720742329230738, 0.8004263555019494, 0.7456174448317392, 0.8613472309581574, 0.811354834980637, 0.7356293064396919, 0.7542809291259704, 0.5456586288027453]","[0.32769319362869004, 0.10015508073062028, 0.12246108573931676, 0.2775775091736403, 0.16882290718239257, 0.20317005063579846, 0.1336794282106782, 0.09737036810404419]","[239.21603134894372, 69.6077811077811, 83.88584373143198, 185.976931146339, 99.60551523761161, 119.87032987512109, 74.86047979797978, 71.08036871595226]","[2.118181818181818, 1.8, 2.0272727272727273, 2.15, 1.9313115676892767, 1.9227272727272726, 1.65, 1.8]",1159.8396613603484,234.93219704496423,2.15,0.0447489899133265,0.2025557539300004,3.361886732047424,0.7957637971267104,"[730, 695, 685, 670, 590, 590, 560, 730]","[[348, 758, 877, 754, 779, 855, 752, 810, 875, 756, 839, 861, 782, 870, 796, 845, 831, 844, 751, 815, 769, 879, 891, 780, 832, 856, 873, 888, 813, 854, 890, 878, 757, 760, 876, 785, 814, 865, 798, 872, 864, 802, 858, 889, 828, 619, 627, 692, 825, 882, 892, 661, 777, 820, 886, 784, 833, 894, 884, 803, 806, 827, 838, 750, 804, 770, 766, 797, 857, 847, 880, 767, 812, 871, 774, 776, 818, 830, 638, 849, 829, 792, 895, 899, 734, 778, 755, 835, 786, 862, 801, 821, 800, 860, 811, 848, 691, 808, 789, 816, 753, 840, 787, 765, 881, 842, 853, 762, 817, 874, 807, 841, 781, 866, 843, 795, 850, 822, 863, 771, 824, 772, 834, 883, 799, 788, 759, 859, 805, 869, 837, 793, 823, 896, 761, 773, 794, 893, 809, 852, 885, 775, 846, 791, 851, 867], [164, 601, 671, 630, 668, 650, 730, 711, 677, 698, 699, 744, 746, 747, 600, 607, 728, 655, 611, 651, 743, 625, 656, 647, 649, 726, 616, 679, 725, 606, 717, 637, 608, 653, 732, 641, 707, 662, 723, 690, 737, 678, 613, 702, 763, 783, 657, 696, 624, 741, 720, 622, 629, 695, 255, 684, 672, 225, 236, 642, 631, 640, 567, 697, 716, 602, 628, 639, 646, 658, 704, 721, 498, 547, 729, 605, 680, 683, 701, 603, 705, 714, 735, 739, 676, 689, 727, 709, 621, 715, 669, 731, 660, 644, 722, 688, 736, 609, 610, 733, 685, 706, 710, 634, 719, 665, 626, 740, 666, 749, 667, 612, 643, 718, 748, 724, 633, 712, 700, 745, 614, 623, 742, 648, 673, 618, 664, 703, 682, 713, 694, 617, 670, 687, 635, 675, 632, 659, 654], [15, 22, 130, 71, 78, 479, 485, 101, 495, 510, 517, 461, 519, 573, 509, 570, 525, 533, 483, 526, 539, 536, 579, 462, 581, 463, 475, 476, 515, 557, 738, 566, 587, 466, 488, 493, 550, 558, 589, 480, 593, 500, 549, 489, 576, 588, 540, 508, 592, 521, 585, 464, 559, 591, 469, 470, 596, 504, 523, 81, 125, 458, 450, 492, 459, 497, 527, 516, 538, 531, 582, 580, 520, 551, 541, 555, 590, 468, 506, 455, 528, 543, 562, 514, 556, 522, 471, 481, 537, 548, 565, 505, 487, 563, 452, 477, 574, 499, 524, 568, 572, 474, 513, 544, 554, 482, 597, 491, 529, 561, 494, 511, 586, 553, 599, 583, 584, 467, 530, 594, 490, 512, 560, 546, 496, 1025, 1045, 598, 571, 595, 1032, 578, 942, 969, 978, 997, 1026], [296, 451, 460, 917, 457, 532, 507, 982, 1002, 922, 974, 943, 947, 972, 1019, 996, 1029, 904, 906, 1024, 1008, 915, 955, 1014, 1021, 981, 988, 900, 946, 973, 980, 1012, 953, 991, 983, 999, 1013, 958, 964, 914, 1001, 1003, 926, 984, 921, 957, 937, 995, 1037, 945, 949, 970, 1007, 1048, 901, 961, 998, 960, 1027, 993, 911, 1040, 905, 932, 1028, 985, 940, 965, 968, 934, 1022, 976, 950, 971, 1030, 908, 916, 936, 967, 903, 952, 977, 954, 907, 963, 979, 912, 1005, 909, 927, 928, 923, 933, 992, 1017, 959, 1020, 929, 1046, 989, 939, 924, 1047, 1004, 1038, 1042, 918, 990, 1011, 1018, 919, 1000, 931, 1036, 994, 910, 956, 1041, 1016, 1033, 920, 1043, 962, 966, 941, 1010, 1015, 1044, 1009, 913, 938, 975, 1023, 1006], [0, 9, 1, 110, 98, 34, 47, 48, 6, 60, 75, 33, 89, 5, 45, 118, 42, 97, 80, 85, 12, 147, 27, 76, 14, 103, 57, 127, 56, 83, 67, 91, 143, 107, 114, 19, 146, 54, 21, 139, 58, 120, 17, 55, 28, 108, 131, 44, 105, 121, 32, 36, 59, 141, 109, 38, 123, 84, 132, 104, 113, 145, 13, 72, 26, 53, 111, 43, 73, 95, 93, 2, 148, 70, 90, 112, 140, 137, 31, 126, 35, 37, 41, 40, 152, 224, 285, 253, 3, 116, 7, 77, 20, 49, 10, 106, 50, 8, 39, 18, 74, 87, 169, 260, 25, 149, 64, 144, 198, 96, 65, 167, 271, 177, 200, 218, 231, 275], [158, 203, 261, 190, 168, 300, 790, 359, 394, 652, 171, 191, 221, 372, 280, 315, 432, 362, 371, 419, 447, 398, 449, 303, 313, 310, 433, 397, 428, 415, 408, 409, 445, 318, 339, 380, 431, 392, 330, 357, 388, 332, 420, 429, 377, 435, 430, 308, 343, 393, 395, 335, 410, 363, 373, 407, 423, 411, 311, 355, 347, 414, 413, 322, 340, 424, 328, 338, 304, 768, 316, 346, 321, 324, 319, 353, 441, 305, 403, 426, 434, 354, 369, 378, 186, 366, 436, 213, 267, 334, 417, 341, 446, 425, 442, 375, 196, 342, 379, 382, 399, 307, 418, 376, 365, 422, 331, 390, 402, 438, 356, 412, 405, 329, 368, 421, 404, 439], [150, 227, 210, 230, 173, 180, 235, 268, 217, 258, 245, 172, 266, 272, 187, 189, 238, 250, 289, 287, 154, 174, 222, 179, 226, 159, 708, 297, 215, 281, 252, 166, 175, 243, 209, 163, 188, 194, 208, 170, 265, 241, 248, 263, 249, 197, 247, 151, 251, 153, 181, 161, 183, 293, 176, 246, 219, 201, 204, 237, 278, 184, 244, 229, 211, 220, 234, 286, 291, 156, 288, 160, 294, 269, 270, 295, 205, 262, 162, 264, 370, 207, 157, 290, 283, 178, 214, 202, 216, 240, 284, 279, 299, 212, 259, 276, 256, 298, 192, 277, 206, 232, 193, 223, 273, 239, 274, 292, 199, 233, 282, 228], [4, 133, 124, 88, 99, 134, 29, 119, 142, 30, 100, 117, 46, 92, 129, 545, 16, 135, 79, 503, 115, 484, 534, 486, 542, 575, 11, 138, 66, 82, 23, 51, 61, 62, 24, 63, 128, 94, 102, 52, 86, 68, 122, 69, 454, 564, 620, 645, 182, 663, 577, 453, 456, 136, 257, 195, 681, 165, 674, 242, 254, 155, 401, 185, 323, 440, 326, 309, 374, 312, 444, 381, 314, 345, 448, 437, 302, 396, 344, 387, 333, 350, 361, 427, 351, 301, 364, 317, 306, 327, 320, 386, 384, 383, 391, 406, 352, 358, 385, 325, 360, 336, 400, 367, 443, 337, 389, 416, 349, 465, 472, 951, 473, 478, 518, 986, 535, 501, 502, 948, 552, 925, 930, 935, 944, 987, 1039, 1031, 1034, 569, 1035, 902, 1049, 636, 604, 693, 615, 686, 764, 887, 898, 819, 868, 826, 897, 836]]","[0.15753036900423467, 0.15726898983120918, 0.15558920707553625, 0.13667917787097394, 0.1235266481526196, 0.11970838601700962, 0.6642551510594785, 0.16629396588541567]","[10.285041467053816, 0.1723419709596783, 0.361712662037462, 0.9260719011072069, 0.946814876049757, 0.6292713361326605, 0.24236223800107837, 0.08994746510870755]","[""OPTIMAL"", ""OPTIMAL"", ""OPTIMAL"", ""OPTIMAL"", ""OPTIMAL"", ""OPTIMAL"", ""OPTIMAL"", ""OPTIMAL""]","[97.0, 20.0, 65.0, 91.0, 55.0, 54.0, 59.0, 36.0]","[97.0, 20.0, 65.0, 91.0, 55.0, 54.0, 59.0, 36.0]","[0.1470617561135441, 0.015601224964484572, 0.01495823496952653, 0.014639347791671753]","[625, 1556, 2389, 3218]",3218.0,"[0.3095919890329242, 0.24120457097887993, 0.1902275460306555, 0.14834304410032928]","[0.1561540139373392, 1.112486531957984, 1.6543517378158867, 1.7400796809233725]","[0.003281977027654648, 0.11501438007690012, 0.13399470201693475, 82.2176291779615]",OPTIMAL,477.0,477.0,657.0,657.0,7.153729071537291,107.70668625622056
62,9,150,6750,750,2,10,575,1800,10.63537006895058,"[2.264701794134453, 2.810356186935678]","[1.338699134066701, 1800.0423005260527]",TIME_LIMIT,884.0,866.0,0.0203619909502262,"[11.576486407080665, 11.7647096500732, 11.907586480956525, 12.045143388910219, 12.059304252034053, 12.062802379950881, 12.272488448070362, 12.27567864395678, 12.364348927047104, 12.367836022051051, 12.521490842103958, 12.600006370106712, 12.826710802037269, 13.04593610111624, 13.139567865990102, 13.19902000296861, 13.29679261194542, 13.813630695920438, 14.106122181983665, 19.29581081797369, 19.301312923897058, 19.415010913973674, 22.06279774592258, 22.39163446193561, 22.527865800075233, 22.649742898065597, 22.779119486920536, 22.946142415050417, 23.040218820096925, 23.615159183973446, 25.031622362090275, 25.037363334093243, 53.59327739197761, 84.12774168001488, 94.74220611108467, 137.6010095239617, 155.72427811892703, 179.98017542995512, 179.9827289590612, 196.58658156706952, 230.906562078977, 270.70803350606, 302.9195989340078, 303.0006866271142, 378.305834909901, 464.7670749051031, 471.3133125999011, 530.6348363200668, 723.8651184779592]","[1375.0, 1157.0, 1155.0, 1149.0, 1125.0, 1092.0, 999.0, 986.0, 965.0, 964.0, 953.0, 950.0, 949.0, 948.0, 940.0, 939.0, 938.0, 937.0, 934.0, 932.0, 931.0, 929.0, 924.0, 918.0, 917.0, 916.0, 914.0, 913.0, 912.0, 911.0, 910.0, 909.0, 908.0, 905.0, 904.0, 903.0, 902.0, 900.0, 899.0, 894.0, 893.0, 892.0, 891.0, 889.0, 888.0, 887.0, 886.0, 885.0, 884.0]",1806.456057641189,10,0.8572361027515247,"[0.8241507081760571, 0.8436071338859583, 0.9115624767709805, 0.8750389563524825, 0.7822500409992893, 0.786846973605357, 0.693985375261156, 0.6265889701771868, 0.6118448415220786, 0.5788229760040385, 0.5173903714107366]","[0.08515892806088311, 0.06086492556118553, 0.17305839295047207, 0.11186723278174733, 0.1331246411698606, 0.13636994153889237, 0.012850000000000002, 0.036235257162745727, 0.023618371153885563, 0.07239769246348192, 0.036254044602030536]","[63.44340140535792, 43.82274640405358, 124.6020429243399, 78.30706294722313, 91.85600240720382, 94.09525966183573, 8.031250000000002, 18.84233372462778, 11.92727743271221, 35.83685776942355, 12.326375164690383]","[1.6329545454545458, 1.4333333333333331, 1.7, 1.65625, 2.104166666666667, 1.5533514492753624, 1.26875, 1.4666666666666666, 1.3791666666666667, 1.5395833333333333, 1.3000000000000003]",712.8123027017479,129.72169286027986,2.104166666666667,0.0192180285718933,0.1819857659139976,3.9540674658492208,1.1797583298757672,"[750, 745, 740, 720, 715, 690, 670, 625, 495, 600]","[[161, 342, 355, 366, 388, 438, 224, 253, 300, 395, 387, 229, 336, 447, 302, 424, 427, 433, 425, 430, 345, 377, 354, 380, 415, 381, 379, 363, 375, 407, 315, 446, 319, 418, 441, 328, 347, 436, 402, 184, 335, 364, 434, 367, 781, 439, 303, 411, 413, 304, 373, 360, 409, 321, 414, 337, 399, 401, 301, 310, 338, 350, 442, 306, 406, 308, 322, 341, 392, 397, 317, 344, 410, 445, 324, 384, 333, 416, 429, 330, 383, 431, 305, 359, 370, 389, 417, 326, 340, 362, 404, 309, 346, 312, 318, 435, 422, 382, 420, 385, 339, 376, 378, 311, 316, 426, 343, 365, 386, 390, 449, 313, 443, 448, 320, 398, 374, 437, 314, 352, 393, 325, 334, 372, 349, 444, 327, 329, 391, 428, 403, 396, 440, 331, 432, 361, 400, 332, 369, 356, 351, 423, 785, 368, 358, 394, 412, 421, 766, 886], [1, 88, 9, 50, 18, 125, 97, 132, 25, 140, 43, 6, 129, 33, 143, 34, 89, 104, 19, 82, 53, 134, 92, 17, 96, 102, 137, 86, 141, 109, 126, 36, 60, 114, 115, 91, 142, 22, 76, 27, 87, 95, 121, 21, 75, 77, 2, 85, 37, 136, 90, 112, 52, 40, 73, 16, 8, 56, 94, 84, 26, 63, 47, 65, 12, 79, 111, 80, 148, 10, 93, 4, 31, 41, 173, 205, 278, 23, 49, 58, 20, 38, 120, 24, 133, 54, 35, 128, 139, 105, 78, 127, 100, 108, 113, 146, 118, 116, 3, 484, 131, 14, 46, 519, 11, 51, 119, 45, 48, 29, 30, 147, 130, 13, 62, 74, 138, 55, 69, 15, 68, 117, 7, 64, 106, 28, 144, 32, 57, 107, 81, 39, 83, 510, 123, 536, 577, 61, 575, 557, 473, 598, 66, 570, 498, 586, 70, 72, 101], [307, 825, 371, 419, 786, 890, 824, 883, 888, 845, 787, 756, 897, 801, 881, 775, 860, 758, 762, 836, 842, 769, 846, 763, 880, 779, 863, 788, 855, 809, 791, 841, 870, 895, 802, 812, 803, 857, 760, 852, 871, 765, 811, 832, 697, 827, 820, 777, 751, 879, 768, 752, 776, 773, 850, 834, 798, 898, 755, 862, 778, 783, 893, 828, 830, 759, 810, 815, 829, 822, 793, 858, 767, 840, 894, 896, 876, 770, 800, 835, 839, 856, 813, 837, 866, 878, 814, 823, 872, 854, 753, 884, 1226, 784, 844, 847, 865, 885, 795, 867, 874, 780, 899, 348, 357, 799, 405, 790, 816, 817, 826, 805, 887, 757, 794, 774, 782, 831, 861, 796, 851, 797, 843, 868, 807, 864, 853, 869, 618, 733, 745, 692, 641, 889, 764, 772, 669, 721, 672, 678, 693, 688, 720, 848, 717, 808, 750, 892], [0, 44, 149, 183, 289, 145, 177, 153, 286, 237, 156, 260, 169, 201, 256, 103, 110, 179, 150, 204, 188, 176, 221, 254, 299, 171, 223, 249, 99, 193, 196, 227, 293, 175, 228, 287, 271, 277, 194, 208, 182, 199, 216, 232, 225, 170, 267, 187, 241, 213, 218, 219, 298, 275, 154, 268, 236, 162, 295, 281, 230, 272, 234, 265, 239, 250, 282, 296, 155, 242, 220, 262, 276, 160, 189, 226, 158, 291, 198, 644, 190, 215, 159, 279, 238, 285, 164, 206, 214, 263, 172, 261, 280, 186, 231, 235, 290, 252, 257, 151, 178, 210, 266, 246, 292, 259, 251, 258, 166, 168, 195, 240, 233, 245, 408, 165, 270, 203, 211, 255, 180, 212, 167, 185, 244, 283, 197, 353, 248, 217, 247, 157, 163, 191, 200, 269, 202, 294, 174, 222, 284, 192, 207, 273], [789, 1345, 1233, 849, 1240, 1275, 1289, 877, 1331, 1205, 891, 1268, 1241, 1305, 1324, 1218, 1220, 1291, 1346, 1271, 1300, 1234, 1222, 1243, 1290, 1244, 1200, 1301, 1204, 1259, 1348, 1227, 1322, 1221, 1258, 1270, 1206, 1320, 1219, 1230, 1308, 1326, 1256, 1329, 1274, 1262, 1288, 1332, 1278, 1201, 1297, 1317, 1212, 1304, 1215, 1209, 1287, 1265, 1318, 1110, 1171, 1192, 1145, 1172, 1292, 1231, 1303, 1248, 1237, 1285, 1245, 1343, 1202, 1216, 1338, 1309, 1327, 1247, 1261, 1347, 1267, 1314, 1333, 1334, 1335, 1225, 1251, 1235, 1279, 1302, 1264, 1339, 1252, 1269, 1315, 1203, 1313, 1238, 1272, 1280, 1306, 1283, 1210, 1299, 1229, 1284, 1342, 1211, 1250, 1296, 1286, 1224, 1239, 1277, 1253, 1242, 1336, 1307, 1325, 1254, 1213, 1340, 1257, 1266, 1319, 1344, 1310, 1217, 1232, 1263, 1273, 1341, 1294, 1236, 1276, 1281, 1295, 1316, 1298, 1311, 1282, 1328, 1323], [454, 538, 493, 465, 584, 908, 933, 963, 1001, 951, 952, 965, 1021, 935, 970, 1002, 950, 1036, 995, 1013, 1031, 1017, 486, 516, 522, 459, 585, 460, 487, 576, 592, 917, 937, 517, 945, 1037, 594, 991, 1026, 973, 996, 985, 583, 941, 969, 956, 994, 1000, 901, 1006, 1043, 911, 902, 906, 1028, 921, 934, 1005, 939, 977, 992, 900, 1020, 1015, 1030, 1039, 907, 954, 1012, 938, 997, 913, 930, 946, 1025, 955, 1007, 972, 984, 904, 1016, 964, 968, 936, 942, 986, 1023, 1044, 1045, 905, 1033, 940, 1024, 914, 959, 916, 1003, 918, 1049, 953, 903, 966, 1038, 912, 932, 919, 1027, 948, 978, 924, 1029, 983, 928, 982, 976, 920, 929, 957, 1048, 909, 1035, 980, 910, 987, 1042, 944, 1004, 958, 981, 927, 931, 974, 1032, 1019, 525, 560, 591, 988], [923, 949, 1046, 1009, 1034, 961, 1194, 1074, 1087, 1008, 1146, 1062, 1197, 926, 990, 999, 1040, 1118, 1022, 1196, 1081, 1135, 971, 1095, 1163, 1105, 1154, 1142, 1169, 1113, 1130, 1173, 1114, 1155, 1183, 1051, 1127, 1162, 1059, 1098, 1071, 1147, 1101, 1116, 1140, 1073, 1079, 1137, 1018, 1170, 1191, 1056, 1182, 1060, 1134, 1121, 1136, 1083, 1068, 1124, 1165, 1092, 1189, 1161, 1084, 1091, 1085, 1164, 1052, 1063, 1067, 1195, 1080, 1109, 1141, 1103, 1174, 1120, 1050, 1093, 1107, 1138, 1075, 1099, 1156, 1175, 1076, 1106, 1065, 1104, 1064, 1088, 1152, 1126, 1153, 1072, 1177, 1102, 1123, 1150, 1143, 1179, 1054, 1122, 1119, 1057, 1166, 1190, 1100, 1181, 1058, 1094, 1077, 1133, 1086, 1125, 1129, 1069, 1096, 1149, 1078, 1053, 1070, 1097, 1144, 1082, 1186, 1132, 1260, 1198, 1180, 1178, 1159, 1337], [5, 42, 551, 59, 122, 135, 98, 152, 683, 181, 629, 652, 243, 528, 548, 611, 696, 580, 506, 540, 578, 518, 543, 663, 450, 561, 566, 463, 943, 474, 573, 532, 596, 485, 505, 579, 590, 572, 722, 515, 526, 456, 523, 558, 476, 559, 477, 501, 567, 520, 535, 597, 452, 544, 545, 453, 531, 482, 494, 549, 530, 565, 462, 589, 553, 587, 508, 466, 488, 533, 512, 514, 490, 593, 555, 467, 534, 472, 496, 511, 483, 554, 529, 475, 495, 562, 552, 521, 564, 539, 550, 581, 455, 491, 469, 503, 480, 471, 492, 458, 547, 571, 470, 569, 588, 464, 481, 599, 537, 67, 71, 124, 574, 546, 457, 468, 500, 479, 461, 595, 509, 568, 489, 507, 524], [451, 504, 556, 542, 563, 502, 925, 998, 947, 922, 582, 1041, 967, 1010, 915, 975, 979, 1011, 960, 962, 1014, 1047, 989, 993, 513, 527, 1148, 1160, 1185, 1176, 1188, 612, 1089, 659, 1128, 606, 747, 643, 718, 1184, 1055, 1214, 1061, 1187, 1139, 1066, 1112, 1108, 1090, 1207, 1158, 1312, 607, 1131, 646, 1157, 1115, 1193, 608, 1117, 648, 1111, 1167, 1168, 636, 1151, 609, 662, 614, 651, 681, 698, 610, 626, 657, 713, 666, 616, 724, 742, 613, 691, 621, 615, 642, 741, 628, 738, 627, 675, 710, 656, 700, 708, 630, 1199, 712, 743, 748], [478, 619, 676, 689, 732, 497, 499, 638, 541, 633, 632, 740, 647, 704, 679, 602, 620, 670, 682, 703, 711, 723, 604, 624, 653, 634, 714, 639, 635, 674, 661, 668, 667, 680, 719, 631, 706, 725, 654, 727, 705, 709, 739, 707, 716, 671, 735, 701, 737, 687, 736, 715, 605, 637, 677, 209, 274, 645, 729, 744, 603, 684, 749, 617, 664, 658, 665, 730, 746, 821, 622, 673, 734, 650, 728, 731, 726, 625, 686, 699, 833, 882, 640, 660, 792, 655, 702, 601, 649, 623, 695, 694, 264, 288, 685, 690, 761, 297, 859, 323, 600, 754, 818, 873, 1228, 1255, 1349, 1208, 1246, 1223, 771, 806, 875, 1293, 1330, 804, 838, 1249, 1321, 819]]","[0.19589868211187422, 0.21993884886614978, 0.8082466491032392, 0.2008114461787045, 0.15961359813809395, 0.18304281402379274, 0.18188995099626482, 0.22701361100189388, 0.18286754400469363, 0.8329087351448834]","[4.741807125043124, 1.6942490220535547, 1.8044364179950207, 3.1419056351296604, 51.04087475501001, 3.1840928429737687, 4.718393216142431, 0.5979093669448048, 0.11024750699289143, 0.2576616818550974]","[""OPTIMAL"", ""OPTIMAL"", ""OPTIMAL"", ""OPTIMAL"", ""OPTIMAL"", ""OPTIMAL"", ""OPTIMAL"", ""OPTIMAL"", ""OPTIMAL"", ""OPTIMAL""]","[86.0, 82.0, 80.0, 67.0, 137.0, 97.0, 86.0, 38.0, 33.0, 16.0]","[86.0, 82.0, 80.0, 67.0, 137.0, 96.99999999999999, 86.0, 38.0, 33.0, 16.0]","[0.245870647020638, 0.020924485055729747, 0.018724272958934307, 0.019944703904911876]","[858, 2149, 3249, 4343]",4343.0,"[0.5103286581579596, 0.42892966396175325, 0.3145506971050054, 0.24735001008957624]","[0.3260470158420503, 2.60590466321446, 2.0980191258713603, 2.9055850449949503]","[0.006081330822780728, 0.3152730059809983, 0.34714985894970596, 1800.0922753531486]",TIME_LIMIT,722.0,722.0,950.0,941.0,6.947368421052632,1890.1205937825143
62,9,150,6750,750,2,10,576,1800,11.518368335906416,[1.397492365911603],[1800.0325861868914],TIME_LIMIT,791.0,770.0,0.0265486725663716,"[8.19433210697025, 8.289544102968648, 8.372881246963516, 8.406336999963969, 8.408506903098896, 8.412116440944374, 8.416495217010379, 8.452789474045858, 8.708339790115133, 8.760973280994222, 8.782801019959152, 8.787406134884804, 10.12909562792629, 12.403438650071621, 12.412836614996195, 12.414887669030577, 12.425838048104197, 14.010633887955919, 16.85136052290909, 16.85266203689389, 16.85386033495888, 16.855032562976703, 16.856181911891326, 16.85735636204481, 16.858561591012403, 17.094223489053547, 17.11082142801024, 17.12302427389659, 19.5846088049002, 19.599843645002693, 19.603012044914067, 23.558247070061043, 23.86884734709747, 24.813543065916747, 24.87143349694088, 25.09018116397783, 25.475362157914788, 25.868274559034035, 44.286753742955625, 44.46979147195816, 45.28686955594458, 45.824090880109, 46.161143634002656, 46.88765926100314, 49.16715939505957, 101.43201071606018, 113.59052279102616, 209.19454978010617, 335.29857483599335, 345.1193516741041, 395.40202994598076, 634.3084938658867, 1096.9696049310733, 1199.633284776006, 1331.276162592927]","[1290.0, 1158.0, 1122.0, 1111.0, 936.0, 932.0, 930.0, 924.0, 922.0, 921.0, 920.0, 913.0, 912.0, 893.0, 889.0, 851.0, 849.0, 847.0, 845.0, 843.0, 842.0, 841.0, 840.0, 838.0, 835.0, 825.0, 824.0, 823.0, 822.0, 821.0, 820.0, 819.0, 817.0, 815.0, 813.0, 810.0, 809.0, 808.0, 807.0, 806.0, 805.0, 804.0, 803.0, 802.0, 801.0, 800.0, 799.0, 798.0, 797.0, 796.0, 795.0, 794.0, 793.0, 792.0, 791.0]",1801.430078552803,11,0.8176791589149841,"[0.7682085225377767, 0.8562581787578504, 0.7258705676578152, 0.7186219499206825, 0.683612593278072, 0.6400209756011336, 0.7582369662122876, 0.5607133685647478, 0.6551071544826229, 0.7216681196861477, 0.5169658971739257]","[0.20630571711744314, 0.3425883444942594, 0.21231615036972415, 0.17443763434518195, 0.06527470676727407, 0.11653331714335444, 0.16216713315393907, 0.10621971602503974, 0.10921784981935358, 0.1900376203417889, 0.108170964936868]","[152.66623066690792, 241.5247828684529, 148.6213052588069, 118.61759135472371, 42.754932932564515, 71.08532345744621, 86.7594162373574, 55.765350913145866, 53.516746411483254, 78.86561244184239, 75.17882063112326]","[1.831818181818182, 2.3, 1.9272727272727272, 1.918181818181818, 1.6, 1.7545454545454546, 1.9299465240641709, 1.918181818181818, 1.75, 1.7142857142857142, 1.7636363636363637]",1524.800636936912,399.44452376305776,2.3,0.0591769664834159,0.2619650819173436,4.026466647861525,1.0620620069094002,"[740, 705, 700, 680, 655, 610, 535, 525, 490, 415, 695]","[[498, 910, 943, 954, 966, 952, 1003, 1036, 982, 1009, 1028, 901, 912, 960, 983, 996, 1016, 915, 1040, 929, 953, 1026, 940, 981, 930, 1011, 967, 946, 1039, 1049, 980, 1022, 1014, 1043, 916, 1001, 937, 921, 931, 1041, 950, 1032, 984, 1038, 900, 945, 969, 903, 906, 1031, 909, 942, 990, 904, 934, 978, 1004, 927, 997, 1008, 941, 987, 995, 902, 963, 920, 917, 977, 948, 951, 1024, 905, 1000, 908, 1030, 973, 1006, 1015, 1035, 576, 1017, 918, 971, 1007, 1027, 938, 1033, 914, 956, 988, 962, 922, 925, 985, 1010, 957, 1048, 947, 991, 1023, 958, 994, 1034, 998, 1025, 992, 1042, 923, 1046, 1005, 936, 972, 944, 926, 1020, 928, 1045, 1018, 935, 968, 1184, 1078, 1073, 1169, 1148, 1069, 1075, 1167, 1107, 1085, 1081, 1084, 1179, 1086, 1102, 949, 1050, 1113, 1183, 974, 979, 1029, 1019, 1021, 924, 976, 999, 1186], [761, 1274, 1214, 1290, 1257, 1289, 1203, 1207, 1291, 1255, 1237, 1210, 1329, 1347, 1332, 1318, 1325, 1346, 1253, 1284, 1264, 846, 855, 1309, 850, 1262, 1283, 1334, 1217, 1293, 1280, 1208, 1311, 1278, 1298, 1209, 1228, 1256, 1276, 1202, 1304, 1216, 1296, 1269, 1215, 1340, 1275, 1308, 1226, 1220, 1277, 1326, 1236, 1316, 1267, 1331, 1281, 1306, 1320, 1201, 1252, 1218, 1348, 1324, 1335, 1339, 1222, 1279, 1323, 1223, 1247, 1260, 1305, 1227, 1233, 1254, 1294, 1319, 1200, 1206, 1258, 1322, 1299, 1312, 1240, 1272, 1342, 1344, 1343, 1204, 1211, 1238, 1232, 1295, 1349, 1315, 1341, 1205, 1244, 1297, 1271, 1239, 1270, 1292, 1243, 1282, 1317, 1212, 1288, 1333, 1213, 1263, 1246, 1251, 1219, 1235, 1221, 1303, 1265, 1245, 1327, 1249, 1268, 1330, 1248, 1336, 1259, 1321, 1225, 1310, 1345, 1224, 1234, 1242, 1338, 1231, 1300, 1261, 1307, 1285, 1273], [622, 889, 644, 723, 1060, 1166, 1328, 681, 827, 824, 646, 1104, 1160, 662, 727, 1195, 1077, 1092, 1190, 1119, 1180, 655, 1156, 1172, 1192, 1051, 1072, 1065, 1101, 1054, 1161, 1126, 1103, 1163, 1093, 1098, 1118, 1058, 1115, 1116, 1128, 1198, 1132, 1055, 1147, 1174, 1057, 1162, 1131, 1155, 1061, 1149, 1114, 1080, 1105, 1145, 1185, 1197, 1196, 1188, 1194, 1191, 1052, 1096, 1106, 1125, 1137, 1158, 1153, 1120, 1064, 1129, 1178, 1143, 1164, 1138, 1151, 1087, 1140, 1124, 1337, 1110, 1187, 1053, 1134, 1177, 1117, 1127, 1062, 1088, 1173, 1130, 1168, 1082, 1176, 1095, 1063, 1139, 1136, 1165, 1099, 1152, 1141, 1189, 1056, 1135, 1150, 1070, 1111, 1144, 1112, 1123, 1142, 1074, 1170, 1079, 1133, 1146, 1286, 1090, 1091, 1100, 1157, 1301, 1230, 1241, 1250, 1313, 1094, 1109, 1314, 1066, 1076, 1097, 1068, 1175, 1071, 1182, 1083, 1181], [4, 19, 28, 24, 64, 26, 39, 36, 115, 40, 49, 66, 85, 99, 47, 52, 35, 95, 139, 62, 84, 407, 791, 411, 780, 848, 808, 821, 864, 700, 704, 758, 810, 731, 787, 759, 721, 809, 841, 774, 773, 836, 875, 805, 781, 870, 789, 806, 820, 878, 884, 802, 803, 838, 839, 894, 751, 782, 755, 752, 771, 779, 793, 840, 778, 890, 856, 764, 858, 768, 822, 831, 867, 753, 763, 785, 863, 887, 756, 814, 883, 813, 834, 786, 833, 842, 760, 800, 823, 1266, 819, 828, 1229, 832, 811, 1287, 1302, 754, 784, 792, 815, 770, 817, 860, 766, 835, 790, 857, 899, 880, 762, 818, 854, 783, 852, 816, 796, 874, 775, 795, 873, 757, 765, 869, 788, 859, 776, 826, 886, 865, 797, 862, 825, 804, 845, 851], [451, 552, 585, 595, 955, 986, 510, 584, 557, 593, 496, 564, 550, 532, 508, 529, 518, 453, 507, 465, 540, 567, 594, 592, 606, 456, 470, 568, 476, 574, 560, 591, 494, 586, 509, 562, 527, 556, 455, 503, 460, 499, 578, 517, 516, 539, 535, 502, 598, 490, 580, 528, 493, 545, 501, 457, 587, 536, 542, 504, 597, 519, 590, 514, 583, 588, 544, 577, 452, 461, 463, 468, 573, 546, 599, 462, 537, 483, 486, 473, 523, 500, 505, 548, 475, 491, 541, 543, 589, 495, 521, 579, 477, 488, 526, 511, 547, 513, 571, 481, 993, 524, 485, 520, 512, 554, 558, 1044, 482, 933, 970, 939, 989, 964, 1012, 1047, 975, 932, 1037, 959, 531, 566, 919, 961, 1013, 907, 911, 489, 551, 913, 1002], [125, 736, 652, 691, 730, 627, 896, 897, 678, 718, 187, 292, 621, 676, 638, 743, 702, 663, 639, 471, 658, 634, 650, 600, 747, 647, 714, 612, 735, 648, 659, 602, 657, 636, 741, 710, 734, 616, 703, 629, 633, 726, 699, 725, 716, 601, 656, 745, 607, 738, 620, 674, 671, 717, 164, 225, 260, 205, 719, 732, 287, 709, 628, 631, 661, 640, 728, 252, 608, 697, 609, 615, 625, 603, 651, 724, 706, 604, 665, 610, 667, 729, 642, 649, 720, 673, 712, 737, 696, 613, 635, 682, 689, 623, 624, 669, 705, 715, 653, 675, 666, 614, 688, 654, 664, 744, 748, 749, 617, 742, 643, 722, 686, 711, 630, 680, 1199, 672, 1108, 687, 1159, 1193], [1, 107, 133, 117, 27, 102, 148, 10, 114, 98, 553, 6, 23, 57, 91, 20, 149, 119, 121, 70, 123, 126, 76, 142, 5, 106, 127, 14, 21, 79, 54, 113, 73, 68, 12, 116, 58, 195, 17, 78, 60, 8, 15, 103, 141, 18, 132, 130, 93, 104, 147, 124, 86, 138, 13, 97, 72, 118, 2, 88, 90, 112, 22, 37, 105, 46, 143, 89, 109, 122, 7, 82, 146, 11, 108, 129, 65, 87, 140, 59, 74, 81, 145, 25, 48, 44, 67, 75, 101, 51, 33, 50, 63, 77, 96, 111, 29, 83, 55, 128, 135, 144, 45, 61, 71, 134, 136], [165, 210, 301, 359, 322, 353, 324, 395, 438, 325, 432, 371, 388, 332, 342, 366, 305, 356, 429, 334, 405, 349, 357, 404, 314, 372, 385, 347, 361, 882, 895, 386, 419, 420, 365, 390, 417, 440, 307, 422, 344, 410, 310, 425, 430, 320, 373, 391, 397, 423, 843, 799, 888, 881, 893, 330, 849, 891, 868, 879, 750, 807, 871, 885, 801, 844, 685, 847, 690, 872, 767, 861, 769, 798, 829, 830, 794, 853, 876, 837, 898, 309, 877, 392, 892, 866, 701, 707, 713, 427, 313, 336, 367, 439, 772, 777, 812, 323, 400, 389, 346, 418, 421, 355, 376], [30, 94, 69, 34, 41, 80, 120, 43, 209, 273, 215, 31, 293, 282, 153, 171, 189, 222, 231, 234, 92, 152, 56, 160, 172, 288, 217, 154, 269, 263, 161, 272, 290, 168, 298, 256, 297, 193, 245, 289, 238, 174, 246, 296, 216, 278, 291, 163, 197, 227, 175, 180, 280, 156, 185, 204, 253, 162, 191, 202, 294, 218, 224, 232, 251, 178, 186, 247, 200, 221, 277, 177, 236, 285, 244, 250, 211, 276, 150, 279, 261, 237, 223, 248, 155, 249, 170, 173, 243, 194, 157, 226, 286, 267, 271, 184, 212, 219], [201, 398, 442, 378, 394, 431, 262, 333, 383, 403, 396, 315, 434, 300, 321, 369, 382, 399, 306, 340, 445, 402, 416, 343, 374, 412, 426, 448, 308, 351, 381, 312, 345, 387, 348, 316, 393, 409, 317, 433, 318, 424, 406, 327, 435, 302, 337, 319, 326, 437, 335, 414, 304, 338, 350, 401, 408, 311, 413, 358, 331, 384, 379, 328, 363, 441, 444, 415, 443, 362, 339, 377, 360, 447, 242, 446, 281, 428, 329, 380, 303, 368, 341], [151, 166, 188, 167, 258, 179, 182, 198, 230, 284, 254, 270, 183, 240, 241, 283, 257, 264, 274, 265, 159, 229, 181, 235, 255, 176, 203, 239, 196, 259, 626, 695, 169, 207, 206, 299, 213, 375, 192, 352, 370, 354, 268, 190, 266, 199, 233, 618, 295, 275, 158, 220, 228, 208, 214, 436, 364, 449, 0, 9, 575, 42, 563, 525, 450, 16, 561, 110, 131, 454, 464, 596, 487, 533, 530, 534, 3, 472, 480, 570, 565, 32, 38, 53, 100, 137, 497, 582, 458, 474, 538, 492, 559, 459, 466, 522, 569, 549, 469, 515, 479, 694, 484, 572, 506, 555, 581, 467, 641, 660, 478, 693, 708, 619, 668, 677, 692, 746, 611, 632, 739, 605, 1121, 1171, 740, 637, 684, 698, 679, 1089, 733, 1059, 645, 1067, 670, 683, 965, 1122, 1154]]","[0.150158504024148, 0.8173108599148691, 0.1515694388654083, 0.13173115090467036, 0.14558797306381166, 0.15182667691260576, 0.11438478087075055, 0.12139371898956597, 0.11219506291672587, 0.0825902537908405, 0.1766377578023821]","[1.1307082250714302, 19.82788955885917, 5.497822902165353, 0.5036945180036128, 0.5567463580518961, 0.5066839309874922, 0.19204715313389897, 0.0930478391237557, 0.3682731259614229, 0.2916267190594226, 0.10745747201144695]","[""OPTIMAL"", ""OPTIMAL"", ""OPTIMAL"", ""OPTIMAL"", ""OPTIMAL"", ""OPTIMAL"", ""OPTIMAL"", ""OPTIMAL"", ""OPTIMAL"", ""OPTIMAL"", ""OPTIMAL""]","[56.0, 142.0, 60.0, 56.0, 29.0, 25.0, 38.0, 34.0, 30.0, 40.0, 29.0]","[56.0, 142.0, 60.0, 56.0, 29.0, 25.0, 38.0, 34.0, 30.0, 40.0, 29.0]","[0.2009527289774269, 0.019832564052194357, 0.018765010172501206, 0.017861694796010852]","[1228, 2406, 3487, 4513]",4513.0,"[0.619806467089802, 0.31562300003133714, 0.25189674482680857, 0.18571148719638586]","[0.34971148800104856, 2.162452303804457, 2.247773664072156, 2.344069011043757]","[0.0071572919841855764, 0.19952481193467975, 0.2130110519938171, 1800.0671753948554]",TIME_LIMIT,539.0,539.0,870.0,859.0,9.080459770114942,1845.541237350088
62,9,150,6750,750,2,10,577,1800,11.26270148693584,[1.983640617923811],[1800.1210016349796],TIME_LIMIT,905.0,884.0,0.0232044198895027,"[10.938354033976793, 11.051021371036768, 11.13366264407523, 11.1695193098858, 11.171804317040369, 11.175501788035035, 11.181648683035746, 11.270139643922448, 11.27510535903275, 11.32344511593692, 11.479508180869743, 11.506403984036297, 11.511828118003905, 15.151607266860083, 15.15702219097875, 15.15891451202333, 15.161985462997109, 15.164688063086942, 15.169581501977518, 19.650379800004885, 19.660433914046735, 19.664559494005516, 20.920409403042868, 21.850526857888326, 21.852791664889082, 23.252514462918043, 23.255297251045704, 23.585497494088486, 24.11002062400803, 24.551822715904564, 24.592527026077732, 24.8267441210337, 24.90523290587589, 24.907416705973446, 26.00826776586473, 34.32494992786087, 39.7212654738687, 40.11976915295236, 41.24601417197846, 41.95062336092815, 44.962156319990754, 45.47647340898402, 46.054076025029644, 47.87641844106838, 48.94316555187106, 49.662359131034464, 50.15809238399379, 80.95314586092718, 101.38164202799089, 101.38340942095965, 130.5202571270056, 144.46306345285848, 247.51136205694638, 247.51834361394867, 275.14481141301803, 278.6182974369731, 321.1902786679566, 345.4756927350536, 357.99800310190767, 370.31873270496726, 484.3511243718676, 565.4033706570044, 569.538633510936, 636.3964668249246, 659.7686868100427]","[1365.0, 1249.0, 1221.0, 1217.0, 1044.0, 1041.0, 1026.0, 1021.0, 1019.0, 1018.0, 1017.0, 1016.0, 1008.0, 987.0, 984.0, 979.0, 977.0, 976.0, 975.0, 968.0, 967.0, 966.0, 965.0, 963.0, 961.0, 960.0, 958.0, 954.0, 949.0, 947.0, 941.0, 940.0, 939.0, 938.0, 937.0, 935.0, 934.0, 933.0, 932.0, 931.0, 930.0, 929.0, 928.0, 927.0, 926.0, 925.0, 924.0, 920.0, 919.0, 918.0, 917.0, 916.0, 916.0, 918.0, 915.0, 914.0, 913.0, 912.0, 911.0, 910.0, 909.0, 908.0, 907.0, 905.9999999655172, 905.0]",1802.104642252904,13,0.8305352810987168,"[0.7579615074184619, 0.8296370639260181, 0.8778175773287685, 0.8440526538380207, 0.8072155376836505, 0.6029033282219985, 0.6983248316825643, 0.6177344500399465, 0.6624573346748033, 0.660776057274453, 0.5694844046295691, 0.5794237552104805, 0.5903066925208311]","[0.17246357633962683, 0.17136466164823294, 0.2893248249725982, 0.3238683679086938, 0.3629945435076062, 0.21108213573196596, 0.22616021038826828, 0.10498523507273004, 0.10974598930481283, 0.14601520948364557, 0.13676011733076954, 0.10504624483497724, 0.11322345417740154]","[120.72450343773878, 112.24385337959258, 188.06113623218883, 208.89509730110748, 194.20208077656932, 98.15319311536418, 105.16449783054475, 44.61872490591027, 46.64204545454545, 59.86623588829468, 50.60124341238473, 37.29141691641692, 73.595245215311]","[1.981818181818182, 1.7863636363636364, 2.0, 1.907563025210084, 2.159090909090909, 1.9753588516746412, 1.7833333333333332, 2.2653846153846153, 1.6176767676767678, 1.55, 2.108080808080808, 1.8, 2.3666666666666663]",1787.545142162469,369.17300061610285,2.3666666666666663,0.0546922963875707,0.2065251343355123,3.976958528161049,1.068239466054365,"[700, 655, 650, 645, 535, 465, 465, 425, 425, 410, 370, 355, 650]","[[169, 600, 638, 717, 619, 739, 695, 677, 683, 708, 734, 722, 733, 749, 185, 208, 270, 228, 254, 744, 632, 210, 617, 688, 503, 609, 674, 613, 658, 721, 541, 681, 710, 659, 662, 660, 644, 745, 656, 669, 729, 661, 742, 730, 615, 649, 623, 706, 735, 602, 666, 687, 621, 639, 738, 741, 604, 728, 641, 645, 684, 727, 701, 622, 654, 682, 625, 736, 690, 715, 648, 766, 673, 815, 633, 716, 747, 603, 616, 725, 732, 657, 646, 699, 624, 743, 670, 678, 635, 697, 726, 611, 620, 626, 748, 724, 667, 705, 713, 698, 700, 692, 608, 720, 675, 1185, 1061, 1066, 1067, 1074, 1075, 642, 1181, 686, 614, 630, 631, 651, 694, 652, 737, 610, 691, 704, 612, 712, 719, 628, 740, 637, 746, 627, 707, 618, 668, 643, 702, 714, 680, 731], [85, 202, 290, 221, 151, 183, 273, 194, 242, 166, 199, 203, 176, 193, 230, 150, 229, 189, 289, 171, 198, 158, 159, 212, 232, 161, 226, 204, 241, 207, 98, 219, 106, 296, 288, 282, 299, 124, 233, 235, 237, 265, 153, 262, 184, 240, 206, 217, 205, 216, 257, 168, 269, 274, 163, 231, 211, 283, 239, 279, 259, 261, 293, 167, 251, 197, 188, 268, 629, 263, 177, 225, 222, 195, 234, 247, 276, 154, 180, 170, 192, 281, 155, 182, 172, 186, 215, 280, 287, 164, 264, 260, 165, 252, 175, 201, 285, 190, 291, 220, 295, 200, 246, 256, 278, 275, 297, 272, 224, 227, 152, 213, 157, 238, 277, 174, 191, 196, 187, 162, 248, 249, 271, 156, 253, 294, 179, 284, 298, 218, 236], [0, 2, 40, 70, 51, 4, 28, 134, 71, 11, 23, 223, 16, 29, 53, 26, 39, 137, 44, 79, 88, 87, 108, 125, 30, 141, 81, 1, 132, 73, 49, 96, 64, 111, 8, 54, 101, 103, 104, 115, 119, 12, 34, 107, 38, 116, 5, 109, 488, 18, 131, 7, 24, 27, 114, 62, 143, 76, 112, 149, 36, 146, 144, 84, 130, 67, 3, 13, 32, 80, 99, 58, 74, 50, 95, 128, 78, 122, 63, 6, 20, 102, 14, 21, 105, 37, 48, 45, 90, 59, 92, 139, 22, 140, 72, 19, 83, 65, 77, 56, 123, 145, 97, 133, 127, 9, 33, 52, 25, 82, 35, 120, 43, 91, 75, 148, 55, 147, 86, 42, 89, 94, 93, 60, 41, 110, 57, 68, 136, 142], [769, 1253, 1270, 1278, 1200, 1249, 1259, 1203, 1342, 1276, 1334, 1213, 1329, 1237, 1309, 792, 1293, 822, 837, 1279, 1345, 1202, 1211, 1343, 1221, 1273, 1235, 1333, 1326, 1219, 1255, 1233, 1305, 1231, 1241, 1239, 1242, 1294, 1328, 1348, 1265, 1287, 1290, 1282, 1210, 1292, 1258, 1295, 1214, 1263, 1216, 1234, 1229, 1313, 1339, 1247, 1281, 1337, 1260, 1251, 1261, 1218, 1285, 1209, 1306, 1318, 1240, 1288, 1228, 1340, 1323, 1286, 1312, 1204, 1338, 1205, 1272, 1325, 1243, 1264, 1347, 1304, 1336, 1224, 1310, 1252, 1297, 1300, 1256, 1271, 1299, 1206, 1212, 1283, 1322, 1330, 1207, 1267, 1324, 1232, 1274, 1208, 1215, 1301, 1244, 1335, 1284, 1321, 1317, 1245, 1257, 1230, 1319, 1248, 1266, 1344, 1296, 1303, 1307, 1331, 1222, 1302, 1291, 1314, 1223, 1268, 1275, 1298, 1320], [173, 214, 448, 306, 417, 366, 388, 331, 418, 345, 429, 318, 409, 374, 399, 394, 440, 392, 396, 327, 435, 407, 371, 406, 425, 300, 349, 329, 337, 313, 316, 303, 328, 398, 444, 302, 416, 323, 307, 427, 413, 352, 422, 312, 369, 310, 360, 423, 437, 356, 431, 332, 370, 363, 447, 381, 383, 367, 391, 415, 441, 375, 400, 408, 449, 428, 311, 334, 389, 397, 387, 446, 333, 393, 424, 802, 351, 840, 340, 343, 301, 315, 317, 405, 384, 326, 338, 420, 439, 443, 321, 346, 365, 357, 322, 354, 410, 386, 404, 426, 347, 378, 445, 395, 438, 362, 419], [636, 1056, 1050, 1076, 1092, 647, 1132, 671, 672, 1083, 676, 1051, 1120, 1148, 1054, 1134, 1058, 1065, 1195, 1102, 1136, 1147, 1162, 1152, 1171, 1172, 1197, 1115, 664, 693, 711, 1126, 1157, 1192, 1052, 1101, 1124, 1193, 1149, 1055, 1059, 1194, 1081, 1153, 1085, 1104, 1131, 1072, 1180, 1093, 1089, 1088, 1095, 1060, 1064, 1190, 1106, 1169, 1127, 863, 1246, 1250, 1053, 1220, 1315, 1113, 1188, 1173, 1225, 1165, 1277, 1236, 1107, 1138, 1316, 1108, 1137, 1226, 1332, 1349, 1063, 1082, 1262, 1196, 1227, 1077, 1133, 1217, 1346, 1114, 1116, 1128, 1135], [319, 403, 855, 895, 776, 876, 765, 781, 845, 813, 808, 836, 826, 841, 850, 880, 889, 827, 846, 860, 861, 858, 893, 433, 829, 831, 816, 851, 761, 800, 793, 811, 780, 857, 864, 751, 830, 894, 768, 865, 782, 886, 866, 756, 884, 825, 843, 844, 869, 859, 887, 862, 871, 760, 818, 848, 877, 767, 809, 891, 753, 775, 806, 798, 832, 804, 771, 772, 785, 786, 854, 812, 842, 882, 820, 797, 834, 888, 754, 773, 794, 879, 875, 795, 778, 833, 799, 807, 783, 790, 867, 847, 803], [10, 66, 451, 474, 15, 126, 460, 535, 514, 528, 453, 583, 489, 564, 458, 572, 588, 509, 568, 546, 461, 549, 558, 545, 477, 530, 512, 597, 462, 582, 467, 592, 534, 506, 491, 17, 121, 31, 117, 118, 46, 47, 113, 69, 135, 500, 542, 138, 100, 450, 511, 591, 562, 574, 473, 485, 129, 538, 160, 554, 640, 723, 470, 524, 537, 605, 607, 459, 522, 531, 472, 555, 504, 492, 556, 577, 679, 481, 709, 493, 507, 502, 550, 515, 718], [61, 463, 494, 478, 486, 525, 495, 508, 510, 561, 471, 479, 490, 484, 520, 480, 517, 575, 454, 476, 578, 482, 501, 518, 551, 598, 499, 565, 557, 571, 585, 1047, 567, 456, 539, 497, 498, 487, 505, 544, 584, 573, 589, 468, 580, 519, 579, 526, 464, 527, 529, 581, 466, 566, 570, 516, 469, 475, 496, 513, 521, 563, 596, 569, 523, 559, 1022, 532, 533, 587, 590, 1010, 1033, 455, 547, 465, 457, 536, 594, 540, 560, 552, 543, 553, 576], [452, 917, 927, 970, 979, 1026, 586, 928, 964, 593, 1041, 949, 986, 905, 951, 1027, 931, 983, 1034, 976, 1028, 1032, 932, 1038, 993, 1044, 999, 901, 1018, 908, 916, 909, 937, 954, 1008, 1031, 962, 1030, 1025, 929, 957, 958, 961, 959, 977, 972, 997, 900, 936, 911, 919, 953, 1019, 1011, 906, 934, 967, 942, 913, 924, 947, 1035, 943, 990, 946, 933, 978, 1004, 980, 988, 940, 987, 1005, 994, 548, 595, 939, 963, 599, 904, 915, 938], [903, 944, 998, 974, 965, 996, 1112, 1155, 1087, 1176, 1119, 1122, 1062, 1090, 1166, 1145, 1189, 1073, 1178, 1096, 1140, 1187, 1199, 1117, 1118, 1121, 921, 1198, 1186, 1069, 1168, 1164, 1167, 1183, 1130, 1143, 991, 1151, 1084, 1071, 1156, 1158, 1079, 1182, 1100, 1150, 1184, 1080, 1146, 1191, 1179, 1154, 1161, 1170, 1086, 1144, 1105, 1098, 1142, 1099, 1057, 1139, 1129, 1160, 1097, 1174, 1070, 1141, 1094, 1175, 1078, 1111, 1091, 1109], [483, 930, 1039, 1159, 1163, 1001, 918, 945, 992, 982, 1040, 1037, 1177, 902, 1013, 925, 971, 907, 1020, 984, 914, 1029, 1014, 952, 995, 1021, 955, 966, 1068, 1123, 1125, 969, 910, 1016, 926, 935, 1015, 948, 950, 1002, 1007, 1006, 1042, 923, 968, 1036, 912, 1012, 960, 1103, 1110, 920, 981, 1046, 922, 985, 941, 956, 989, 1009, 1017, 1043, 973, 975, 1024, 1000, 1045, 1003, 1049, 1023, 1048], [286, 665, 696, 899, 897, 655, 784, 606, 835, 824, 856, 849, 896, 763, 601, 685, 689, 892, 759, 852, 650, 653, 703, 898, 634, 870, 814, 663, 750, 757, 752, 885, 787, 755, 774, 764, 823, 873, 770, 868, 758, 878, 819, 791, 805, 890, 828, 838, 777, 839, 874, 788, 796, 881, 762, 801, 1289, 1311, 779, 1254, 789, 1280, 1201, 817, 872, 1327, 883, 1238, 1269, 1308, 1341, 178, 255, 292, 314, 350, 355, 339, 421, 353, 810, 821, 853, 245, 401, 181, 430, 209, 402, 364, 335, 442, 308, 344, 359, 382, 432, 304, 336, 320, 341, 414, 243, 305, 267, 411, 361, 244, 250, 372, 434, 385, 330, 358, 309, 348, 373, 258, 379, 368, 376, 266, 412, 342, 380, 324, 436, 325, 377, 390]]","[0.17954267119057477, 0.14428041595965624, 0.13671400002203882, 0.10881309909746051, 0.09360791998915374, 0.0977564980275929, 0.7499725259840488, 0.10681085684336722, 0.10472810105420649, 0.08407221804372966, 0.0747261589858681, 0.07927947514690459, 0.1489383669104427]","[1.7052863340359181, 1.165131603833288, 1.304117590887472, 10.675705271074548, 1.9303788079414517, 0.075693384045735, 0.29492013389244676, 0.07295813411474228, 0.12969323201104999, 0.12299381289631128, 0.06229654303751886, 0.06829895381815732, 0.11312379408627748]","[""OPTIMAL"", ""OPTIMAL"", ""OPTIMAL"", ""OPTIMAL"", ""OPTIMAL"", ""OPTIMAL"", ""OPTIMAL"", ""OPTIMAL"", ""OPTIMAL"", ""OPTIMAL"", ""OPTIMAL"", ""OPTIMAL"", ""OPTIMAL""]","[49.0, 57.0, 101.0, 92.0, 103.0, 45.0, 46.0, 25.0, 26.0, 36.0, 17.0, 28.0, 50.0]","[49.0, 57.0, 101.0, 92.0, 103.0, 45.0, 46.0, 25.0, 26.0, 36.0, 17.0, 28.0, 50.0]","[0.19765596790239215, 0.02018193295225501, 0.01886377506889403, 0.01822448498569429]","[1129, 2298, 3362, 4428]",4428.0,"[0.573427703930065, 0.31583994487300515, 0.2466585971415043, 0.19440692919306457]","[0.3168762531131506, 2.115470380987972, 2.2233610360417515, 2.3234163280576468]","[0.00638458994217217, 0.190331872086972, 0.21167943021282554, 1800.0573362479918]",TIME_LIMIT,675.0,675.0,1001.0,990.0,9.59040959040959,1833.9051533716265
62,9,150,6750,750,2,10,578,1800,11.301720574032515,"[2.0313109010457993, 2.461286389036104]","[1.2105517180170864, 1800.3811481310986]",TIME_LIMIT,777.0,765.0,0.0154440154440154,"[6.937685011187568, 7.109854079084471, 7.249418595107272, 7.404692225158215, 7.408466348191723, 7.416347812162712, 7.42506948299706, 7.42878710408695, 7.7804215650539845, 7.78411626117304, 7.963300860021263, 8.050446453038603, 8.271080307196826, 8.441393247107044, 8.688573884079233, 8.69172008917667, 8.695096691139042, 8.870363423135132, 8.935712553095073, 8.961027182172984, 11.560246051987633, 13.010892412159592, 13.01638712710701, 13.021720853168517, 15.444206277141348, 15.447970204986632, 15.613377208122984, 15.940792261157185, 16.95691285515204, 17.429625988006592, 17.577134435996413, 18.121869256021455, 18.966081638121977, 19.139855865156278, 19.143528833054006, 19.349633396137506, 20.77051305701025, 57.12753618415445, 63.97555218311027, 85.9837374931667, 99.95797603810206, 106.80283146421425, 110.88530680700205, 110.88844988401979, 186.2890362010803, 187.87463721912354, 240.9537820930127, 258.4515758890193, 350.17979123303667, 411.4800849291496, 561.1981839491054]","[1217.0, 1035.0, 1031.0, 1026.0, 922.0, 905.0, 886.0, 885.0, 876.0, 874.0, 868.0, 862.0, 858.0, 851.0, 848.0, 843.0, 841.0, 835.0, 834.0, 833.0, 825.0, 823.0, 820.0, 818.0, 815.0, 814.0, 812.0, 811.0, 810.0, 808.0, 807.0, 806.0, 804.0, 802.0, 801.0, 798.0, 797.0, 795.0, 794.0, 792.0, 788.0, 787.0, 785.0, 784.0, 783.0, 782.0, 781.0, 780.0, 779.0, 777.999999836194, 777.0]",1806.0842971391976,13,0.8098557649118612,"[0.6944591512584508, 0.760427826270219, 0.838545042635537, 0.7720719909561111, 0.7397422550884877, 0.6405989895685675, 0.6374400359383272, 0.6372563474978621, 0.6533161494993556, 0.5618347673989944, 0.5721325028034476, 0.5909037313352842, 0.6019272374455366]","[0.08725365149671498, 0.022880983147982755, 0.13784590409590408, 0.09282648260489297, 0.07562089875686362, 0.010046284621527336, 0.06681893819694162, 0.08083332976228229, 0.06519097222222221, 0.02918631623341768, 0.015253335633770413, 0.04964510392141971, 0.050611981743770844]","[62.82262907763478, 15.673473456368187, 89.59983766233765, 57.552419215033645, 44.23822577276522, 5.1738365800865775, 30.736711570593144, 35.970831744215616, 28.68402777777777, 11.82045807453416, 6.177600931677017, 16.382884294068504, 24.799871054447713]","[1.6854166666666668, 1.3666666666666665, 1.9, 1.5333333333333334, 1.5, 1.3333333333333333, 1.5005012531328321, 2.3520833333333337, 1.5666666666666667, 1.5666666666666667, 1.4333333333333331, 1.4833333333333334, 1.5328804347826086]",595.5477513365103,165.91494412497036,2.3520833333333337,0.0245799917222178,0.2785921762820034,4.0408845520578325,1.1865974408574402,"[720, 685, 650, 620, 585, 515, 460, 445, 440, 405, 405, 330, 490]","[[451, 599, 491, 523, 452, 487, 927, 928, 976, 1049, 1010, 1046, 463, 1020, 462, 594, 912, 612, 637, 677, 671, 654, 1095, 1060, 709, 1180, 1073, 1071, 1106, 1167, 1169, 1160, 1081, 1098, 1152, 1088, 1085, 1124, 1127, 1130, 1133, 717, 825, 795, 1105, 830, 1203, 1268, 835, 1289, 1055, 1074, 1090, 1092, 1137, 1147, 1195, 1242, 1174, 903, 1082, 1140, 1015, 1014, 1091, 1077, 1104, 1166, 1163, 1050, 1138, 1058, 1064, 1108, 1145, 1123, 1171, 1188, 1115, 1168, 1051, 1181, 1066, 1110, 1173, 1103, 1116, 1114, 1121, 1164, 1118, 1170, 1126, 1156, 1062, 1100, 1165, 1139, 1148, 1135, 1197, 1175, 1187, 1193, 1176, 1099, 1191, 1161, 1053, 1072, 1158, 1054, 1065, 1154, 1150, 1096, 1069, 1111, 1113, 1117, 1149, 1057, 1177, 1162, 1067, 1136, 1094, 1075, 1056, 1190, 1134, 1087, 1097, 1101, 1102, 1125, 1186, 1089, 1143, 1119, 1107, 1183, 1076, 300], [299, 357, 626, 765, 375, 706, 895, 710, 860, 764, 802, 849, 306, 798, 330, 768, 751, 386, 772, 760, 879, 837, 859, 856, 753, 889, 823, 884, 820, 841, 821, 899, 836, 842, 754, 756, 791, 846, 797, 891, 761, 854, 817, 840, 881, 803, 809, 813, 750, 779, 775, 896, 838, 870, 784, 833, 755, 767, 762, 865, 796, 882, 770, 794, 769, 815, 853, 832, 864, 776, 826, 783, 872, 873, 787, 822, 785, 805, 818, 844, 827, 845, 866, 1224, 1278, 1251, 757, 790, 851, 780, 831, 793, 868, 875, 786, 812, 1288, 774, 799, 869, 874, 847, 810, 811, 855, 806, 877, 778, 839, 897, 857, 862, 789, 861, 893, 801, 867, 871, 892, 852, 878, 758, 829, 850, 759, 880, 771, 863, 828, 890, 814, 792, 804, 894, 808, 773, 834], [0, 43, 47, 60, 23, 70, 113, 116, 48, 115, 6, 136, 24, 57, 51, 29, 134, 109, 79, 112, 119, 149, 27, 81, 83, 129, 40, 95, 100, 137, 132, 93, 138, 10, 140, 72, 67, 19, 131, 78, 90, 37, 46, 49, 56, 142, 126, 66, 135, 2, 36, 111, 18, 55, 35, 103, 76, 71, 98, 9, 16, 20, 145, 30, 102, 73, 62, 14, 28, 120, 15, 52, 82, 77, 99, 25, 97, 122, 85, 133, 144, 5, 96, 12, 94, 88, 108, 59, 1, 50, 11, 54, 128, 7, 8, 45, 4, 92, 87, 22, 17, 21, 104, 39, 3, 69, 139, 143, 105, 34, 89, 68, 118, 147, 80, 26, 125, 130, 86, 91, 263, 31, 41, 84, 64, 121, 124, 141, 148, 63], [157, 256, 311, 441, 413, 338, 368, 352, 362, 433, 360, 301, 308, 340, 432, 364, 437, 343, 448, 369, 380, 388, 443, 179, 392, 273, 185, 344, 424, 888, 205, 267, 225, 244, 250, 446, 304, 331, 307, 389, 321, 359, 371, 332, 377, 394, 318, 410, 355, 335, 365, 309, 322, 356, 399, 429, 313, 436, 415, 317, 312, 316, 367, 423, 403, 421, 439, 333, 396, 315, 334, 381, 348, 400, 416, 406, 419, 353, 391, 442, 326, 363, 327, 347, 387, 361, 305, 409, 373, 382, 325, 408, 346, 417, 397, 426, 440, 376, 310, 449, 407, 342, 402, 390, 341, 414, 427, 425, 337, 354, 314, 422, 336, 323, 384, 430, 438, 385, 447, 435, 329, 349, 431, 379], [777, 807, 886, 800, 782, 788, 1236, 1214, 1229, 1131, 1264, 1336, 1216, 1283, 1243, 1259, 1348, 1215, 1246, 1290, 898, 1292, 1221, 1233, 1263, 1202, 1301, 1340, 1225, 1265, 1334, 1248, 1326, 1279, 1227, 1335, 1244, 1272, 1220, 1291, 1327, 1296, 1240, 1330, 1298, 1311, 1231, 1323, 1254, 1324, 1341, 1297, 1305, 1303, 1337, 824, 1314, 848, 876, 1235, 1306, 1281, 1209, 1285, 1211, 1255, 1230, 1307, 1200, 1257, 1338, 1346, 1345, 1208, 1304, 1261, 1241, 1287, 1333, 1252, 1321, 1205, 1339, 1295, 1262, 1275, 1247, 1267, 1284, 1322, 1328, 1228, 1260, 1206, 1316, 1249, 1319, 1239, 1300, 1342, 1223, 1315, 1271, 1273, 1344, 1349, 1256, 1325, 1282, 1222, 1286, 1309, 1320, 1313, 1347, 1280, 1317], [184, 275, 608, 634, 614, 715, 887, 653, 667, 693, 697, 251, 711, 740, 742, 665, 726, 606, 627, 624, 691, 631, 741, 700, 703, 744, 659, 716, 660, 736, 664, 686, 701, 678, 688, 673, 695, 609, 672, 619, 623, 618, 641, 723, 690, 638, 682, 720, 604, 625, 622, 629, 661, 651, 675, 719, 713, 681, 696, 729, 610, 652, 639, 617, 689, 642, 630, 718, 636, 708, 670, 747, 683, 746, 749, 601, 613, 676, 728, 605, 745, 611, 650, 694, 645, 712, 658, 657, 646, 714, 737, 680, 725, 615, 1129, 628, 707, 668, 674, 644, 647, 635, 699], [13, 572, 106, 578, 453, 38, 471, 74, 510, 101, 146, 44, 61, 53, 123, 110, 562, 107, 465, 549, 496, 519, 692, 730, 504, 574, 598, 75, 114, 475, 525, 581, 575, 498, 450, 457, 511, 552, 540, 556, 564, 591, 460, 467, 535, 508, 486, 492, 560, 494, 571, 459, 470, 476, 588, 454, 517, 538, 558, 529, 550, 597, 536, 566, 553, 579, 596, 548, 464, 488, 522, 555, 468, 557, 527, 573, 500, 580, 490, 520, 524, 539, 590, 473, 545, 485, 513, 530, 506, 507, 489, 531], [32, 154, 155, 181, 294, 158, 277, 117, 240, 259, 168, 171, 265, 270, 33, 58, 127, 278, 182, 209, 732, 282, 633, 731, 161, 166, 183, 236, 279, 170, 260, 165, 190, 176, 276, 197, 210, 281, 297, 204, 230, 242, 285, 221, 266, 253, 248, 264, 298, 65, 216, 213, 194, 152, 203, 180, 224, 189, 220, 227, 255, 172, 234, 284, 704, 705, 177, 274, 192, 258, 229, 233, 272, 159, 235, 232, 187, 257, 698, 212, 254, 684, 188, 287, 292, 721, 290, 727, 735], [547, 565, 1009, 996, 911, 950, 922, 978, 939, 963, 968, 1047, 1021, 907, 931, 943, 951, 954, 945, 1035, 991, 1039, 576, 961, 1032, 973, 953, 987, 904, 990, 998, 916, 919, 1027, 967, 1013, 1019, 956, 983, 1036, 1033, 902, 934, 1005, 936, 1002, 908, 917, 975, 942, 952, 1038, 905, 964, 989, 1003, 1000, 985, 997, 1017, 1026, 913, 1159, 994, 925, 938, 960, 1048, 972, 910, 962, 979, 992, 1011, 941, 974, 1024, 981, 1030, 932, 1025, 933, 1018, 1028, 971, 1006, 946, 993], [466, 542, 567, 1043, 988, 957, 478, 570, 921, 479, 537, 949, 948, 986, 554, 965, 1007, 482, 1012, 1040, 1184, 920, 982, 620, 1189, 1199, 679, 1083, 640, 669, 662, 1063, 1155, 977, 1122, 1045, 1023, 1142, 1185, 1157, 1192, 1070, 1086, 1178, 900, 969, 966, 995, 999, 1041, 929, 937, 958, 901, 930, 926, 1004, 984, 1029, 906, 914, 940, 1008, 1037, 909, 1001, 944, 915, 970, 918, 947, 955, 1022, 1031, 980, 1042, 1016, 1034, 923, 1044, 924], [42, 526, 551, 592, 503, 632, 738, 512, 480, 501, 516, 584, 455, 495, 474, 483, 514, 484, 509, 477, 569, 521, 595, 528, 577, 561, 456, 469, 534, 481, 587, 458, 546, 472, 505, 497, 585, 743, 563, 589, 935, 959, 499, 533, 543, 621, 687, 586, 502, 663, 722, 616, 648, 685, 532, 583, 733, 643, 582, 607, 702, 748, 600, 602, 603, 649, 724, 518, 739, 559, 655, 544, 568, 593, 656, 666, 734, 461, 493, 541, 515], [150, 271, 296, 195, 245, 222, 293, 153, 167, 262, 163, 200, 214, 261, 160, 162, 186, 202, 238, 175, 208, 269, 286, 156, 252, 228, 211, 239, 241, 191, 164, 207, 320, 324, 291, 226, 173, 412, 420, 288, 174, 283, 217, 223, 247, 199, 218, 219, 237, 151, 193, 231, 178, 198, 280, 246, 249, 289, 295, 196, 201, 169, 243, 206, 215, 268], [1052, 1274, 1059, 1250, 1266, 1151, 1144, 1112, 1146, 1080, 1084, 1141, 1179, 1182, 1061, 1079, 1109, 1226, 1310, 1172, 1068, 1128, 1093, 1120, 1194, 1198, 1153, 1196, 1219, 1270, 1132, 1238, 1308, 1293, 1217, 1232, 1234, 1237, 1299, 1258, 1269, 1294, 1078, 1277, 1204, 1210, 1218, 1201, 1343, 1245, 1312, 1213, 1253, 1329, 1207, 1276, 1302, 1318, 1332, 1331, 1212, 302, 328, 339, 405, 401, 428, 752, 766, 885, 883, 816, 763, 843, 819, 781, 858, 303, 351, 358, 404, 374, 372, 418, 319, 383, 370, 378, 395, 393, 444, 445, 411, 366, 398, 345, 350, 434]]","[0.20343584707006812, 0.8704253809992224, 0.19675488583743572, 0.1704592020250857, 0.1429480230435729, 0.17021807399578393, 0.14756405586376786, 0.15419128304347396, 0.1239196858368814, 0.14503471506759524, 0.8413952619303018, 0.1017033711541444, 0.15017185197211802]","[1.1037077668588609, 1.5980181470513344, 2.942242719931528, 3.346276099095121, 0.5766088641248643, 0.14428148907609284, 0.16729873092845082, 0.1713735379744321, 0.19751364993862808, 0.08676599804311991, 0.14670241298153996, 0.1203520679846406, 0.1297571980394423]","[""OPTIMAL"", ""OPTIMAL"", ""OPTIMAL"", ""OPTIMAL"", ""OPTIMAL"", ""OPTIMAL"", ""OPTIMAL"", ""OPTIMAL"", ""OPTIMAL"", ""OPTIMAL"", ""OPTIMAL"", ""OPTIMAL"", ""OPTIMAL""]","[72.0, 42.0, 89.0, 61.0, 67.0, 28.0, 29.0, 51.0, 36.0, 16.0, 10.0, 11.0, 29.0]","[72.0, 42.0, 89.0, 61.0, 67.0, 28.0, 29.0, 51.0, 36.0, 16.0, 9.999999999999998, 11.0, 29.0]","[0.2607984831556678, 0.01973662106320262, 0.018361432012170553]","[1253, 2451, 3523]",3523.0,"[0.7716873500030488, 0.39597187796607614, 0.3047680859453976]","[0.4645230290479958, 2.8824938910547644, 2.999715093988925]","[0.009513969998806715, 0.38416951801627874, 1800.108301607892]",TIME_LIMIT,541.0,541.0,965.0,963.0,19.48186528497409,1827.996643272927
62,9,150,6750,750,2,10,579,1800,11.156588776037095,[2.1096997810527682],[1800.1593418621924],TIME_LIMIT,790.0,773.0,0.0215189873417721,"[9.670056133996695, 10.148408389883116, 10.328928539063781, 10.331519332015887, 10.333463847870007, 10.335639589931816, 10.339364334009588, 13.184682338964194, 13.186773621942848, 13.190260051982477, 14.425228605978191, 14.4271687369328, 14.430962279904634, 15.651198399020359, 15.743836513953283, 15.757023575948551, 15.759670917876065, 15.815681464970112, 15.825608976883814, 15.890782980015501, 15.893401752924547, 16.00057590706274, 16.003342078998685, 16.21099801803939, 16.213596392888576, 16.271821920992807, 16.48440896999091, 16.5097539878916, 16.586845563026145, 16.602976727997884, 16.64573981706053, 16.647909821011126, 16.65840352093801, 16.69047463685274, 16.753202053019777, 16.755492181051522, 16.84124551084824, 34.77788376691751, 34.87589477491565, 36.08580680703744, 36.087160245049745, 36.250891119008884, 37.0687710379716, 37.543242261977866, 38.89782553398982, 39.169826140860096, 44.72105517797172, 63.314613323891535, 63.31759921484627, 64.19350720499642, 65.11675452603959, 66.96904698386788, 79.32766991993412, 80.76038142293692, 82.09621733496897, 86.48001731792465, 101.24800741695799, 101.2494474160485, 108.39911221992224, 108.40078678098507, 108.40214037988335, 110.57689392799512, 114.60989550501108, 114.61202589189634, 121.03945969697088, 121.0415249359794, 123.08454063697718, 138.83046881202608, 172.58625767193735, 178.69842206104659, 222.29169410699978, 402.35204088990577, 1045.2687466719653]","[3474.0, 3415.0, 2746.0, 2734.0, 2687.0, 2686.0, 2255.0, 2212.0, 2210.0, 2019.0, 1988.0, 1987.0, 1917.0, 1909.0, 1900.0, 1879.0, 1826.0, 1825.0, 1810.0, 1798.0, 1791.0, 1775.0, 1768.0, 1701.0, 1670.0, 1669.0, 1657.0, 1639.0, 1622.0, 1618.0, 1541.0, 1530.0, 1515.0, 1351.0, 1350.0, 1347.0, 1261.0, 1243.0, 1225.0, 1221.0, 1203.0, 1188.0, 1185.0, 1182.0, 1158.0, 1151.0, 1061.0, 1057.0, 1055.0, 908.0, 902.0, 901.0, 900.0, 899.0, 894.0, 893.0, 890.0, 860.0, 856.0, 847.0, 808.0, 806.0, 805.0, 804.0, 800.0, 799.0, 798.0, 796.0, 794.0, 793.0, 792.0, 791.0, 790.0]",1802.2690416432447,11,0.8477272798015358,"[0.7504335807634224, 0.800795721974975, 0.8699171236814397, 0.8451612215189536, 0.7486241684608405, 0.6612298921851144, 0.7557903524562365, 0.7786098347834588, 0.7378219794818806, 0.5561247443762781, 0.5152353568780629]","[0.17838360288960978, 0.14589295784563366, 0.1288002973580215, 0.3042779049071954, 0.17710465070634096, 0.18279786704983558, 0.2116022339142141, 0.123498869713616, 0.3840929037136466, 0.21642887933922947, 0.05869646383331023]","[133.78770216720733, 102.12507049194356, 89.51620666382495, 209.95175438596485, 122.20220898737527, 116.0766455766456, 132.2513961963838, 77.18679357101, 195.88738089395977, 62.76437500837655, 31.696090469987524]","[1.9605263157894737, 1.5760466507177033, 1.6636363636363636, 2.0545454545454547, 1.6772727272727272, 1.85, 2.25, 2.1, 2.082905982905983, 1.9105263157894736, 1.5158988070752777]",1594.921968427785,321.4763440151057,2.25,0.0476261250392749,0.201562427741718,4.065100070089102,1.078118752921,"[750, 700, 695, 690, 690, 635, 625, 625, 510, 290, 540]","[[3, 7, 85, 116, 42, 58, 63, 100, 90, 62, 108, 78, 128, 96, 193, 165, 75, 496, 77, 461, 450, 544, 528, 473, 498, 557, 516, 583, 488, 558, 591, 456, 547, 532, 568, 539, 494, 527, 581, 599, 580, 477, 537, 575, 493, 559, 535, 458, 529, 542, 499, 552, 577, 501, 518, 506, 492, 507, 588, 533, 593, 572, 551, 463, 466, 478, 479, 475, 597, 482, 497, 564, 525, 566, 548, 462, 562, 598, 589, 465, 500, 540, 451, 486, 550, 495, 546, 554, 523, 534, 574, 587, 460, 560, 504, 531, 590, 469, 502, 573, 596, 452, 487, 509, 582, 553, 483, 484, 549, 594, 503, 510, 508, 530, 517, 578, 457, 538, 474, 570, 592, 490, 988, 541, 1039, 563, 467, 515, 576, 585, 904, 522, 536, 561, 472, 480, 512, 520, 459, 524, 526, 513, 910, 1077, 985, 464, 914, 481, 505, 555], [454, 635, 740, 960, 1090, 1100, 1173, 1164, 1187, 1198, 1146, 607, 1052, 1063, 1179, 1169, 1113, 1182, 1125, 1144, 1168, 1069, 1175, 1106, 1117, 1051, 1189, 1193, 1150, 1185, 1194, 1062, 1057, 1096, 1064, 1092, 1068, 1094, 1151, 1053, 1149, 1067, 1170, 1135, 1160, 1095, 1120, 1133, 1097, 1141, 1060, 1157, 1122, 1093, 1121, 1114, 1171, 1180, 1126, 1138, 1056, 1177, 1199, 1072, 1073, 1105, 1075, 1123, 1190, 1079, 1191, 1165, 1195, 1074, 686, 1139, 1152, 1184, 1238, 730, 1196, 781, 1140, 1178, 1101, 1066, 1084, 1098, 1132, 1143, 1174, 1167, 1341, 1054, 1071, 1118, 1128, 1147, 1181, 1166, 1163, 1082, 1091, 1192, 1078, 1081, 1108, 1085, 1087, 1142, 1176, 1156, 1055, 1058, 1153, 1109, 1264, 1145, 1159, 1061, 1158, 1088, 1065, 1102, 1137, 1059, 1103, 1127, 1104, 1183, 1111, 1134, 1119, 1172, 1089, 1148, 1112, 1155, 1280, 1080], [0, 81, 110, 4, 6, 45, 74, 87, 120, 140, 28, 109, 115, 118, 29, 52, 18, 76, 36, 183, 114, 236, 20, 43, 103, 148, 56, 129, 146, 268, 275, 21, 105, 121, 70, 97, 30, 127, 79, 131, 51, 104, 32, 89, 106, 48, 125, 136, 135, 1, 26, 141, 144, 2, 50, 142, 94, 5, 27, 22, 46, 80, 16, 37, 102, 134, 66, 82, 31, 55, 24, 124, 147, 44, 112, 95, 122, 64, 33, 93, 67, 25, 53, 38, 71, 54, 73, 126, 83, 117, 145, 8, 10, 14, 149, 123, 11, 68, 41, 13, 138, 143, 49, 59, 99, 98, 9, 130, 57, 86, 133, 119, 34, 65, 139, 545, 565, 489, 514, 12, 60, 15, 91, 35, 92, 40, 17, 113, 101, 69, 23, 39, 47, 61, 84, 111, 72, 132, 107], [476, 979, 567, 951, 987, 1010, 1008, 974, 1005, 1007, 1037, 519, 584, 992, 1038, 1047, 925, 994, 1030, 939, 973, 1012, 1045, 912, 1015, 924, 1035, 902, 944, 934, 937, 953, 938, 966, 975, 1046, 928, 1003, 957, 579, 949, 990, 1013, 595, 983, 932, 485, 1019, 972, 1022, 1049, 1011, 954, 968, 989, 1021, 993, 905, 958, 935, 964, 1002, 907, 956, 933, 903, 946, 967, 1040, 948, 984, 1017, 929, 1154, 981, 941, 962, 1000, 998, 1048, 901, 961, 1043, 950, 977, 1034, 913, 930, 942, 978, 969, 916, 999, 1028, 1033, 920, 1020, 921, 965, 1044, 917, 970, 923, 1032, 926, 945, 906, 963, 927, 911, 952, 959, 995, 919, 922, 1016, 1031, 997, 1036, 931, 976, 1026, 982, 1025, 909, 996, 1027, 918, 947, 971, 1006, 1041, 980, 986, 1004, 1009, 1042, 1023], [19, 217, 285, 174, 245, 157, 185, 215, 269, 160, 250, 218, 279, 201, 287, 265, 173, 261, 207, 211, 262, 151, 180, 273, 272, 158, 164, 190, 233, 196, 184, 202, 88, 244, 274, 163, 182, 152, 162, 247, 191, 258, 154, 167, 251, 295, 150, 237, 181, 209, 187, 178, 223, 204, 161, 447, 208, 172, 205, 192, 278, 219, 259, 170, 226, 221, 175, 283, 224, 240, 216, 671, 297, 266, 277, 186, 230, 282, 260, 263, 276, 232, 200, 253, 212, 213, 225, 294, 301, 227, 249, 242, 257, 284, 156, 222, 271, 652, 729, 292, 188, 299, 614, 600, 650, 665, 203, 231, 252, 248, 290, 159, 194, 254, 197, 214, 289, 195, 228, 298, 234, 293, 288, 168, 239, 286, 189, 238, 206, 281, 235, 267, 296, 264, 171, 199, 280, 379], [166, 270, 176, 601, 633, 775, 229, 739, 717, 169, 220, 615, 630, 666, 690, 741, 243, 453, 521, 694, 608, 179, 198, 646, 725, 291, 721, 638, 657, 602, 749, 667, 682, 703, 619, 687, 649, 685, 609, 706, 644, 707, 695, 603, 621, 645, 696, 627, 722, 713, 718, 604, 634, 688, 709, 736, 605, 728, 719, 746, 629, 677, 692, 636, 876, 612, 675, 640, 624, 647, 720, 662, 752, 678, 832, 897, 737, 754, 726, 874, 789, 755, 893, 839, 774, 735, 850, 854, 610, 689, 641, 710, 651, 681, 611, 661, 742, 639, 731, 613, 625, 745, 632, 663, 723, 701, 705, 643, 684, 620, 679, 660, 669, 748, 674, 697, 702, 656, 698, 700, 708, 715, 734, 711, 732, 716, 727], [153, 338, 255, 356, 394, 177, 210, 256, 246, 241, 373, 430, 440, 410, 426, 322, 376, 423, 346, 405, 787, 388, 404, 396, 393, 368, 785, 846, 380, 429, 399, 875, 869, 302, 317, 436, 336, 352, 318, 303, 358, 385, 409, 332, 375, 438, 366, 392, 308, 354, 434, 330, 403, 323, 398, 355, 428, 431, 331, 347, 155, 408, 415, 341, 391, 407, 310, 413, 390, 416, 316, 359, 311, 372, 334, 342, 418, 367, 374, 419, 300, 387, 389, 324, 328, 307, 312, 329, 433, 305, 406, 360, 401, 425, 443, 442, 333, 402, 435, 320, 339, 370, 395, 437, 314, 319, 326, 384, 361, 411, 362, 365, 369, 357, 378, 400, 377, 439, 383, 344, 446, 350, 364, 382, 422], [340, 879, 762, 353, 363, 444, 889, 806, 810, 757, 861, 761, 895, 798, 857, 793, 812, 882, 760, 841, 864, 815, 870, 892, 765, 840, 881, 750, 773, 823, 794, 807, 899, 845, 873, 860, 888, 772, 808, 778, 833, 804, 865, 768, 822, 855, 803, 821, 883, 782, 792, 891, 770, 853, 796, 776, 777, 890, 814, 847, 763, 827, 820, 877, 788, 863, 751, 791, 1234, 843, 1303, 834, 852, 759, 848, 790, 771, 887, 837, 1228, 1261, 858, 756, 831, 819, 825, 884, 769, 842, 811, 764, 817, 859, 898, 766, 784, 809, 797, 838, 885, 758, 871, 886, 783, 824, 800, 801, 867, 872, 786, 802, 799, 851, 805, 813, 836, 856, 894, 767, 830, 896, 818, 835, 849, 866], [780, 1324, 1282, 1298, 1316, 1209, 1232, 1213, 1281, 1320, 1256, 1255, 1300, 1309, 1099, 1339, 1131, 1210, 1292, 1116, 1276, 1252, 1269, 1272, 1245, 1287, 1249, 1345, 1136, 1323, 1337, 1241, 1277, 1301, 1246, 1202, 1225, 1204, 1291, 1299, 1258, 1251, 1319, 1348, 1200, 1349, 1235, 1288, 1224, 1259, 1260, 1314, 1262, 1328, 1332, 1212, 1242, 1346, 1240, 1266, 1201, 1347, 1229, 1263, 1335, 1205, 1334, 1336, 1250, 1294, 1275, 1296, 1310, 1214, 1230, 1322, 1340, 1254, 1279, 1284, 1215, 1248, 1286, 1311, 1329, 1231, 1313, 1233, 1290, 1321, 1206, 1304, 1247, 1338, 1222, 1305, 1271, 1283, 1223, 1227, 1265, 1289], [753, 829, 880, 826, 828, 1331, 1110, 1343, 779, 816, 1218, 844, 868, 878, 795, 1295, 1207, 1216, 1253, 1239, 1267, 1318, 862, 1293, 1312, 1208, 1221, 1302, 1273, 1278, 1268, 1325, 1203, 1211, 1217, 1226, 1333, 1219, 1243, 1244, 1306, 1317, 1237, 1297, 1270, 1285, 1308, 1344, 1327, 1257, 1220, 1274, 1236, 1315, 1307, 1326, 1330, 1342], [455, 543, 586, 571, 642, 664, 744, 468, 511, 491, 673, 704, 628, 691, 747, 1197, 724, 738, 606, 683, 618, 637, 699, 714, 648, 733, 616, 626, 693, 617, 659, 653, 672, 655, 622, 680, 743, 654, 712, 676, 670, 470, 471, 631, 668, 556, 658, 623, 569, 304, 309, 313, 306, 321, 349, 449, 325, 315, 337, 420, 335, 351, 343, 414, 432, 371, 417, 327, 345, 397, 348, 445, 412, 381, 427, 421, 448, 424, 441, 386, 900, 1029, 1083, 1129, 1161, 936, 908, 955, 1018, 915, 1014, 1024, 940, 991, 943, 1001, 1086, 1115, 1162, 1050, 1188, 1070, 1124, 1130, 1186, 1076, 1107, 137]]","[0.176817991072312, 0.1486761849373579, 0.142873841105029, 0.12810299289412796, 0.1500097969546914, 0.16928497096523643, 0.1204677561763674, 0.12870460702106357, 0.07949118199758232, 0.061033905018121004, 0.1331849261187017]","[1.4058911299798638, 1.9093322830740362, 0.5296689399983734, 3.2307331040501595, 0.44992197514511645, 0.29927456099539995, 3.3355510039255023, 0.7724029649980366, 2.045333242043853, 0.07372922101058066, 0.048936917912214994]","[""OPTIMAL"", ""OPTIMAL"", ""OPTIMAL"", ""OPTIMAL"", ""OPTIMAL"", ""OPTIMAL"", ""OPTIMAL"", ""OPTIMAL"", ""OPTIMAL"", ""OPTIMAL"", ""OPTIMAL""]","[83.0, 57.0, 66.0, 77.0, 55.0, 40.0, 65.0, 46.0, 62.0, 19.0, 32.0]","[83.0, 57.0, 66.0, 77.0, 55.0, 40.0, 65.0, 46.0, 62.0, 19.0, 32.0]","[0.8705335820559412, 0.02013143803924322, 0.019537166925147176, 0.018525471910834312, 0.017630950082093477, 0.018878462025895715]","[956, 2141, 3244, 4302, 5312, 6287]",6287.0,"[0.47912051691673696, 0.3195252928417176, 0.26106914319097996, 0.1951146360952407, 0.13784099905751646, 0.08575260499492288]","[0.2587635258678347, 1.4025796891655773, 2.19280440104194, 2.3084691599942744, 2.3495914260856807, 1.6121662131045014]","[0.00513193616643548, 0.17849175701849163, 0.1985520040616393, 1.2465246280189604, 2.1874247840605676, 1800.2735466100276]",TIME_LIMIT,602.0,602.0,793.0,776.0,0.3783102143757881,1837.3403487191536
41,2,150,1500,750,5,10,1138,1800,8.489382017985918,[0.4347262840019539],[339.7982461070642],OPTIMAL,171.0,171.0,0.0,"[0.6560069801053032, 0.6562529150396585, 0.6564704070333391, 0.6567151810741052, 0.6569532590219751, 0.6572292650816962, 0.6574606790672988, 0.7296621190616861, 0.7822077510645613, 0.7830953290686011, 0.7851275720167905, 1.0105565530247986, 1.196859151008539, 1.1989484931109473, 1.595033341087401, 2.6325319280149415, 14.240428511053324, 21.431813760078512, 299.427647729055, 339.79707723506726]","[286.0, 249.0, 228.0, 226.0, 191.0, 190.0, 189.0, 186.0, 183.0, 182.0, 181.0, 180.0, 179.0, 176.0, 175.0, 174.0, 173.0, 172.0, 171.00000000000017, 171.0]",340.23297239106614,3,0.8954753527418511,"[0.813397445529677, 0.8485411851405219, 0.7192419125652808]","[0.17796348552699856, 0.08433346034307572, 0.1943512182994973]","[121.01517015835903, 54.81674922299922, 33.03970711091454]","[1.8923076923076922, 1.55, 1.75]",257.3935009886054,48.5218744963326,2.1,0.0323479163308884,0.1885124306160788,2.187202480970882,0.2224695580080151,"[680, 650, 170]","[[7, 101, 222, 19, 176, 236, 153, 234, 27, 85, 157, 128, 232, 274, 275, 193, 42, 283, 142, 31, 106, 278, 271, 155, 103, 273, 82, 225, 247, 296, 262, 294, 24, 132, 182, 186, 254, 178, 204, 215, 237, 26, 120, 104, 284, 189, 55, 123, 170, 166, 230, 293, 185, 249, 38, 288, 168, 158, 211, 251, 156, 205, 267, 207, 220, 198, 203, 268, 282, 151, 183, 214, 195, 280, 224, 206, 297, 159, 235, 264, 160, 257, 162, 243, 216, 289, 190, 218, 253, 201, 287, 292, 171, 233, 250, 266, 286, 150, 258, 202, 291, 217, 241, 259, 179, 244, 221, 272, 213, 188, 231, 184, 229, 281, 295, 263, 152, 164, 256, 219, 226, 239, 265, 154, 172, 163, 210, 208, 228, 167, 187, 209, 298, 261, 299, 277], [0, 3, 140, 105, 10, 115, 77, 58, 5, 73, 133, 127, 148, 11, 45, 79, 44, 78, 6, 63, 16, 21, 87, 75, 109, 22, 47, 102, 122, 25, 30, 70, 9, 28, 71, 108, 46, 86, 125, 116, 100, 1, 14, 43, 72, 62, 112, 4, 118, 93, 144, 48, 61, 129, 94, 89, 92, 13, 114, 126, 145, 15, 20, 139, 23, 50, 146, 83, 29, 80, 52, 54, 84, 113, 95, 2, 81, 111, 18, 97, 143, 60, 67, 39, 134, 96, 124, 98, 59, 138, 12, 51, 88, 68, 36, 110, 37, 34, 117, 136, 56, 64, 65, 107, 32, 90, 33, 99, 35, 74, 130, 66, 135, 40, 147, 191, 8, 131, 149, 41, 49, 91, 76, 121, 141, 119, 69, 57, 137, 17], [53, 240, 173, 174, 177, 242, 199, 270, 165, 245, 227, 252, 169, 276, 180, 260, 290, 255, 175, 285, 161, 238, 200, 223, 248, 181, 246, 269, 197, 196, 212, 279, 194, 192]]","[0.2757661499781534, 0.2686349229188636, 0.032851045951247215]","[0.5792788859689608, 0.3261115920031443, 0.021198707981966436]","[""OPTIMAL"", ""OPTIMAL"", ""OPTIMAL""]","[50.0, 50.0, 20.0]","[50.0, 50.0, 20.0]","[0.04178167204372585, 0.004051510943099856, 0.004217969952151179, 0.004211199004203081, 0.004102509003132582]","[179, 422, 631, 854, 1085]",1085.0,"[0.0961700159823522, 0.06500521290581673, 0.048753774957731366, 0.04236316296737641, 0.031263776938430965]","[0.05276202689856291, 0.43785213108640164, 0.3135957029880956, 0.48059429798740894, 0.48573712504003197]","[0.0012577479938045144, 0.032193655031733215, 0.1442882469855249, 0.20284641801845282, 24.500226325937547]",OPTIMAL,120.0,120.0,178.0,177.99999999999977,3.932584269662921,30.906787826446816
41,2,150,1500,750,5,10,1139,1800,8.849213831010275,[0.5010804310441017],[19.309305637027137],OPTIMAL,180.0,180.0,0.0,"[0.4820590059971437, 0.4960477249696851, 0.5070602080086246, 0.5084907920099795, 0.5088703599758446, 0.5096862509381026, 0.5105907960096374, 0.5120026939548552, 0.6714597470127046, 0.6717265589395538, 0.6719547340180725, 0.8177987239323556, 0.819285626988858, 1.226377238985151, 1.3405062619131058, 2.2896247339667752, 2.410350780002773, 5.987943650921807, 6.348884998937137, 9.073347426950932, 9.07483499799855]","[246.0, 225.0, 224.0, 223.0, 211.0, 207.0, 206.0, 205.0, 200.0, 199.0, 196.0, 195.0, 186.0, 185.0, 184.0, 183.0, 182.0, 181.0, 180.0, 180.0, 181.0]",19.81038606807124,3,0.7990356362060284,"[0.7360100186589117, 0.7433918671882909, 0.4260280675221849]","[0.08964144268919234, 0.20521683887711417, 0.08297187561893446]","[56.92231610763714, 122.10401913188294, 22.402406417112303]","[1.65, 2.3529411764705883, 1.7]",281.61894773538336,80.19020607875098,2.3529411764705883,0.0534601373858339,0.284747197315058,2.1919743260368705,0.2246805840404704,"[635, 595, 270]","[[2, 3, 128, 70, 122, 144, 28, 150, 46, 47, 67, 142, 108, 10, 84, 143, 146, 104, 76, 86, 87, 5, 175, 19, 43, 89, 92, 14, 91, 35, 26, 107, 57, 63, 137, 60, 111, 24, 85, 27, 50, 188, 221, 250, 6, 40, 31, 74, 78, 66, 131, 95, 56, 69, 102, 124, 138, 0, 1, 42, 100, 141, 29, 147, 32, 39, 82, 36, 140, 149, 80, 90, 94, 114, 120, 4, 20, 23, 55, 109, 13, 126, 16, 33, 125, 130, 37, 38, 81, 99, 127, 9, 48, 59, 116, 45, 75, 54, 119, 58, 101, 97, 93, 64, 148, 117, 73, 79, 129, 11, 44, 68, 15, 25, 106, 121, 132, 21, 30, 52, 113, 118, 17, 61, 110, 133, 213], [7, 18, 230, 88, 209, 98, 212, 8, 155, 235, 34, 206, 65, 51, 283, 181, 210, 196, 252, 199, 226, 265, 287, 123, 216, 261, 169, 292, 190, 205, 174, 243, 266, 278, 204, 272, 257, 185, 260, 198, 263, 211, 270, 201, 262, 248, 178, 217, 291, 227, 267, 186, 297, 215, 231, 239, 279, 151, 164, 152, 168, 208, 295, 165, 173, 153, 203, 193, 237, 232, 290, 282, 163, 275, 285, 259, 280, 294, 219, 179, 244, 284, 264, 154, 161, 254, 156, 225, 162, 247, 182, 159, 224, 177, 299, 180, 184, 238, 246, 229, 273, 236, 157, 214, 170, 194, 258, 167, 288, 222, 286, 241, 256, 228, 240, 187, 218, 191, 271], [12, 77, 135, 139, 72, 103, 53, 189, 233, 22, 96, 202, 245, 160, 296, 62, 136, 158, 166, 276, 71, 105, 220, 145, 251, 269, 277, 293, 41, 115, 200, 195, 253, 268, 274, 192, 249, 49, 176, 207, 112, 172, 183, 298, 134, 223, 83, 234, 242, 255, 171, 197, 281, 289]]","[0.35057421296369284, 0.12676968902815133, 0.07352038007229567]","[0.1596247280249372, 0.6762049079407007, 0.02951365802437067]","[""OPTIMAL"", ""OPTIMAL"", ""OPTIMAL""]","[33.0, 76.0, 11.0]","[33.0, 76.0, 11.0]","[0.041930994018912315, 0.003995988052338362, 0.004279116983525455]","[246, 500, 750]",750.0,"[0.10413917398545891, 0.06286144896876067, 0.05662443407345563]","[0.05863567907363176, 0.5161704049678519, 0.5472991530550644]","[0.0014700390165671706, 0.08125574991572648, 0.7751143130008131]",OPTIMAL,120.0,120.0,212.0,212.0,15.09433962264151,6.086638981243596
41,2,150,1500,750,5,10,1140,1800,9.995687618036754,[0.5258472469868138],[134.24227495898958],OPTIMAL,185.0,185.0,0.0,"[0.5475638840580359, 0.5641563980607316, 0.5774476550286636, 0.5820056119700894, 0.5824394529918209, 0.5875075630610809, 0.5885172410635278, 0.5894082830054685, 0.9328799679642543, 0.9338019420392811, 0.9386065499857068, 1.3792505599558353, 1.892887337016873, 2.6300724979955703, 3.613357346970588, 6.653614014037885, 10.701669511967339, 26.191018503974192, 26.192404165980406, 26.193688274011947, 39.21810381999239, 134.24113407102413]","[259.0, 230.0, 226.0, 225.0, 204.0, 199.0, 197.0, 196.0, 195.0, 193.0, 192.0, 190.0, 189.0, 188.0, 187.0, 186.0, 186.0, 186.0, 187.0, 188.0, 185.0, 185.0]",134.7681222059764,3,0.8751943458519936,"[0.8250111399439071, 0.7755096347646578, 0.48248544759411705]","[0.22968157167391648, 0.09021223729419653, 0.07144886363636363]","[167.66754732195903, 62.2464437329956, 5.71590909090909]","[2.083333333333333, 1.7, 1.4454545454545453]",289.9012112865634,54.27131114069968,2.083333333333333,0.0361808740937997,0.1872062241467008,2.195950596011244,0.2265713550150394,"[730, 690, 80]","[[7, 168, 189, 289, 217, 264, 212, 258, 284, 36, 180, 172, 253, 296, 174, 181, 35, 167, 163, 280, 298, 155, 188, 192, 202, 256, 279, 194, 239, 228, 260, 276, 242, 152, 240, 221, 267, 205, 215, 230, 285, 150, 211, 247, 249, 259, 275, 154, 200, 255, 179, 198, 288, 183, 271, 153, 159, 203, 235, 283, 246, 290, 161, 245, 165, 190, 286, 297, 20, 216, 50, 195, 160, 270, 171, 278, 33, 78, 99, 129, 164, 185, 219, 257, 39, 148, 193, 226, 250, 272, 263, 277, 37, 53, 97, 176, 209, 232, 28, 243, 103, 158, 231, 191, 269, 294, 169, 291, 268, 186, 293, 238, 208, 274, 292, 151, 213, 225, 218, 254, 287, 162, 233, 223, 236, 201, 204, 166, 251, 177, 170, 282, 173, 199, 244, 266, 261, 182, 196, 273, 207, 197, 224, 229, 241, 262], [0, 76, 68, 104, 15, 21, 17, 62, 18, 31, 58, 138, 140, 5, 84, 126, 8, 137, 131, 41, 85, 101, 123, 14, 16, 45, 60, 83, 146, 25, 111, 142, 115, 26, 51, 82, 47, 143, 52, 141, 55, 59, 107, 81, 66, 120, 9, 32, 43, 122, 69, 2, 42, 22, 110, 72, 145, 96, 24, 100, 29, 134, 48, 94, 75, 147, 30, 118, 128, 57, 64, 67, 133, 102, 40, 125, 71, 44, 54, 93, 95, 70, 132, 109, 127, 46, 88, 63, 90, 1, 113, 4, 49, 56, 112, 116, 117, 10, 65, 86, 130, 3, 77, 73, 79, 139, 13, 38, 114, 34, 136, 149, 11, 61, 105, 12, 98, 220, 248, 178, 227, 206, 234, 119, 299, 156, 121, 80, 89, 23, 74, 92, 27, 91, 124, 87, 184, 295], [6, 19, 144, 222, 135, 106, 157, 175, 214, 281, 108, 252, 237, 187, 265, 210]]","[0.15074693702626973, 0.38709372002631426, 0.026685377000831068]","[1.374128086026758, 0.3152283189119771, 0.00728598004207015]","[""OPTIMAL"", ""OPTIMAL"", ""OPTIMAL""]","[82.0, 70.0, 0.0]","[82.0, 70.0, 0.0]","[0.04362235497683287, 0.004659509984776378, 0.004832398029975593, 0.004831459023989737]","[128, 361, 589, 799]",799.0,"[0.07566245691850781, 0.06691882305312902, 0.0579780979314819, 0.04046180902514607]","[0.0455368310213089, 0.26884944504126906, 0.49054749601054937, 0.3391613410785794]","[0.001255291048437357, 0.02865050290711224, 0.14061045995913446, 19.500639770994894]",OPTIMAL,152.0,152.0,194.0,194.0,4.639175257731959,25.797908417065628
41,2,150,1500,750,5,10,1141,1800,8.687759362044744,[0.33001765608787537],[23.001755426987074],OPTIMAL,178.0,178.0,0.0,"[0.46282058698125184, 0.47825393604580313, 0.4928736590081826, 0.495559350005351, 0.49597606097813696, 0.49711744603700936, 0.49750888999551535, 0.4983662599697709, 0.5014000730589032, 0.502105524064973, 0.5029292489634827, 0.5049707159632817, 0.5057716330047697, 0.6762764550512657, 0.6765512770507485, 0.7765180950518698, 0.7769359409576282, 0.8845693139592186, 0.8848355170339346, 0.8851227840641513, 1.0748670189641416, 1.075184333953075, 1.075610044063069, 1.5704894029768184, 1.5715332149993628, 1.5793004430597648, 2.263962244032882, 2.3921553409891203, 10.262750725960359, 10.263965195044875, 10.26518877595663, 22.591675368952565]","[272.0, 246.0, 239.0, 237.0, 220.0, 219.0, 217.0, 215.0, 209.0, 208.0, 206.0, 205.0, 203.0, 199.0, 198.0, 197.0, 195.0, 194.0, 193.0, 192.0, 191.0, 185.0, 184.0, 183.0, 182.0, 181.0, 180.0, 179.0, 179.0, 180.0, 181.0, 178.0]",23.33177308307495,3,0.8601689892257843,"[0.8281445508492424, 0.7550895793724587, 0.46079759588146907]","[0.2115780305638904, 0.14662738629176006, 0.022177117829291736]","[147.04673124190384, 90.90897950089123, 4.102766798418971]","[2.4045454545454548, 1.8, 1.2326086956521738]",284.69418241604944,44.86616161616169,2.4545454545454546,0.0299107744107744,0.157594234048791,2.2016402250155807,0.2235061910469085,"[695, 620, 185]","[[10, 137, 229, 117, 182, 181, 252, 264, 18, 120, 172, 176, 294, 40, 65, 184, 290, 218, 263, 157, 259, 228, 246, 293, 236, 163, 258, 206, 298, 177, 217, 274, 267, 19, 209, 38, 245, 122, 278, 275, 280, 70, 136, 247, 198, 210, 188, 295, 213, 286, 201, 237, 231, 260, 156, 158, 205, 165, 36, 155, 169, 173, 212, 186, 244, 151, 214, 225, 291, 153, 164, 178, 187, 238, 168, 226, 211, 289, 241, 192, 219, 208, 150, 262, 240, 270, 200, 221, 242, 224, 239, 185, 256, 196, 234, 197, 202, 220, 261, 254, 287, 279, 152, 288, 160, 272, 248, 283, 170, 171, 203, 195, 232, 190, 243, 299, 233, 269, 175, 179, 292, 281, 230, 216, 273, 285, 194, 297, 174, 276, 284, 180, 253, 183, 193, 191, 296, 23, 189], [0, 50, 101, 20, 48, 5, 46, 17, 24, 31, 89, 14, 97, 49, 53, 66, 146, 9, 127, 87, 63, 22, 82, 147, 95, 104, 108, 134, 45, 119, 80, 114, 116, 118, 8, 76, 86, 11, 12, 132, 13, 103, 28, 41, 59, 111, 51, 43, 67, 52, 91, 55, 68, 44, 54, 129, 64, 121, 99, 139, 126, 133, 144, 145, 1, 215, 266, 223, 61, 57, 141, 166, 268, 6, 33, 161, 282, 199, 29, 69, 167, 222, 257, 207, 162, 42, 140, 96, 204, 98, 235, 271, 251, 159, 227, 250, 47, 249, 255, 125, 88, 102, 60, 78, 106, 107, 143, 3, 84, 100, 128, 85, 32, 105, 35, 109, 15, 30, 16, 135, 56, 115, 149, 81], [2, 142, 110, 93, 73, 123, 37, 92, 113, 58, 4, 83, 21, 154, 277, 62, 77, 79, 265, 7, 124, 34, 130, 131, 75, 112, 25, 72, 74, 90, 27, 39, 26, 71, 138, 94, 148]]","[0.34470546594820917, 0.15356030105613172, 0.055035575991496444]","[0.9013710550498217, 0.1735414050053805, 0.01874238403979689]","[""OPTIMAL"", ""OPTIMAL"", ""OPTIMAL""]","[72.0, 56.0, 1.0]","[72.0, 56.0, 1.0]","[0.04540605004876852, 0.004172791028395295, 0.00417929096147418, 0.004279367043636739]","[241, 489, 718, 940]",940.0,"[0.11362997908145189, 0.06310660496819764, 0.049473704071715474, 0.03924999700393528]","[0.06660599703900516, 0.5185215329984203, 0.5432254880433902, 0.36171204410493374]","[0.001685231109149754, 0.03611649200320244, 0.03821062494534999, 1.4587852719705552]",OPTIMAL,129.0,129.0,196.0,196.0,9.183673469387756,7.420463069574907
41,2,150,1500,750,5,10,1142,1800,9.450306026032194,[0.6908983790781349],[18.062259512022138],OPTIMAL,176.0,176.0,0.0,"[0.6868084790185094, 0.687111378996633, 0.6873700129799545, 0.8298118649981916, 0.8305269799893722, 0.8354159210575745, 0.8358895309502259, 0.8391936529660597, 0.8532079909928143, 0.8535533139947802, 1.11906669405289, 1.1194733390584588, 1.1197858230443671, 1.1552366790128872, 1.1559437629766762, 1.6659051369642839, 4.814602046040818, 6.33166570297908]","[223.0, 206.0, 196.0, 195.0, 194.0, 193.0, 192.0, 191.0, 190.0, 189.0, 186.0, 185.0, 183.0, 182.0, 179.0, 178.0, 177.0, 176.0]",18.75315789110028,3,0.862262816804287,"[0.823337752396492, 0.8067581687267661, 0.3828860528367918]","[0.25287770090532674, 0.220323779658818, 0.05714285714285715]","[188.3938871744684, 131.0926488969967, 9.142857142857144]","[2.0, 1.7569444444444442, 1.4357142857142857]",408.8943697836467,80.2649765693244,2.0,0.0535099843795496,0.1962975831914676,2.206970354076475,0.226668290910311,"[745, 595, 160]","[[31, 152, 198, 159, 273, 188, 277, 287, 291, 154, 189, 178, 183, 157, 253, 192, 56, 155, 248, 206, 75, 298, 224, 187, 272, 194, 254, 279, 268, 158, 204, 174, 263, 51, 173, 229, 168, 160, 201, 211, 255, 177, 249, 203, 210, 256, 261, 153, 170, 245, 214, 283, 169, 284, 175, 244, 202, 207, 230, 161, 167, 281, 171, 258, 185, 280, 199, 265, 150, 251, 162, 231, 176, 276, 294, 218, 182, 209, 299, 213, 278, 186, 241, 246, 217, 220, 239, 164, 179, 180, 196, 266, 208, 237, 275, 234, 285, 264, 259, 295, 242, 191, 292, 195, 270, 212, 236, 290, 238, 85, 156, 163, 271, 166, 293, 227, 260, 243, 257, 228, 252, 222, 296, 225, 49, 109, 83, 200, 250, 232, 65, 86, 247, 193, 274, 80, 269, 128, 286, 205, 240, 151, 297, 233, 190, 221, 223, 288, 216], [0, 124, 18, 77, 25, 84, 10, 70, 146, 34, 148, 90, 30, 46, 107, 123, 6, 119, 139, 125, 100, 137, 16, 235, 32, 165, 41, 130, 126, 147, 38, 42, 1, 4, 15, 88, 13, 39, 45, 2, 22, 79, 92, 99, 19, 78, 53, 50, 62, 27, 129, 9, 103, 118, 43, 73, 29, 44, 136, 71, 11, 122, 37, 48, 81, 89, 115, 5, 94, 133, 24, 127, 135, 28, 64, 95, 102, 145, 98, 111, 143, 35, 144, 47, 113, 69, 97, 63, 52, 142, 60, 93, 108, 66, 149, 76, 104, 3, 7, 55, 17, 82, 12, 96, 101, 91, 140, 132, 117, 141, 121, 8, 110, 57, 61, 116, 40, 67, 114], [14, 68, 215, 131, 138, 172, 20, 181, 226, 21, 72, 87, 54, 219, 262, 74, 120, 23, 33, 36, 267, 282, 134, 289, 26, 58, 197, 105, 106, 59, 112, 184]]","[0.17002101708203554, 0.14751147397328168, 0.04819032794330269]","[1.0543039540061727, 0.23657977604307234, 0.016052162973210216]","[""OPTIMAL"", ""OPTIMAL"", ""OPTIMAL""]","[71.0, 39.0, 2.0]","[71.0, 39.0, 2.0]","[0.25167021295055747, 0.004521529073826969, 0.004820417962037027, 0.00467309495434165]","[196, 468, 697, 927]",927.0,"[0.09814660192932934, 0.07105766411405057, 0.05435735604260117, 0.04229322599712759]","[0.05242418695706874, 0.32768306601792574, 0.5411428560037166, 0.5732322899857536]","[0.0013271479401737452, 0.03524806001223624, 0.16950399905908853, 3.8423795440467075]",OPTIMAL,112.0,112.0,195.0,195.0,9.743589743589745,10.180778610054404
41,3,150,2250,750,5,10,1305,1800,8.702181002125144,[0.5048231473192573],[1800.0199135527946],TIME_LIMIT,315.0,314.0,0.0031746031746031,"[1.4034351618029177, 1.4325457867234945, 1.4567497028037906, 1.4578504767268896, 1.4595121988095343, 1.4636122998781502, 1.8952795607037842, 1.8956881579943001, 1.8960506576113403, 2.2385840816423297, 2.239002008922398, 2.2393522378988564, 2.239705812651664, 2.240053546614945, 2.2404055916704237, 2.240755475591868, 2.3281032759696245, 2.3291973005980253, 2.330273578874767, 3.205889585893601, 3.5650333506055176, 3.871983921620995, 5.7175656799227, 6.6051843566820025, 6.694909686688334, 6.79341094661504, 6.859350174665451, 16.146451408974826, 17.518954156897962, 36.89556364296004, 91.32850112393498, 134.32551497779787, 822.6545745017938, 1800.018425416667]","[531.0, 482.0, 392.0, 391.0, 390.0, 385.0, 365.0, 363.0, 359.0, 354.0, 353.0, 350.0, 348.0, 346.0, 345.0, 343.0, 341.0, 336.0, 335.0, 334.0, 328.0, 327.0, 326.0, 325.0, 324.0, 323.0, 321.0, 320.0, 319.0, 318.0, 317.0, 316.0, 315.00000000000006, 315.0]",1800.524736700114,4,0.8011502410160463,"[0.7997006085456735, 0.6514825265620682, 0.634798221934052, 0.5599194763295071]","[0.2408975664321059, 0.15539666141938874, 0.1790174541306788, 0.10753194740494201]","[173.44624783111624, 85.4681637806638, 96.66942523056655, 47.31405685817449]","[2.4, 1.85, 2.05, 1.7]",614.7580169471576,211.86012324663648,2.4,0.0941600547762828,0.3446236037691276,1.2803741190582514,0.2549334843643009,"[720, 550, 540, 440]","[[21, 203, 257, 191, 206, 227, 240, 281, 228, 39, 222, 235, 259, 244, 289, 68, 271, 202, 177, 247, 181, 190, 237, 293, 86, 251, 231, 154, 282, 249, 158, 246, 294, 197, 216, 256, 32, 220, 242, 225, 233, 63, 115, 283, 285, 136, 170, 229, 167, 252, 153, 250, 292, 152, 162, 171, 268, 172, 179, 194, 238, 193, 275, 258, 217, 208, 213, 214, 215, 290, 176, 298, 185, 295, 253, 184, 303, 150, 159, 274, 165, 187, 243, 205, 254, 269, 151, 166, 157, 192, 291, 163, 280, 178, 189, 169, 173, 201, 182, 212, 218, 200, 223, 286, 232, 161, 278, 180, 277, 219, 236, 196, 204, 261, 270, 299, 209, 241, 234, 255, 210, 245, 248, 221, 239, 267, 279, 297, 155, 207, 266, 156, 168, 224, 272, 260, 288, 160, 273, 175, 211, 199, 296, 226], [2, 35, 60, 448, 11, 436, 28, 72, 381, 53, 103, 111, 368, 80, 350, 323, 355, 424, 437, 13, 380, 40, 73, 82, 90, 132, 144, 428, 24, 58, 419, 365, 114, 116, 346, 400, 401, 367, 22, 430, 344, 433, 52, 374, 410, 431, 312, 408, 333, 357, 363, 398, 446, 366, 306, 319, 438, 340, 359, 377, 332, 349, 379, 411, 382, 371, 334, 352, 358, 425, 442, 94, 345, 426, 324, 384, 307, 310, 406, 316, 351, 326, 443, 373, 391, 309, 342, 315, 337, 372, 447, 364, 421, 311, 330, 354, 441, 375, 388, 395, 416, 341, 386, 402, 322, 394, 353, 422, 328, 439], [0, 149, 91, 96, 76, 140, 48, 143, 146, 148, 110, 50, 126, 137, 31, 99, 34, 124, 123, 112, 139, 3, 145, 10, 66, 77, 64, 84, 89, 54, 70, 69, 133, 4, 102, 79, 109, 130, 25, 74, 107, 87, 17, 119, 134, 105, 108, 135, 37, 369, 343, 83, 131, 65, 67, 1, 62, 122, 8, 6, 95, 38, 7, 9, 46, 113, 16, 188, 20, 85, 33, 92, 164, 276, 186, 230, 55, 117, 42, 125, 44, 78, 75, 30, 93, 104, 61, 56, 59, 262, 287, 36, 264, 88, 5, 15, 195, 106, 129, 138, 147, 14, 45, 101, 118, 41, 81, 57], [18, 320, 198, 19, 314, 23, 43, 142, 265, 284, 392, 98, 445, 141, 263, 174, 348, 404, 183, 347, 335, 120, 97, 339, 329, 405, 26, 29, 49, 47, 360, 27, 449, 127, 301, 318, 304, 376, 305, 317, 393, 71, 121, 414, 415, 313, 444, 12, 128, 338, 412, 302, 389, 370, 385, 390, 396, 403, 51, 331, 418, 383, 409, 420, 100, 432, 397, 440, 300, 423, 336, 362, 327, 417, 407, 413, 434, 308, 361, 378, 435, 427, 356, 321, 325, 429, 387, 399]]","[0.15128801809623837, 0.13457958307117224, 0.14682145603001118, 0.10326136695221066]","[1.4122489341534674, 0.12082599103450775, 0.22251168312504888, 0.09403930604457855]","[""OPTIMAL"", ""OPTIMAL"", ""OPTIMAL"", ""OPTIMAL""]","[93.0, 39.0, 46.0, 28.0]","[93.0, 39.0, 46.0, 28.0]","[0.06782246520742774, 0.03994412021711469, 0.041193283163011074]","[402, 778, 1141]",1141.0,"[0.20825790474191308, 0.10387723986059427, 0.08310778206214309]","[0.10881029907613993, 0.6885042609646916, 0.7033680179156363]","[0.0021609249524772167, 0.05796967027708888, 16.17420096695423]",OPTIMAL,206.0,206.0,407.0,407.0,29.20634920634921,22.200100877322257
41,3,150,2250,750,5,10,1306,1800,7.525883737020194,[0.6675290670245886],[222.3817572928965],OPTIMAL,282.0,282.0,0.0,"[1.255178399849683, 1.371009849011898, 1.8111497047357261, 1.8118060710839927, 1.8129386170767248, 2.008591120131314, 2.025315253995359, 2.0618875240907073, 2.0635040081106126, 2.0654995208606124, 2.076325078960508, 2.0905951969325542, 2.4778054049238563, 3.303821782115847, 3.3119531059637666, 3.7790575679391623, 6.508715386968106, 10.618475882802159, 28.803061965852976, 28.804507556837052, 28.80589922796935, 162.33246673410758, 162.33391278190538, 162.33534272480756, 222.3762732599862]","[1202.0, 1164.0, 892.0, 881.0, 728.0, 328.0, 315.0, 296.0, 294.0, 293.0, 290.0, 289.0, 288.0, 287.0, 286.0, 285.0, 284.0, 283.0, 283.0, 284.0, 285.0, 283.0, 284.0, 285.0, 281.9999999999998]",223.0492863599211,4,0.839772642315767,"[0.7447698996373957, 0.8351023987430806, 0.6679632662611137, 0.591672589876922]","[0.14471716090382325, 0.22329567066972894, 0.23080071302571883, 0.1006842156551459]","[101.30201263267627, 152.95753440876433, 100.3983101661877, 43.29421273171274]","[1.8722222222222222, 1.85, 1.9, 1.6363636363636362]",518.116551331011,120.16448139167,1.9315789473684213,0.0534064361740755,0.2319255794526204,1.2309973132796586,0.2604892970994115,"[700, 685, 435, 430]","[[1, 87, 13, 77, 162, 172, 34, 121, 93, 14, 32, 10, 81, 50, 147, 17, 43, 25, 54, 3, 107, 46, 19, 144, 59, 83, 401, 109, 412, 101, 4, 135, 74, 369, 356, 438, 8, 52, 126, 80, 38, 70, 139, 146, 18, 51, 128, 134, 64, 428, 48, 345, 133, 395, 110, 445, 363, 413, 117, 143, 148, 333, 382, 443, 335, 373, 127, 310, 324, 418, 355, 377, 321, 384, 346, 336, 444, 2, 63, 86, 88, 125, 104, 9, 115, 22, 119, 71, 84, 72, 82, 114, 129, 11, 30, 136, 21, 79, 12, 42, 91, 41, 67, 69, 140, 124, 6, 16, 118, 24, 85, 45, 55, 68, 108, 36, 132, 122, 141, 33, 103, 65, 99, 142, 106, 112, 116, 28, 90, 75, 31, 60, 20, 120, 96, 62, 175, 113, 100, 131], [23, 337, 435, 78, 92, 309, 323, 392, 358, 417, 347, 26, 307, 425, 421, 304, 416, 325, 391, 349, 361, 403, 35, 53, 95, 419, 177, 267, 351, 366, 449, 383, 404, 411, 300, 316, 402, 313, 376, 387, 312, 397, 339, 388, 407, 314, 318, 359, 362, 319, 330, 350, 408, 341, 380, 386, 44, 322, 431, 305, 422, 360, 399, 423, 331, 338, 436, 348, 447, 442, 448, 353, 424, 415, 378, 311, 426, 352, 429, 344, 364, 427, 398, 326, 328, 393, 340, 439, 302, 343, 406, 327, 379, 437, 446, 303, 400, 434, 306, 420, 430, 414, 357, 441, 317, 409, 432, 372, 381, 365, 396, 301, 342, 371, 329, 334, 390, 374, 394, 433, 440, 320, 405, 368, 375, 385, 410, 370, 389, 308, 315, 332, 354, 367, 29, 40, 61], [5, 73, 243, 262, 245, 230, 27, 256, 240, 169, 212, 185, 210, 150, 163, 298, 39, 297, 98, 76, 97, 181, 259, 295, 281, 233, 49, 283, 161, 237, 254, 156, 260, 182, 244, 179, 228, 168, 173, 199, 257, 155, 264, 207, 219, 236, 265, 282, 241, 249, 276, 285, 166, 201, 239, 193, 178, 205, 268, 213, 234, 215, 273, 66, 263, 242, 266, 251, 176, 272, 291, 183, 261, 223, 224, 255, 196, 278, 197, 203, 253, 274, 180, 290, 218, 191, 275], [0, 137, 158, 165, 160, 111, 238, 198, 202, 227, 153, 206, 174, 277, 184, 200, 248, 164, 195, 247, 187, 299, 250, 288, 208, 284, 229, 57, 105, 246, 293, 154, 235, 270, 294, 171, 189, 286, 211, 217, 271, 225, 279, 287, 151, 231, 167, 221, 220, 209, 192, 292, 258, 152, 188, 222, 157, 252, 232, 190, 204, 269, 280, 194, 214, 216, 159, 186, 170, 296, 289, 226, 7, 37, 123, 130, 138, 145, 56, 58, 149, 89, 94, 15, 47, 102]]","[0.16266267001628876, 0.1427467716857791, 0.3255999907851219, 0.1001317142508924]","[0.17810546280816197, 0.36381531693041325, 0.1591115747578442, 0.06694892002269626]","[""OPTIMAL"", ""OPTIMAL"", ""OPTIMAL"", ""OPTIMAL""]","[46.0, 96.0, 46.0, 14.0]","[46.0, 96.0, 46.0, 14.0]","[0.05848593218252063, 0.03935132501646876, 0.04058504616841674, 0.04140235995873809]","[310, 683, 1029, 1404]",1404.0,"[0.15153982629999518, 0.09730205219238997, 0.07620551204308867, 0.06739304214715958]","[0.08324043778702617, 0.6473904666490853, 0.6942622819915414, 0.7205319660715759]","[0.0018403851427137852, 0.053002781700342894, 0.056309057865291834, 6.855194962583482]",OPTIMAL,202.0,202.0,310.0,310.0,9.929078014184396,12.674646467436103
41,3,150,2250,750,5,10,1307,1800,7.443534018006176,[0.6799211432226002],[270.429021961987],OPTIMAL,258.0,258.0,0.0,"[0.9247843371704221, 0.9517828961834311, 0.9707981091924012, 0.976947930175811, 0.9775462751276791, 0.9793806551024318, 0.9870838420465589, 0.9883228843100369, 1.235832725185901, 1.236235971096903, 1.4775310112163424, 1.4805707363411784, 1.483984962105751, 1.485906203277409, 2.3031434030272067, 2.304669616278261, 4.1118475631810725, 4.666646337136626, 4.6674493830651045, 4.770049207378179, 4.854250766336918, 4.877884670160711, 4.936705645173788, 4.992714304011315, 11.724783233366907, 33.86799150239676, 55.25071771629155, 117.84179420396686, 270.4276656182483]","[374.0, 347.0, 338.0, 334.0, 298.0, 296.0, 295.0, 294.0, 292.0, 291.0, 288.0, 285.0, 284.0, 278.0, 277.0, 275.0, 273.0, 271.0, 270.0, 269.0, 268.0, 267.0, 266.0, 263.0, 261.0, 260.0, 259.0, 258.00000000000006, 258.0]",271.1089431052096,4,0.8041512365763144,"[0.7348392529327775, 0.7912287014766134, 0.5754032409670263, 0.4930869054526414]","[0.2041517026676729, 0.14491983412707027, 0.11465807105367075, 0.039472363385406856]","[133.71936524732575, 92.74869384132496, 69.94142334273916, 13.617965367965365]","[1.9666666666666663, 1.6136363636363638, 1.7914141414141416, 1.609090909090909]",463.5705345071092,153.54308670775396,2.0914141414141416,0.0682413718701128,0.3312183913299779,1.245063221082091,0.2512112478725612,"[655, 640, 610, 345]","[[2, 306, 399, 366, 388, 62, 21, 138, 427, 48, 383, 54, 44, 122, 72, 303, 401, 343, 305, 438, 381, 82, 406, 146, 346, 314, 335, 120, 345, 400, 311, 313, 351, 353, 14, 127, 23, 316, 323, 332, 372, 331, 380, 342, 362, 437, 63, 137, 402, 428, 449, 329, 344, 367, 411, 379, 444, 302, 415, 334, 370, 12, 363, 66, 96, 392, 16, 24, 123, 410, 433, 110, 309, 338, 348, 413, 42, 130, 144, 79, 339, 448, 300, 320, 429, 421, 424, 373, 390, 407, 301, 398, 333, 377, 312, 357, 396, 374, 387, 405, 442, 384, 431, 416, 441, 310, 330, 426, 393, 420, 317, 352, 315, 324, 350, 325, 397, 408, 20, 88, 52, 337, 132, 56, 385, 432, 113, 365, 341, 445, 435], [418, 4, 39, 69, 135, 223, 187, 214, 240, 234, 218, 226, 259, 246, 261, 58, 166, 245, 158, 193, 270, 248, 274, 163, 181, 252, 159, 299, 249, 174, 178, 247, 298, 186, 253, 289, 208, 267, 176, 196, 162, 242, 271, 151, 287, 239, 167, 185, 241, 256, 169, 255, 263, 194, 222, 276, 292, 293, 188, 206, 268, 212, 296, 211, 236, 269, 168, 191, 220, 283, 205, 173, 198, 232, 189, 230, 216, 280, 297, 202, 204, 290, 278, 152, 201, 260, 219, 286, 160, 161, 215, 235, 279, 171, 282, 175, 183, 224, 251, 179, 184, 244, 273, 254, 154, 164, 228, 288, 294, 157, 190, 264, 209, 229, 156, 231, 262, 221, 257, 197, 295, 182, 243, 291, 199, 225, 284, 266], [0, 107, 40, 84, 98, 180, 6, 85, 140, 143, 117, 131, 78, 89, 86, 136, 19, 27, 74, 112, 49, 53, 50, 25, 149, 213, 233, 265, 116, 250, 195, 26, 80, 155, 210, 104, 177, 272, 126, 128, 207, 172, 203, 134, 285, 145, 200, 65, 91, 103, 109, 111, 277, 3, 121, 32, 139, 45, 90, 61, 55, 71, 125, 30, 31, 68, 95, 11, 192, 77, 94, 129, 119, 133, 141, 38, 115, 217, 227, 281, 327, 389, 347, 326, 28, 57, 304, 59, 258, 92, 124, 355, 328, 375, 382, 360, 404, 403, 165, 238, 47, 237, 150, 275, 321, 358, 376, 73, 364, 417, 308, 425, 439, 447, 349, 359, 395, 409, 322, 378, 446, 419], [1, 75, 114, 15, 105, 147, 10, 70, 29, 5, 13, 34, 76, 67, 35, 108, 46, 51, 36, 60, 93, 118, 17, 101, 153, 170, 37, 106, 102, 87, 97, 41, 99, 7, 43, 100, 33, 64, 8, 81, 9, 142, 22, 83, 148, 18, 307, 422, 391, 336, 340, 412, 356, 354, 369, 443, 394, 318, 414, 436, 361, 434, 430, 319, 368, 371, 440, 386, 423]]","[0.36610114900395274, 0.1380206742323935, 0.14936335291713476, 0.0914225778542459]","[2.092692162375897, 0.48595723882317543, 0.13565588230267167, 0.03391828201711178]","[""OPTIMAL"", ""OPTIMAL"", ""OPTIMAL"", ""OPTIMAL""]","[56.0, 61.0, 38.0, 6.0]","[56.0, 61.0, 38.0, 6.0]","[0.22138320887461305, 0.039965298026800156, 0.041110267862677574, 0.041364823933690786]","[423, 796, 1149, 1473]",1473.0,"[0.19808025425300002, 0.10055782506242394, 0.08199377125129104, 0.06044573662802577]","[0.11598699307069182, 0.6857126941904426, 0.7246292498894036, 0.7505171173252165]","[0.00260323379188776, 0.05616510007530451, 0.2377691613510251, 500.87596407392994]",OPTIMAL,161.0,161.0,290.0,290.0,12.4031007751938,509.22365459799767
41,3,150,2250,750,5,10,1308,1800,8.018594345077872,[0.6996382200159132],[448.2598615880124],OPTIMAL,274.0,274.0,0.0,"[0.74986636871472, 0.7755553107708693, 0.7972077997401357, 0.8009624476544559, 0.8015476437285542, 0.802627113647759, 0.8073535049334168, 1.2670554989017546, 1.268922288902104, 1.9459761208854616, 1.9467848306521773, 1.951944577973336, 3.096922095865011, 3.6431731898337603, 3.7076964150182903, 3.734521274920553, 3.8045095186680555, 4.74843973480165, 7.845248566009104, 17.721639008726925, 17.72338366881013, 17.72516571963206, 38.00064933067188, 38.00212765065953, 38.00358215486631, 65.2050837459974, 231.56377598177642, 231.56537181977183, 231.5669812359847, 448.25801382260397]","[370.0, 344.0, 332.0, 325.0, 302.0, 299.0, 298.0, 295.0, 287.0, 286.0, 285.0, 283.0, 282.0, 281.0, 279.0, 278.0, 277.0, 276.0, 275.0, 275.0, 276.0, 277.0, 275.0, 276.0, 277.0, 274.0000000000001, 274.0000000000001, 275.0, 276.0, 274.0]",448.95949980802834,4,0.8037568113737863,"[0.5988444589016164, 0.7470564179460528, 0.6340507631624078, 0.69625540947221]","[0.06149453823237339, 0.12492274057955619, 0.14164831329914407, 0.1283590130137445]","[32.5921052631579, 64.95982510136922, 65.15822411760627, 94.98566963017093]","[1.609090909090909, 2.1545454545454548, 2.1, 1.770409982174688]",387.7834780552001,130.08765394289577,2.1545454545454548,0.0578167350857314,0.3354646634120978,1.2891520238481462,0.2515498772263527,"[530, 520, 460, 740]","[[4, 44, 89, 46, 77, 93, 9, 47, 73, 83, 33, 95, 122, 30, 110, 10, 48, 130, 96, 121, 268, 68, 80, 113, 108, 135, 14, 58, 40, 114, 144, 74, 225, 133, 29, 139, 111, 39, 72, 98, 81, 142, 6, 149, 19, 119, 12, 201, 213, 248, 180, 202, 256, 49, 86, 152, 287, 138, 236, 90, 136, 150, 262, 184, 189, 290, 208, 267, 229, 105, 162, 234, 204, 296, 217, 166, 178, 295, 159, 299, 205, 191, 271, 165, 174, 298, 179, 231, 250, 269, 169, 275, 198, 263, 279, 167, 272, 200, 203, 292, 219, 226, 237, 265, 186, 206], [13, 380, 434, 318, 343, 370, 376, 391, 416, 355, 386, 57, 147, 429, 322, 437, 353, 319, 357, 340, 382, 371, 395, 436, 302, 415, 324, 328, 358, 350, 341, 375, 430, 445, 313, 399, 330, 384, 393, 331, 365, 394, 426, 308, 377, 389, 320, 401, 398, 349, 407, 440, 397, 406, 303, 314, 339, 327, 335, 410, 362, 403, 336, 352, 75, 396, 372, 447, 443, 315, 367, 374, 381, 409, 317, 423, 334, 211, 323, 347, 417, 383, 419, 316, 414, 427, 325, 342, 412, 400, 411, 311, 405, 441, 307, 351, 378, 326, 442, 360, 312, 421, 337, 218], [0, 418, 102, 62, 27, 140, 129, 134, 15, 38, 145, 23, 438, 26, 52, 124, 100, 50, 87, 69, 35, 321, 345, 363, 439, 17, 71, 126, 137, 82, 425, 433, 24, 107, 64, 305, 85, 25, 91, 116, 2, 11, 94, 128, 3, 79, 127, 7, 43, 120, 20, 55, 88, 21, 70, 141, 8, 41, 104, 45, 76, 54, 60, 61, 18, 36, 101, 84, 92, 99, 109, 148, 103, 106, 146, 115, 22, 112, 131, 28, 34, 123, 125, 5, 51, 67, 56, 117, 59, 66, 388, 78], [16, 280, 157, 158, 197, 170, 210, 160, 289, 175, 183, 288, 177, 276, 291, 212, 277, 228, 294, 171, 284, 247, 278, 154, 220, 282, 252, 297, 161, 185, 239, 187, 257, 163, 242, 182, 193, 190, 259, 223, 244, 261, 249, 194, 230, 232, 266, 63, 195, 227, 156, 172, 207, 199, 173, 270, 221, 274, 251, 143, 235, 283, 118, 216, 258, 153, 222, 281, 214, 264, 192, 209, 273, 245, 253, 155, 293, 286, 224, 240, 238, 215, 254, 246, 1, 435, 402, 65, 176, 424, 32, 332, 304, 333, 408, 31, 449, 97, 37, 42, 151, 241, 132, 53, 164, 188, 385, 168, 181, 196, 255, 233, 356, 387, 243, 260, 285, 422, 306, 338, 359, 392, 448, 361, 390, 404, 354, 300, 373, 431, 310, 444, 428, 329, 368, 346, 369, 344, 348, 364, 379, 301, 432, 309, 366, 413, 446, 420]]","[0.14708174485713243, 0.3451393791474402, 0.1227031433954835, 0.15640747407451272]","[0.11930144904181361, 0.24437516182661057, 0.08811380434781313, 0.2642233381047845]","[""OPTIMAL"", ""OPTIMAL"", ""OPTIMAL"", ""OPTIMAL""]","[40.0, 67.0, 23.0, 48.0]","[40.0, 67.0, 23.0, 48.0]","[0.06742301117628813, 0.041919678915292025, 0.24390310607850552, 0.04188721114769578, 0.24607582576572895, 0.04136947402730584]","[406, 785, 1136, 1484, 1812, 2123]",2123.0,"[0.19998237630352378, 0.10002568224444985, 0.08508780831471086, 0.06403279211372137, 0.043167327996343374, 0.025606307201087475]","[0.12033571489155293, 0.7052582432515919, 0.5691160028800368, 0.7612224980257452, 0.5833143200725317, 0.7858149041421711]","[0.0027757720090448856, 0.05811553029343486, 0.061988117173314095, 0.3105618669651449, 0.3915254473686218, 554.9965022350661]",OPTIMAL,178.0,178.0,274.0,274.0,0.0,563.5750586492941
41,3,150,2250,750,5,10,1309,1800,8.269662545993924,[0.6929887370206416],[771.865398934111],OPTIMAL,261.0,261.0,0.0,"[1.2485576937906444, 1.27378862304613, 1.2972082700580359, 1.3032427811995149, 1.303896482102573, 1.304918380919844, 1.3211532570421696, 1.3218825459480286, 1.7567635201849043, 1.757171502802521, 1.7575311199761927, 1.9735999829135835, 1.976235677022487, 2.839647354092449, 2.842912942171097, 2.8472903999499977, 3.1348148309625685, 3.13693165499717, 3.3365366677753627, 3.342597538139671, 5.27244670689106, 5.273209386039525, 5.357429281808436, 5.4453241331502795, 5.743916557170451, 6.332145669963211, 6.333804668858647, 9.815839503891766, 29.076336288824677, 34.787298487033695, 41.565026165917516, 216.42259303992614, 771.8637723010033]","[368.0, 339.0, 328.0, 327.0, 302.0, 300.0, 299.0, 298.0, 292.0, 291.0, 290.0, 283.0, 282.0, 281.0, 280.0, 279.0, 278.0, 277.0, 276.0, 275.0, 274.0, 270.0, 269.0, 268.0, 267.0, 266.0, 265.0, 264.0, 263.0, 262.0, 261.0, 261.0, 261.0]",772.5583876711316,4,0.8149607924466732,"[0.8165728207031187, 0.7147268425529482, 0.627830522680308, 0.5473312792686182]","[0.28875677133324196, 0.09116975502604499, 0.15716394463176278, 0.057035577110288956]","[180.47298208327624, 55.157701790757216, 74.65287370008733, 31.084389525107483]","[2.0863636363636364, 2.069191919191919, 2.05, 1.6]",477.4258871811618,136.0579400819335,2.0863636363636364,0.0604701955919704,0.284982326544896,1.2398597723804414,0.2531732521019876,"[625, 605, 475, 545]","[[67, 407, 430, 333, 387, 436, 416, 435, 354, 330, 419, 349, 366, 414, 301, 421, 375, 383, 411, 385, 303, 326, 313, 428, 440, 346, 359, 394, 417, 302, 438, 399, 424, 390, 403, 309, 342, 406, 415, 310, 374, 395, 412, 365, 443, 351, 426, 432, 439, 318, 335, 396, 420, 418, 332, 377, 300, 343, 441, 319, 305, 315, 429, 398, 437, 341, 347, 369, 425, 427, 306, 379, 322, 325, 328, 400, 372, 392, 389, 312, 317, 362, 316, 382, 391, 388, 344, 356, 404, 348, 352, 320, 413, 410, 393, 136, 408, 324, 384, 445, 434, 337, 334, 401, 338, 423, 350, 363, 402, 364, 444, 314, 323, 353, 448, 373, 397, 370, 339, 358, 321, 433, 368, 336, 355], [0, 89, 21, 8, 127, 77, 142, 137, 20, 58, 143, 57, 87, 115, 22, 75, 138, 24, 38, 76, 88, 92, 26, 104, 74, 5, 107, 72, 125, 329, 34, 106, 331, 357, 442, 86, 114, 327, 307, 340, 386, 2, 33, 131, 4, 46, 83, 311, 409, 71, 52, 82, 112, 110, 367, 371, 405, 1, 73, 113, 135, 19, 35, 55, 80, 91, 69, 116, 78, 98, 23, 56, 139, 140, 40, 44, 122, 13, 100, 65, 111, 84, 99, 6, 117, 14, 9, 105, 54, 149, 81, 59, 96, 119, 144, 12, 32, 90, 18, 37, 101, 147, 118, 63, 128, 132, 7, 42, 133, 97, 146, 103, 10, 95, 108, 49, 61, 134, 25, 27, 41], [11, 30, 165, 15, 238, 173, 121, 189, 217, 213, 124, 263, 250, 185, 145, 247, 152, 258, 164, 226, 243, 293, 224, 229, 272, 123, 237, 207, 208, 285, 267, 275, 174, 257, 287, 182, 289, 202, 269, 248, 168, 260, 256, 198, 230, 200, 177, 179, 277, 281, 154, 244, 178, 192, 268, 286, 162, 298, 241, 283, 227, 254, 171, 279, 172, 184, 264, 274, 17, 223, 29, 161, 210, 181, 60, 129, 126, 31, 120, 47, 68, 53, 195, 51, 109, 36, 102, 43, 62, 170, 209, 270, 288, 221, 240], [150, 151, 215, 231, 216, 278, 156, 188, 166, 276, 225, 273, 176, 180, 282, 187, 153, 271, 160, 232, 155, 218, 211, 212, 297, 296, 158, 219, 193, 191, 245, 228, 280, 169, 292, 203, 197, 246, 235, 233, 290, 159, 222, 252, 295, 183, 186, 242, 157, 201, 262, 294, 175, 190, 196, 199, 3, 70, 16, 163, 130, 167, 236, 253, 66, 214, 291, 265, 360, 28, 446, 422, 45, 345, 39, 50, 48, 255, 64, 79, 93, 376, 194, 431, 447, 449, 85, 361, 94, 204, 141, 148, 206, 261, 378, 381, 304, 308, 380, 205, 266, 249, 259, 220, 234, 284, 299, 239, 251]]","[0.1433333600871265, 0.14980486733838916, 0.3584553701803088, 0.12262923130765557]","[3.0121106379665434, 0.12031873501837254, 0.4967620368115604, 0.07843040721490979]","[""OPTIMAL"", ""OPTIMAL"", ""OPTIMAL"", ""OPTIMAL""]","[75.0, 31.0, 39.0, 20.0]","[75.0, 31.0, 39.0, 20.0]","[0.0643592830747366, 0.0411032191477716, 0.04197420505806804]","[423, 802, 1161]",1161.0,"[0.19405152229592204, 0.10287512699142098, 0.08270999183878303]","[0.09726285515353084, 0.6954729571007192, 0.7327301390469074]","[0.0022644782438874245, 0.05798612115904689, 28.1747942189686]",OPTIMAL,165.0,165.0,324.0,324.0,24.13793103448276,36.26246178848669
41,4,150,3000,750,5,10,1143,1800,9.558118858956732,[0.8087580270366743],[1800.0384977480862],TIME_LIMIT,410.0,407.0,0.0073170731707317,"[3.5824698300566524, 3.5829874640330672, 3.583444481017068, 3.583937246003188, 3.5844247470377013, 3.584906913107261, 3.585379439056851, 4.145927367033437, 4.146806539036334, 4.152808302082121, 4.167392153060064, 5.022941317060031, 5.023608691059053, 5.0241019680397585, 5.024672232102603, 5.025232779094949, 5.125263067078777, 5.712091761059128, 5.722369853057899, 6.112793015083298, 6.545788057032041, 10.491411435999908, 10.6417109540198, 14.699367390014231, 22.429136186023243, 47.87117799103726, 47.873607696034014, 47.87592186010443, 57.73164308606647, 113.47582817601506, 138.31093473511282, 1800.0368679340463]","[557.0, 512.0, 503.0, 502.0, 446.0, 444.0, 442.0, 439.0, 438.0, 437.0, 436.0, 435.0, 434.0, 433.0, 432.0, 431.0, 424.0, 423.0, 422.0, 421.0, 420.0, 418.0, 416.0, 415.0, 414.0, 414.0, 415.0, 416.0, 413.0, 411.0, 410.0, 410.0]",1800.847255775123,5,0.7836279341948029,"[0.6869086299853608, 0.6733376564646456, 0.5718202871699861, 0.6555156958539088, 0.6307669917042643]","[0.2030895691609978, 0.2763284060710532, 0.16633542366846438, 0.1261360233500377, 0.1494785352265329]","[149.27083333333337, 179.61346394618457, 91.4844830176554, 64.96005202526942, 82.2131943745931]","[2.25, 1.85, 1.8720496894409941, 1.75, 1.8868421052631579]",817.8314540136918,250.289427316656,2.25,0.0834298091055519,0.3060403535325015,2.4327043729135767,0.4457023299764842,"[735, 650, 550, 515, 550]","[[4, 288, 149, 233, 167, 201, 190, 276, 251, 286, 193, 231, 209, 274, 249, 226, 284, 214, 269, 255, 246, 388, 268, 281, 175, 219, 272, 232, 295, 51, 74, 240, 431, 501, 508, 577, 230, 153, 183, 259, 287, 7, 37, 142, 104, 127, 247, 218, 26, 118, 135, 44, 208, 267, 285, 90, 258, 292, 216, 260, 264, 14, 156, 263, 253, 22, 144, 18, 56, 27, 47, 94, 136, 196, 221, 35, 145, 163, 158, 199, 225, 67, 151, 250, 179, 239, 222, 186, 252, 200, 235, 278, 155, 223, 114, 215, 271, 265, 166, 244, 152, 283, 243, 194, 212, 204, 229, 245, 220, 177, 237, 203, 191, 154, 282, 210, 270, 164, 192, 241, 168, 185, 275, 171, 293, 161, 262, 291, 289, 198, 236, 169, 205, 211, 242, 184, 277, 254, 213, 266, 298, 224, 227, 238, 273, 162, 170], [150, 187, 592, 159, 228, 540, 197, 261, 454, 176, 296, 586, 173, 178, 516, 294, 461, 500, 587, 524, 165, 189, 455, 181, 535, 279, 523, 217, 234, 526, 569, 160, 174, 188, 290, 463, 512, 207, 493, 529, 450, 544, 521, 572, 533, 599, 474, 513, 511, 596, 182, 522, 538, 206, 257, 575, 519, 280, 172, 297, 471, 180, 470, 531, 462, 549, 536, 543, 300, 456, 434, 473, 343, 360, 411, 465, 490, 468, 480, 566, 311, 438, 560, 382, 578, 464, 439, 394, 505, 481, 488, 548, 492, 392, 514, 498, 520, 530, 582, 554, 515, 539, 542, 460, 563, 487, 551, 489, 504, 565, 472, 495, 478, 597, 585, 483, 567, 506, 561, 457, 558, 594, 485, 541, 576, 534, 509, 562, 568, 598], [0, 120, 157, 63, 399, 340, 423, 6, 141, 116, 111, 146, 337, 590, 17, 588, 53, 328, 499, 248, 482, 125, 130, 299, 479, 491, 320, 398, 195, 528, 342, 440, 573, 121, 370, 148, 366, 305, 202, 256, 547, 308, 421, 359, 477, 570, 9, 101, 13, 391, 23, 389, 66, 68, 122, 317, 377, 339, 412, 10, 107, 304, 332, 19, 91, 387, 117, 65, 365, 310, 441, 315, 322, 352, 444, 354, 425, 313, 557, 424, 321, 353, 341, 436, 448, 331, 422, 432, 329, 415, 396, 355, 433, 397, 408, 393, 437, 429, 364, 420, 447, 336, 445, 338, 350, 390, 406, 379, 400, 426], [312, 403, 334, 361, 368, 383, 323, 418, 330, 381, 371, 347, 409, 1, 5, 100, 99, 129, 349, 3, 81, 61, 82, 98, 8, 75, 20, 73, 15, 96, 105, 140, 58, 59, 86, 12, 92, 43, 109, 52, 88, 80, 24, 54, 50, 71, 78, 33, 36, 83, 85, 55, 84, 34, 69, 29, 89, 39, 102, 115, 49, 128, 76, 64, 21, 40, 137, 28, 48, 87, 95, 30, 41, 103, 45, 106, 124, 143, 32, 57, 132, 72, 77, 93, 138, 16, 119, 139, 25, 110, 134, 70, 31, 42, 112, 46, 38, 97, 62, 113, 133, 131, 147], [2, 346, 417, 126, 123, 303, 60, 449, 302, 324, 376, 375, 413, 79, 369, 374, 380, 11, 108, 351, 363, 405, 327, 362, 301, 384, 402, 378, 427, 306, 410, 430, 443, 319, 442, 309, 407, 348, 357, 416, 358, 385, 404, 419, 307, 414, 316, 344, 372, 428, 356, 367, 318, 401, 435, 314, 333, 335, 373, 386, 325, 446, 326, 345, 395, 451, 484, 593, 494, 571, 556, 574, 579, 589, 452, 595, 467, 525, 497, 559, 552, 507, 583, 555, 517, 546, 458, 510, 537, 503, 459, 527, 475, 476, 591, 584, 564, 553, 580, 453, 502, 496, 532, 466, 518, 469, 550, 581, 486, 545]]","[0.4016409229952842, 0.11706442595459521, 0.12391310092061758, 0.12934853101614863, 0.3666674729902297]","[0.56088396103587, 0.3239544479874894, 0.11783367092721164, 0.16786679299548268, 0.21161105297505856]","[""OPTIMAL"", ""OPTIMAL"", ""OPTIMAL"", ""OPTIMAL"", ""OPTIMAL""]","[68.0, 62.0, 39.0, 42.0, 59.0]","[68.0, 62.0, 39.0, 42.0, 59.0]","[0.09215831209439784, 0.008110961993224919, 0.007989472011104226, 0.007868924993090332, 0.007195632089860737, 0.007454511942341924]","[589, 1106, 1567, 2034, 2470, 2885]",2885.0,"[0.30317197600379586, 0.14244011091068387, 0.10487547796219587, 0.08456292701885104, 0.05820882902480662, 0.03521459503099322]","[0.14948017406277359, 0.915868568001315, 0.6625731700332835, 0.945603564963676, 0.9504205379635096, 0.9445619609905407]","[0.0032154739601537585, 0.0767816879088059, 0.33815388299990445, 0.5807607480091974, 0.6822024809662253, 1800.0269737889757]",TIME_LIMIT,270.0,270.0,410.0,408.0,0.0,1812.5350388525983
41,4,150,3000,750,5,10,1144,1800,10.682625803980043,[0.9078913530102],[1800.0256427499698],TIME_LIMIT,396.0,390.0,0.0151515151515151,"[4.724246928002685, 4.746152487001382, 4.777950590942055, 4.786675250972621, 4.787501257960685, 4.788768084021285, 4.790472880937159, 4.7982777879806235, 5.326026493916288, 5.338625177973881, 5.340438431943767, 5.342076183995232, 5.356916995020583, 5.35774849599693, 5.359312521992251, 5.382559401914477, 5.383535351022147, 5.385173476999626, 5.397111778962426, 5.399196848971769, 6.1537730869604275, 6.212013921933249, 6.242158351000398, 6.245693838922307, 7.05695703800302, 7.057834452949464, 7.063044867943972, 10.189234778983518, 10.53972676792182, 11.019690088927746, 11.28868113795761, 11.630041762022302, 11.883541871909983, 12.128406833973713, 14.494747087941505, 16.53973168891389, 16.711747723980807, 16.857616355991922, 17.288502941955812, 26.117660377989523, 38.09443998592906, 62.623384651960805, 733.2735814789776, 889.8398470230168, 1800.0239264409756]","[565.0, 523.0, 512.0, 506.0, 452.0, 450.0, 449.0, 447.0, 446.0, 445.0, 444.0, 443.0, 439.0, 437.0, 434.0, 433.0, 432.0, 431.0, 430.0, 429.0, 428.0, 427.0, 426.0, 423.0, 422.0, 420.0, 415.0, 414.0, 413.0, 412.0, 411.0, 410.0, 409.0, 408.0, 407.0, 405.0, 403.0, 402.0, 401.0, 400.0, 399.0, 398.0, 397.0, 396.0, 396.0]",1800.93353410298,5,0.7893970992938004,"[0.76576476285366, 0.6860387011947636, 0.6417180512835323, 0.6322576687116565, 0.5730594882763244]","[0.2042646275440797, 0.11718502316397053, 0.16888936783724964, 0.26375956298971553, 0.1663420532030476]","[136.8573004545334, 73.24063947748158, 98.80028018479105, 129.24218586496062, 104.79549351791998]","[2.1277777777777778, 1.8954545454545453, 1.85, 2.036363636363636, 2.2227272727272727]",758.2992804558631,220.28004762284309,2.2227272727272727,0.0734266825409477,0.2904922282006227,2.444441522005945,0.4458229379961267,"[670, 625, 585, 490, 630]","[[13, 330, 374, 409, 344, 391, 90, 336, 366, 383, 304, 483, 499, 315, 353, 390, 396, 306, 332, 381, 406, 312, 361, 380, 401, 386, 470, 316, 334, 335, 345, 378, 303, 385, 369, 427, 337, 446, 440, 395, 435, 309, 308, 373, 420, 340, 399, 310, 415, 413, 358, 61, 125, 425, 131, 414, 302, 144, 313, 329, 367, 357, 410, 365, 372, 375, 63, 423, 411, 416, 300, 392, 364, 407, 109, 140, 347, 326, 370, 400, 432, 397, 403, 417, 434, 318, 368, 355, 371, 379, 394, 320, 362, 449, 444, 404, 339, 388, 405, 311, 321, 363, 384, 431, 317, 448, 327, 324, 433, 412, 447, 333, 437, 442, 350, 348, 307, 436, 325, 352, 341, 424, 319, 328, 351, 342, 349, 439, 419, 322, 323, 398, 429, 445], [0, 85, 91, 11, 12, 117, 119, 27, 66, 25, 104, 111, 49, 142, 42, 86, 84, 96, 44, 376, 57, 3, 239, 148, 32, 67, 121, 79, 6, 29, 200, 22, 102, 8, 34, 46, 52, 75, 98, 116, 51, 115, 126, 101, 118, 114, 20, 73, 21, 24, 48, 92, 65, 80, 141, 1, 127, 74, 4, 130, 123, 83, 31, 53, 146, 105, 138, 47, 56, 7, 81, 174, 145, 38, 43, 88, 110, 128, 23, 97, 244, 205, 277, 45, 120, 122, 64, 163, 189, 246, 265, 103, 172, 268, 291, 17, 39, 78, 40, 41, 77, 135, 35, 72, 36, 54, 68, 76, 50, 136, 124, 2, 15, 14, 112, 106, 129, 9, 69, 108, 147, 195, 299, 210, 217], [37, 99, 301, 377, 154, 455, 360, 560, 235, 567, 176, 555, 573, 206, 540, 579, 294, 473, 521, 192, 418, 259, 589, 556, 472, 513, 495, 519, 490, 338, 359, 590, 510, 454, 356, 552, 599, 536, 559, 453, 545, 593, 354, 511, 382, 443, 475, 479, 524, 518, 505, 561, 557, 538, 502, 546, 515, 592, 525, 530, 553, 314, 585, 566, 426, 408, 438, 520, 543, 529, 450, 535, 460, 491, 476, 498, 533, 459, 563, 496, 537, 452, 558, 578, 595, 539, 580, 583, 480, 481, 574, 527, 492, 534, 501, 456, 586, 588, 516, 551, 565, 484, 594, 504, 522, 461, 477, 466, 489, 564, 463, 471, 532, 474, 485, 506, 582], [10, 87, 256, 113, 30, 196, 272, 215, 251, 283, 161, 241, 188, 293, 208, 218, 19, 107, 70, 262, 236, 162, 226, 191, 166, 139, 253, 151, 252, 204, 150, 266, 177, 165, 202, 228, 257, 152, 263, 193, 219, 182, 213, 260, 100, 133, 173, 242, 184, 179, 190, 295, 194, 186, 243, 286, 296, 159, 164, 168, 292, 169, 223, 258, 285, 261, 282, 201, 287, 220, 160, 248, 185, 211, 238, 33, 250, 216, 62, 225, 149, 214, 156, 178, 209, 153, 229, 181, 155, 224, 281, 167, 230, 264, 254, 270, 280, 157], [171, 175, 199, 284, 180, 197, 298, 249, 203, 591, 488, 509, 568, 255, 273, 486, 596, 517, 245, 451, 247, 267, 562, 288, 577, 278, 584, 458, 597, 487, 514, 497, 526, 576, 198, 234, 500, 237, 503, 297, 554, 569, 276, 512, 542, 468, 457, 541, 575, 467, 482, 549, 227, 233, 231, 548, 598, 523, 528, 462, 464, 478, 508, 544, 469, 493, 507, 5, 550, 570, 134, 232, 547, 343, 132, 222, 207, 183, 290, 137, 18, 428, 240, 279, 58, 571, 93, 275, 274, 289, 28, 60, 346, 587, 221, 494, 305, 422, 331, 465, 581, 441, 531, 59, 89, 95, 389, 393, 430, 402, 271, 572, 387, 421, 16, 269, 82, 143, 26, 55, 158, 94, 71, 187, 170, 212]]","[0.13724420394282788, 0.1556323169497773, 0.11247064603958279, 0.1096123110037297, 0.486938914982602]","[2.4599342780420557, 0.25888434995431453, 0.1502130749868229, 0.2397025260142982, 0.08831430098507553]","[""OPTIMAL"", ""OPTIMAL"", ""OPTIMAL"", ""OPTIMAL"", ""OPTIMAL""]","[68.0, 36.0, 48.0, 61.0, 52.0]","[68.0, 36.0, 48.0, 61.0, 52.0]","[0.08913876197766513, 0.00801970309112221, 0.00792608701158315, 0.0078111859038472176]","[566, 1058, 1515, 1961]",1961.0,"[0.30703699099831283, 0.13952982693444937, 0.11028464301489294, 0.08377130492590368]","[0.13216006197035313, 0.6424289690330625, 0.9856685670092702, 1.0122366120340303]","[0.0028227720176801085, 0.07346432295162231, 0.08012883400078863, 1800.032397339004]",TIME_LIMIT,265.0,265.0,436.0,435.0,9.174311926605505,1810.8040373647816
41,4,150,3000,750,5,10,1145,1800,9.289744148030875,[0.8800054839812219],[1800.0329030859284],TIME_LIMIT,495.0,488.0,0.0141414141414141,"[2.772897648042999, 2.8140660310164094, 2.845708351000212, 2.847117790952325, 2.849194701993838, 2.854784231982194, 2.856605101027526, 3.547779412008822, 3.5483461669646204, 3.5488406770164147, 3.549315807991661, 3.5498063300037757, 3.5503092809813097, 4.043814977980219, 4.046135699027218, 4.879544698051177, 4.880164250032976, 5.637625921051949, 5.640952560002916, 6.436506727011874, 9.951290577999316, 10.100511129014194, 10.981450455030426, 11.230386917944998, 11.501692080055363, 11.849586909054779, 11.903442832059227, 12.105832853005268, 12.372022363008, 16.11475743795745, 16.350634010042995, 23.63483456999529, 24.594869793043472, 26.27795027103275, 29.35990533605218, 29.3609276979696, 31.75115679600276, 35.42652926500887, 35.42739370500203, 37.335100903059356, 79.27424915798474, 1493.003203404951, 1800.0312246340327]","[699.0, 640.0, 563.0, 562.0, 559.0, 558.0, 553.0, 548.0, 543.0, 542.0, 540.0, 538.0, 536.0, 532.0, 528.0, 527.0, 524.0, 523.0, 522.0, 520.0, 518.0, 517.0, 515.0, 514.0, 513.0, 512.0, 511.0, 510.0, 508.0, 507.0, 506.0, 505.0, 504.0, 503.0, 502.0, 501.0, 500.0, 499.0, 498.0, 497.0, 496.0, 495.0, 495.0]",1800.9129085699096,5,0.7834322905819682,"[0.7252400941160394, 0.704044717658579, 0.6308558599779156, 0.5631066034178195, 0.5859286626724186]","[0.21539470947267814, 0.1938194466737782, 0.17622448891694178, 0.0989765480477555, 0.15105578691944482]","[158.31511146241843, 106.60069567057802, 90.75561179222503, 50.47803950435531, 104.22849297441692]","[1.9150691699604743, 1.95, 1.7153846153846153, 2.110526315789474, 1.8]",771.4515005982522,262.31997007569083,2.5105263157894737,0.0874399900252302,0.3400342988145393,2.4673880740301684,0.4502637729747221,"[735, 550, 515, 510, 690]","[[9, 116, 148, 30, 97, 82, 85, 32, 80, 147, 17, 455, 506, 74, 473, 300, 513, 577, 419, 490, 470, 579, 556, 560, 392, 502, 486, 451, 498, 521, 463, 597, 497, 591, 516, 565, 540, 595, 253, 466, 261, 294, 489, 487, 493, 520, 549, 276, 536, 539, 337, 408, 491, 431, 542, 499, 526, 500, 480, 495, 524, 584, 421, 538, 450, 471, 576, 469, 580, 501, 458, 468, 559, 544, 485, 507, 461, 529, 483, 518, 503, 505, 555, 590, 459, 464, 589, 371, 553, 484, 453, 508, 517, 578, 522, 575, 599, 535, 582, 598, 457, 477, 550, 479, 564, 492, 465, 581, 574, 596, 533, 588, 460, 511, 573, 496, 570, 462, 583, 528, 557, 475, 525, 563, 488, 562, 472, 585, 568, 494, 546, 512, 558, 537, 534, 552, 593, 474, 523, 482, 530, 567, 569, 545, 476, 514, 594], [0, 66, 61, 126, 38, 317, 426, 125, 405, 345, 393, 71, 50, 107, 3, 449, 16, 311, 394, 39, 52, 438, 62, 104, 306, 418, 413, 386, 433, 436, 422, 41, 77, 49, 120, 81, 343, 429, 100, 302, 406, 430, 310, 346, 322, 348, 118, 376, 140, 336, 301, 389, 332, 344, 439, 353, 369, 381, 425, 407, 416, 303, 397, 312, 333, 363, 412, 442, 328, 432, 338, 370, 383, 410, 387, 313, 417, 385, 414, 440, 334, 437, 108, 143, 339, 347, 428, 380, 324, 366, 402, 304, 423, 351, 398, 316, 382, 375, 342, 356, 391, 326, 427, 330, 373, 341, 367, 444, 388, 424], [25, 239, 208, 93, 113, 215, 117, 157, 183, 187, 160, 234, 252, 151, 164, 199, 260, 510, 532, 156, 169, 273, 452, 269, 171, 182, 290, 411, 159, 178, 235, 242, 243, 278, 173, 201, 262, 245, 184, 196, 198, 228, 191, 222, 226, 295, 203, 220, 238, 259, 298, 270, 163, 224, 265, 267, 225, 293, 229, 186, 200, 207, 256, 193, 194, 257, 180, 221, 281, 282, 168, 179, 218, 213, 241, 170, 192, 237, 190, 258, 266, 554, 456, 481, 561, 271, 587, 478, 519, 181, 195, 206, 231, 216, 254, 240, 209, 214, 283, 236, 230, 287, 551], [1, 123, 136, 65, 105, 56, 6, 34, 99, 18, 51, 146, 114, 21, 138, 91, 144, 26, 161, 55, 43, 149, 72, 7, 133, 130, 28, 63, 73, 59, 109, 40, 102, 64, 22, 112, 31, 69, 47, 96, 129, 15, 35, 92, 141, 27, 45, 42, 76, 86, 79, 128, 122, 87, 29, 67, 132, 90, 60, 68, 98, 134, 137, 8, 509, 364, 121, 395, 142, 403, 358, 374, 12, 139, 153, 531, 547, 263, 409, 36, 541, 543, 44, 372, 58, 321, 75, 288, 309, 251, 435, 355, 527, 571, 13, 314, 349, 20, 454, 10, 54, 95], [2, 83, 53, 145, 4, 115, 24, 23, 124, 223, 84, 286, 299, 101, 275, 106, 127, 150, 289, 268, 244, 70, 177, 284, 110, 264, 154, 280, 202, 255, 197, 233, 248, 162, 152, 227, 158, 285, 279, 297, 172, 210, 211, 212, 274, 247, 291, 292, 185, 11, 217, 155, 89, 189, 250, 135, 37, 57, 277, 14, 111, 33, 131, 320, 48, 119, 103, 204, 19, 46, 78, 94, 88, 232, 174, 176, 188, 165, 166, 219, 246, 167, 175, 205, 272, 296, 249, 5, 400, 315, 415, 360, 323, 340, 361, 362, 378, 319, 331, 354, 396, 335, 434, 399, 441, 384, 401, 307, 352, 357, 350, 390, 359, 504, 308, 404, 377, 566, 443, 592, 379, 548, 447, 467, 586, 325, 365, 448, 327, 329, 368, 420, 515, 572, 305, 445, 318, 446]]","[0.1328050158917904, 0.45152652100659907, 0.10308033402543515, 0.1195865289773792, 0.15236559801269323]","[7.538852273952216, 0.6904484160477296, 0.12628438603132963, 0.1633660839870572, 0.18230394006241113]","[""OPTIMAL"", ""OPTIMAL"", ""OPTIMAL"", ""OPTIMAL"", ""OPTIMAL""]","[86.0, 78.0, 53.0, 42.0, 81.0]","[86.0, 78.0, 53.0, 42.0, 81.0]","[0.08858585101552308, 0.007635042071342468, 0.007765629095956683, 0.007190327043645084, 0.007017966010607779, 0.007534608012065291]","[671, 1172, 1614, 2046, 2471, 2872]",2872.0,"[0.32573015603702515, 0.13694633299019188, 0.09937723504845053, 0.07780180801637471, 0.055878784973174334, 0.033874960034154356]","[0.1519595580175519, 0.936341941007413, 0.9767097450094298, 1.0194743969477713, 0.6809301779139787, 0.9860691929934546]","[0.003413914004340768, 0.07567315606866032, 0.08059900696389377, 0.431226555025205, 0.747991718002595, 1800.0302184469765]",TIME_LIMIT,340.0,340.0,495.0,488.0,0.0,1819.5542174542788
41,4,150,3000,750,5,10,1146,1800,9.590481136110611,[0.8567661310080439],[1800.0316834510304],TIME_LIMIT,390.0,386.0,0.0102564102564102,"[5.218918388942257, 5.242358605959453, 5.306648454978131, 5.307621169020422, 5.30935595498886, 5.707699052989483, 5.733073752955534, 5.765272847027518, 5.766985722933896, 5.99823149794247, 6.010519822943024, 6.011380293988623, 6.013139324029908, 6.014835781999864, 6.025996446958743, 6.027846800046973, 7.685935879941098, 8.073771064984612, 8.411579324980266, 8.51755771797616, 8.656983427004889, 9.434283129987307, 9.435316551011056, 9.503289935993962, 9.866923733963631, 9.867882826947607, 10.088333465973847, 20.13547696103342, 28.849084564018995, 50.024206707952544, 132.36418631696142, 198.77400233398657, 242.5643808549503, 1800.02998965804]","[2163.0, 2131.0, 1675.0, 1568.0, 1344.0, 530.0, 488.0, 486.0, 479.0, 478.0, 476.0, 425.0, 423.0, 422.0, 420.0, 418.0, 417.0, 416.0, 415.0, 414.0, 406.0, 403.0, 402.0, 401.0, 400.0, 399.0, 398.0, 396.0, 395.0, 392.9999999999999, 392.0, 391.0, 390.0, 390.0]",1800.8884495820384,5,0.7802349865126763,"[0.6805079486322624, 0.6531535960069575, 0.6579587573715785, 0.5691428037266694, 0.6096251281818136]","[0.15635728729743373, 0.2946443082278994, 0.14756166014747252, 0.09501129317305788, 0.10387350249335375]","[107.88652823522928, 163.52759106648415, 81.89672138184724, 48.45575951825952, 71.67271672041409]","[1.890909090909091, 2.6363636363636362, 1.85, 1.7, 1.9924242424242422]",709.0451791178378,235.6058621956036,2.636363636363636,0.0785352873985345,0.3322861069140919,2.458597969962284,0.4409699010429904,"[690, 555, 555, 510, 690]","[[29, 116, 306, 338, 349, 370, 330, 371, 386, 388, 53, 422, 311, 438, 364, 426, 326, 303, 394, 310, 322, 323, 360, 441, 365, 396, 375, 380, 432, 403, 424, 440, 301, 344, 356, 407, 366, 346, 402, 391, 358, 408, 305, 411, 376, 379, 393, 307, 410, 359, 318, 314, 384, 320, 334, 412, 77, 120, 418, 425, 331, 397, 350, 329, 409, 368, 308, 413, 490, 135, 353, 378, 415, 316, 361, 421, 540, 539, 373, 419, 414, 589, 340, 341, 437, 446, 381, 436, 300, 337, 395, 449, 312, 354, 374, 433, 417, 324, 336, 352, 304, 435, 347, 309, 429, 387, 313, 385, 420, 423, 430, 428, 439, 41, 104, 389, 348, 47, 325, 343, 332, 416, 339, 355, 398, 382, 367, 390, 102, 486, 545, 383, 208, 327, 295, 351, 499, 401], [17, 321, 216, 252, 175, 427, 483, 219, 242, 456, 229, 502, 37, 201, 511, 19, 315, 564, 460, 470, 584, 516, 28, 206, 474, 232, 45, 151, 283, 447, 519, 475, 557, 570, 33, 278, 453, 586, 493, 69, 277, 88, 345, 179, 212, 531, 592, 159, 154, 227, 505, 467, 500, 160, 231, 476, 523, 553, 155, 211, 488, 563, 554, 534, 546, 549, 170, 172, 178, 192, 537, 195, 250, 199, 535, 157, 508, 541, 512, 466, 485, 506, 513, 198, 498, 455, 574, 528, 532, 450, 481, 457, 561, 566, 196, 202, 214, 284, 267, 249, 285, 577, 487, 569, 174, 599, 197, 213, 236, 282, 256], [152, 204, 167, 186, 218, 240, 274, 176, 188, 241, 290, 210, 215, 166, 280, 257, 265, 269, 560, 458, 289, 0, 205, 207, 25, 193, 268, 209, 272, 291, 43, 123, 67, 101, 82, 1, 109, 226, 137, 281, 145, 200, 286, 30, 42, 75, 220, 266, 224, 263, 299, 99, 223, 161, 189, 194, 217, 260, 251, 287, 156, 185, 244, 171, 168, 270, 165, 184, 117, 221, 177, 228, 297, 243, 246, 237, 273, 261, 271, 158, 253, 225, 254, 190, 235, 258, 279, 292, 239, 294, 248, 293, 276, 262, 298, 162, 191, 173, 264, 181, 203, 230, 150, 163, 180, 164, 182, 296, 222, 255, 275], [2, 139, 94, 129, 288, 247, 259, 13, 57, 100, 108, 56, 103, 148, 95, 153, 187, 183, 234, 245, 233, 238, 8, 50, 72, 126, 15, 52, 85, 98, 20, 68, 58, 18, 76, 71, 80, 38, 51, 62, 63, 89, 121, 66, 125, 136, 36, 40, 46, 81, 86, 96, 144, 73, 128, 4, 14, 93, 23, 317, 83, 124, 91, 147, 127, 140, 130, 138, 12, 16, 61, 55, 133, 434, 146, 335, 392, 448, 48, 54, 105, 122, 112, 113, 132, 141, 3, 9, 149, 10, 39, 74, 22, 59, 49, 24, 26, 32, 78, 106, 114, 372], [169, 515, 556, 465, 471, 596, 451, 479, 484, 588, 469, 578, 489, 548, 462, 524, 562, 572, 598, 463, 597, 468, 526, 558, 538, 565, 464, 504, 497, 552, 530, 547, 571, 472, 585, 573, 583, 520, 522, 582, 591, 594, 521, 580, 362, 406, 363, 482, 507, 443, 369, 576, 492, 542, 452, 568, 533, 491, 529, 555, 575, 543, 567, 595, 581, 477, 593, 501, 514, 544, 587, 454, 590, 536, 559, 494, 496, 510, 525, 478, 480, 579, 517, 518, 459, 527, 495, 473, 551, 550, 461, 503, 509, 5, 60, 131, 92, 27, 97, 35, 90, 111, 31, 44, 64, 142, 6, 79, 119, 302, 342, 328, 87, 11, 143, 34, 377, 399, 333, 442, 445, 70, 319, 107, 431, 444, 7, 110, 357, 400, 405, 404, 21, 65, 84, 118, 134, 115]]","[0.46385546203237027, 0.10615222493652254, 0.1114183870377019, 0.13238801702391356, 0.1417982819257304]","[0.306946417898871, 0.1811235740315169, 0.17825526697561145, 0.0909049129113555, 0.16239356494043022]","[""OPTIMAL"", ""OPTIMAL"", ""OPTIMAL"", ""OPTIMAL"", ""OPTIMAL""]","[44.0, 50.0, 46.0, 36.0, 56.0]","[44.0, 50.0, 46.0, 36.0, 56.0]","[0.08796484803315252, 0.007824858999811113, 0.007747786934487522]","[664, 1145, 1591]",1591.0,"[0.322395037044771, 0.13401899999007583, 0.10554738889914006]","[0.44669373403303325, 0.6420114139327779, 0.973222725908272]","[0.003304629004560411, 0.07784079702105373, 8.931212053983472]",OPTIMAL,232.0,232.0,511.0,511.0,23.67906066536204,16.514588254503906
41,4,150,3000,750,5,10,1147,1800,8.462969881016761,[0.8557346579618752],[1800.048116763006],TIME_LIMIT,366.0,363.0,0.0081967213114754,"[2.2388476809719577, 2.2830397239886224, 2.314282965962775, 2.322322268038988, 2.3231855949852616, 2.3245970349526033, 2.3560872490052134, 2.3580567879835144, 3.0689764179987833, 3.06956288497895, 3.446817529038526, 3.447504437994212, 3.4481233309488744, 3.448708259034902, 3.449286462040618, 3.5586672610370442, 3.5601913889404386, 5.620640042005107, 7.883262090967037, 8.599174564005807, 8.600452105980366, 8.748775957035832, 8.917528126039542, 9.609507860033773, 26.94209031900391, 32.36801272502635, 51.39776519802399, 85.94374633498956, 1800.0464254940161]","[572.0, 506.0, 493.0, 486.0, 421.0, 418.0, 415.0, 413.0, 406.0, 404.0, 391.0, 386.0, 383.0, 382.0, 381.0, 378.0, 377.0, 376.0, 375.0, 374.0, 373.0, 372.0, 371.0, 370.0, 369.0, 368.0, 367.0, 366.0, 366.0]",1800.9038514209678,5,0.8076055508254008,"[0.6570273964461877, 0.7714828692830378, 0.6992024329345498, 0.67697351873017, 0.5743884688212487]","[0.11635270050763008, 0.20963965729832604, 0.19225945144287915, 0.2639263014978117, 0.0822163805551716]","[82.61041736041736, 132.0729840979454, 109.58788732244112, 146.4790973312855, 43.985763597016806]","[1.7, 2.2, 1.9923076923076923, 2.0419642857142857, 1.55]",740.2158060060368,225.47965629693067,2.2363636363636363,0.0751598854323102,0.3046134039115441,2.4689819189952686,0.4389798450283706,"[710, 630, 570, 555, 535]","[[0, 26, 27, 52, 71, 149, 14, 148, 92, 31, 37, 58, 142, 89, 135, 1, 73, 30, 39, 125, 25, 114, 139, 40, 116, 9, 331, 141, 301, 409, 300, 362, 20, 146, 86, 102, 33, 22, 61, 322, 55, 107, 335, 428, 67, 106, 138, 144, 2, 133, 7, 94, 110, 97, 402, 29, 59, 4, 24, 105, 64, 44, 57, 120, 91, 62, 75, 122, 79, 82, 3, 35, 6, 130, 195, 60, 100, 199, 248, 5, 49, 101, 124, 12, 109, 128, 233, 23, 211, 286, 147, 252, 278, 83, 126, 136, 137, 156, 194, 47, 118, 68, 145, 108, 81, 85, 115, 121, 112, 51, 87, 53, 74, 113, 16, 117, 36, 140, 50, 66, 76, 28, 32, 17, 78, 42, 69, 11, 41, 132, 15, 63, 111, 45, 38, 84, 77, 127, 159, 280, 256, 190], [18, 398, 334, 425, 318, 337, 352, 338, 418, 401, 445, 305, 439, 442, 80, 43, 48, 131, 119, 354, 514, 589, 325, 420, 326, 444, 394, 397, 372, 417, 419, 359, 371, 429, 392, 364, 389, 387, 393, 441, 303, 355, 388, 317, 436, 390, 304, 395, 406, 421, 306, 341, 316, 426, 410, 423, 431, 413, 412, 360, 378, 414, 430, 448, 438, 302, 380, 358, 437, 384, 411, 321, 373, 368, 311, 377, 435, 312, 433, 363, 319, 376, 407, 432, 345, 347, 383, 386, 309, 332, 424, 351, 391, 314, 344, 427, 320, 356, 382, 324, 366, 408, 329, 385, 328, 361, 369, 375, 434, 330, 333, 353, 343, 350, 404, 374, 449, 310, 348, 399, 381, 313, 315, 422, 367, 327], [307, 349, 491, 346, 340, 486, 561, 342, 552, 598, 379, 471, 522, 557, 357, 446, 370, 507, 591, 365, 405, 527, 336, 476, 595, 487, 339, 543, 562, 493, 569, 510, 553, 575, 512, 578, 570, 400, 452, 593, 416, 539, 590, 454, 536, 550, 451, 478, 508, 559, 403, 443, 533, 524, 531, 488, 540, 460, 470, 537, 496, 547, 573, 482, 519, 551, 538, 599, 453, 560, 541, 565, 542, 459, 498, 555, 506, 529, 526, 554, 588, 574, 586, 523, 528, 455, 481, 503, 483, 581, 520, 489, 463, 477, 479, 511, 535, 545, 563, 582, 456, 462, 548, 568, 558, 500, 544, 572, 501, 594, 566, 492, 494, 576], [21, 447, 54, 171, 143, 191, 184, 210, 596, 65, 308, 221, 530, 564, 161, 396, 230, 257, 464, 193, 202, 220, 499, 474, 264, 283, 200, 450, 258, 465, 504, 475, 546, 505, 577, 323, 549, 534, 415, 440, 152, 583, 260, 251, 287, 458, 484, 567, 177, 495, 467, 556, 212, 216, 223, 155, 525, 253, 169, 461, 292, 298, 174, 469, 183, 197, 517, 502, 468, 485, 585, 597, 497, 513, 285, 509, 516, 518, 288, 472, 515, 480, 521, 532, 466, 473, 584, 490, 579, 580, 150, 188, 163, 263, 275, 164, 587, 208, 294, 457, 180, 181, 571, 226, 592, 213, 247, 255, 198, 206, 289], [8, 104, 34, 225, 237, 10, 19, 95, 46, 151, 13, 170, 90, 96, 99, 175, 196, 249, 217, 242, 293, 93, 297, 103, 201, 123, 134, 167, 153, 209, 204, 205, 179, 267, 239, 266, 185, 238, 56, 129, 158, 281, 227, 268, 254, 282, 173, 178, 187, 88, 241, 207, 236, 240, 272, 70, 234, 72, 165, 262, 296, 228, 250, 154, 261, 269, 299, 160, 218, 274, 290, 98, 291, 231, 295, 229, 244, 277, 157, 172, 214, 265, 224, 235, 222, 245, 162, 182, 284, 168, 259, 203, 166, 186, 219, 246, 176, 243, 270, 189, 279, 215, 192, 232, 271, 276, 273]]","[0.48389189201407135, 0.12291237700264901, 0.09720607101917267, 0.10472267295699567, 0.1253361440030858]","[0.3798800710355863, 0.3012780100107193, 0.19016391702461988, 0.07281236490234733, 0.11114164302125573]","[""OPTIMAL"", ""OPTIMAL"", ""OPTIMAL"", ""OPTIMAL"", ""OPTIMAL""]","[53.0, 68.0, 41.0, 41.0, 31.0]","[53.0, 68.0, 41.0, 41.0, 31.0]","[0.08452401403337717, 0.008248204016126692, 0.007549260975793004, 0.007012593909166753]","[577, 1049, 1492, 1951]",1951.0,"[0.28063317493069917, 0.12623389496002346, 0.10149879392702132, 0.08471454703249037]","[0.4168653959641233, 0.600814342033118, 0.9430120489560068, 0.9645368120400235]","[0.0027597129810601473, 0.07371432799845934, 0.07611370494123548, 948.3944917500485]",OPTIMAL,234.0,234.0,417.0,417.0,12.23021582733813,957.0700295057612
62,6,150,4500,750,5,10,1148,1800,13.172911433968691,[1.6863050159299746],[1800.0313991589937],TIME_LIMIT,560.0,555.0,0.0089285714285714,"[4.451441665063612, 4.515292390016839, 4.571517356089316, 4.578796540037729, 4.5801282620523125, 4.582618665066548, 4.585321991005912, 5.303493888000958, 5.3044021730311215, 5.305242254049517, 5.306047658086754, 5.306843965081498, 6.5100731800775975, 6.511010211077519, 6.511810365016572, 6.512584952986799, 6.5133628899930045, 6.674027482047677, 6.677591216051951, 6.67930839501787, 6.683465265086852, 8.264395945006981, 8.265378804062493, 8.266280381008983, 9.38197712507099, 9.387564753065817, 9.389253079076298, 9.394701819983311, 9.39746113307774, 10.488749885000288, 10.645578216994181, 10.6501487250207, 10.652315412065946, 10.656939888023771, 17.91480552102439, 18.02220013306942, 18.280563952983357, 21.130469748051837, 21.133672285010107, 32.291010031010956, 57.29250507801771, 69.1532704110723, 78.61428795207758, 121.2824150880333, 139.34671707008965, 1800.024440246052]","[852.0, 758.0, 724.0, 722.0, 661.0, 660.0, 654.0, 653.0, 652.0, 651.0, 650.0, 644.0, 629.0, 623.0, 611.0, 608.0, 607.0, 600.0, 595.0, 593.0, 592.0, 591.0, 589.0, 588.0, 586.0, 585.0, 584.0, 583.0, 582.0, 581.0, 580.0, 579.0, 578.0, 577.0, 574.0, 570.0, 569.0, 568.0, 567.0, 566.0, 565.0, 564.0, 563.0, 562.0, 561.0, 560.0]",1801.717704174924,7,0.7871645707192712,"[0.6998040675239782, 0.6411306496580617, 0.6134418351848747, 0.675480290938032, 0.5862677151361677, 0.7571018397079153, 0.597037886886913]","[0.23912569680407902, 0.06641417896422168, 0.1612827809900292, 0.10714283265753854, 0.21236712178721673, 0.12897813444009745, 0.1457056907754819]","[178.14864411903886, 48.150279749060715, 109.67229107321987, 64.28569959452312, 125.29660185445788, 75.45220864745701, 83.78077219590209]","[2.259090909090909, 1.7, 2.3, 1.8924242424242421, 2.05, 1.5636363636363637, 2.1272727272727274]",960.1204004188932,275.3339031852338,2.359090909090909,0.0611853118189408,0.2867701832653706,2.931426749913953,0.7188342598965392,"[745, 725, 680, 600, 590, 585, 575]","[[248, 447, 673, 779, 808, 849, 897, 773, 772, 633, 837, 843, 888, 832, 303, 325, 850, 863, 354, 434, 382, 823, 816, 861, 828, 820, 867, 879, 892, 796, 886, 321, 381, 783, 345, 407, 418, 375, 414, 890, 810, 830, 874, 859, 308, 377, 827, 448, 836, 766, 776, 819, 786, 780, 790, 806, 860, 443, 873, 841, 876, 755, 896, 856, 871, 788, 845, 864, 753, 760, 761, 877, 781, 872, 793, 815, 869, 666, 758, 809, 765, 881, 782, 853, 882, 898, 891, 762, 889, 797, 884, 833, 893, 754, 839, 803, 848, 899, 778, 813, 764, 775, 771, 800, 822, 767, 794, 799, 769, 878, 798, 601, 880, 655, 712, 619, 656, 770, 777, 652, 784, 805, 732, 795, 862, 875, 674, 730, 774, 847, 801, 817, 854, 789, 866, 835, 821, 844, 851, 768, 811, 787, 840, 883, 791, 895, 855, 858, 350], [195, 660, 639, 738, 689, 611, 659, 626, 681, 625, 759, 825, 661, 785, 756, 615, 733, 636, 685, 670, 682, 751, 757, 743, 868, 490, 497, 645, 680, 617, 684, 603, 614, 654, 618, 846, 650, 748, 683, 736, 620, 629, 723, 631, 632, 887, 647, 737, 653, 663, 667, 677, 704, 668, 693, 824, 699, 728, 696, 600, 609, 605, 627, 606, 692, 717, 607, 612, 711, 616, 708, 727, 630, 734, 686, 648, 745, 694, 735, 695, 705, 718, 275, 613, 719, 726, 602, 742, 722, 541, 701, 637, 729, 665, 697, 703, 678, 698, 741, 746, 473, 621, 688, 604, 669, 658, 622, 702, 679, 687, 644, 651, 624, 638, 749, 634, 452, 492, 458, 509, 500, 529, 623, 700, 641, 716, 646, 475, 553, 724, 585, 583, 586, 691, 731, 481, 559, 593, 517, 520, 643, 747, 578, 713, 635], [18, 547, 485, 519, 215, 628, 664, 283, 461, 721, 25, 534, 151, 164, 26, 145, 146, 81, 60, 190, 216, 561, 24, 139, 565, 587, 671, 68, 142, 149, 131, 269, 273, 287, 34, 83, 218, 196, 228, 241, 247, 250, 294, 64, 255, 293, 276, 174, 177, 159, 171, 163, 225, 243, 170, 210, 22, 207, 202, 156, 238, 183, 642, 162, 167, 199, 172, 237, 203, 166, 260, 299, 205, 229, 234, 230, 251, 265, 154, 254, 235, 242, 253, 155, 233, 245, 222, 246, 231, 240, 169, 296, 192, 208, 285, 290, 165, 189, 295, 297, 298, 178, 179, 193, 173, 278, 198, 200, 197, 175, 288, 257, 261, 266, 180, 221, 249, 256, 226, 252, 160, 211, 282, 224, 318, 416, 176, 201, 277, 720, 744, 182, 213, 263, 274, 404], [0, 103, 9, 56, 126, 10, 209, 515, 516, 5, 128, 476, 487, 580, 568, 6, 61, 62, 86, 7, 478, 69, 70, 569, 59, 456, 518, 13, 132, 93, 116, 37, 137, 57, 88, 115, 2, 97, 153, 65, 125, 82, 11, 94, 105, 133, 32, 138, 74, 85, 227, 107, 111, 15, 23, 124, 147, 47, 52, 672, 1, 29, 106, 109, 36, 42, 113, 16, 71, 119, 45, 49, 136, 144, 55, 90, 58, 140, 130, 3, 8, 134, 63, 95, 21, 100, 80, 141, 129, 51, 87, 66, 112, 4, 38, 114, 30, 19, 96, 28, 31, 99, 27, 50, 76, 33, 79, 44, 89, 39, 75, 78, 101, 108, 53, 92, 41, 127, 102, 120], [161, 168, 640, 421, 894, 690, 812, 802, 339, 349, 763, 814, 804, 834, 826, 305, 439, 396, 409, 327, 359, 372, 181, 267, 187, 369, 301, 323, 340, 342, 413, 379, 389, 191, 408, 710, 400, 715, 675, 709, 706, 750, 870, 353, 838, 707, 610, 676, 792, 857, 852, 818, 865, 714, 752, 807, 217, 739, 300, 365, 649, 831, 829, 657, 842, 194, 415, 309, 357, 329, 435, 319, 368, 399, 239, 281, 310, 425, 430, 307, 366, 885, 302, 315, 376, 446, 360, 437, 403, 304, 378, 337, 370, 383, 402, 417, 426, 442, 331, 344, 356, 392, 385, 373, 423, 352, 440, 394, 428, 406, 433, 395, 432, 398, 420, 367, 436, 427], [20, 91, 73, 84, 501, 535, 511, 551, 557, 43, 123, 148, 486, 117, 122, 98, 536, 575, 524, 532, 135, 566, 537, 450, 582, 562, 468, 507, 469, 577, 528, 482, 540, 549, 454, 531, 488, 598, 502, 523, 457, 471, 474, 453, 546, 564, 550, 460, 489, 539, 506, 512, 467, 554, 505, 567, 527, 558, 455, 570, 491, 589, 588, 543, 514, 533, 451, 596, 560, 573, 592, 595, 464, 483, 465, 470, 496, 499, 571, 510, 548, 466, 556, 576, 591, 594, 472, 498, 479, 522, 530, 495, 572, 590, 574, 477, 555, 459, 462, 521, 545, 538, 504, 513, 740, 480, 544, 508, 597, 493, 581, 525, 563, 584, 503, 599, 484], [150, 258, 332, 314, 438, 324, 358, 380, 158, 391, 236, 401, 219, 204, 291, 268, 292, 335, 355, 272, 289, 311, 330, 336, 157, 214, 286, 232, 271, 444, 270, 422, 284, 316, 390, 351, 343, 363, 317, 334, 346, 348, 371, 410, 328, 419, 397, 388, 312, 333, 338, 445, 412, 347, 384, 429, 386, 326, 449, 364, 393, 306, 341, 405, 411, 362, 424, 387, 313, 320, 374, 431, 322, 361, 441, 12, 46, 48, 35, 223, 77, 14, 264, 184, 185, 186, 17, 72, 259, 110, 118, 206, 212, 220, 262, 280, 40, 188, 244, 279, 54, 143, 152, 121, 67, 104, 463, 552, 526, 494, 542, 579, 608, 725, 662]]","[0.170861111022532, 0.19782534206751734, 0.581507355091162, 0.15234788495581597, 0.1451074150390923, 0.16041603800840676, 0.13651039998512715]","[0.7480294039705768, 0.22925903601571918, 0.2252684449777007, 0.165895207086578, 0.15355121903121471, 0.4393731279997155, 0.14736579707823694]","[""OPTIMAL"", ""OPTIMAL"", ""OPTIMAL"", ""OPTIMAL"", ""OPTIMAL"", ""OPTIMAL"", ""OPTIMAL""]","[64.0, 42.0, 37.0, 48.0, 49.0, 51.0, 43.0]","[64.0, 42.0, 37.0, 48.0, 49.0, 51.0, 43.0]","[0.1528962659649551, 0.013853415963239968, 0.013237662962637842, 0.012998312013223767, 0.012675488949753344, 0.013121927971951663]","[906, 1668, 2394, 3070, 3704, 4327]",4327.0,"[0.47478852700442076, 0.21072285599075258, 0.1718285990646109, 0.12925717199686915, 0.09303689002990723, 0.05796473298687488]","[0.666155009996146, 1.6235180730000138, 1.2063271859660745, 1.6476220450131223, 1.6502648229943588, 1.6876229119952768]","[0.005626192898489535, 0.14040155906695873, 0.15086926007643342, 0.8336766909342259, 1.2035210230387747, 1800.0433932979358]",TIME_LIMIT,334.0,334.0,561.0,555.0,0.17825311942959,1819.5189587159548
62,6,150,4500,750,5,10,1149,1800,9.860210087965244,[1.4636290019843727],[1800.0404345509596],TIME_LIMIT,505.0,500.0,0.0099009900990099,"[4.393644868978299, 4.394423229969107, 4.395113935926929, 4.39586273196619, 4.396591173950583, 4.3973175989231095, 4.398037716979161, 4.398756412905641, 4.399467206909321, 5.316783422953449, 5.325310012907721, 5.326609923969954, 5.328315997961909, 5.335723726893775, 6.4874930889345706, 7.3692173269810155, 7.372052312945016, 8.62190038699191, 9.443818711908534, 13.75881862489041, 13.997528189909644, 14.31208056898322, 14.861354897962883, 14.956842571962625, 15.116770426975563, 18.129366074921563, 25.54230807092972, 39.553292081924155, 45.13840714900289, 50.64130422694143, 83.5524882460013, 1800.038244951982]","[673.0, 634.0, 603.0, 600.0, 567.0, 564.0, 563.0, 562.0, 559.0, 557.0, 556.0, 535.0, 532.0, 528.0, 523.0, 522.0, 521.0, 520.0, 519.0, 518.0, 517.0, 515.0, 514.0, 513.0, 512.0, 511.0, 509.0, 508.0, 507.0, 506.0, 505.0, 505.0]",1801.504063552944,7,0.7991191298499689,"[0.6816851429755492, 0.7140361810633125, 0.6908724155320222, 0.7129836480884385, 0.6087260835553674, 0.6986860276999566, 0.5206027060270603]","[0.10017352921355883, 0.2259020087676224, 0.14963672142423542, 0.20930338745208407, 0.13664232296793735, 0.13822371044593268, 0.044389668746286394]","[71.12320574162678, 159.2609161811738, 105.49388860408598, 122.44248165946918, 78.56933570656398, 74.64080364080364, 30.184974747474747]","[1.9, 1.8886697860962567, 2.0, 1.95625, 1.710606060606061, 1.790909090909091, 1.5813131313131312]",849.0135445834729,207.29793830227493,2.0689123376623373,0.0460662085116166,0.2441632876466433,2.8869992329273373,0.6903702000854537,"[710, 705, 705, 585, 575, 540, 680]","[[1, 28, 39, 25, 102, 47, 103, 555, 12, 496, 553, 15, 46, 17, 9, 101, 117, 112, 24, 148, 31, 90, 84, 19, 26, 114, 120, 141, 69, 107, 76, 532, 122, 454, 599, 29, 36, 95, 137, 514, 472, 492, 519, 561, 30, 131, 471, 535, 499, 534, 539, 564, 562, 572, 508, 627, 517, 533, 531, 524, 544, 559, 582, 570, 592, 32, 106, 115, 460, 462, 482, 522, 479, 503, 541, 483, 485, 456, 515, 538, 558, 451, 498, 490, 506, 518, 523, 574, 52, 567, 565, 453, 500, 584, 521, 548, 450, 461, 501, 537, 459, 546, 527, 563, 489, 585, 470, 549, 480, 536, 493, 551, 568, 528, 466, 542, 497, 510, 484, 576, 487, 543, 594, 511, 579, 569, 467, 478, 488, 495, 557, 477, 578, 596, 474, 530, 476, 595, 505, 529, 547, 540], [309, 342, 855, 613, 727, 628, 820, 817, 829, 856, 879, 656, 840, 881, 861, 885, 889, 868, 776, 630, 830, 783, 867, 899, 888, 313, 420, 362, 746, 371, 852, 650, 723, 767, 710, 772, 794, 845, 847, 891, 865, 886, 620, 690, 728, 734, 773, 880, 841, 625, 641, 633, 724, 837, 843, 657, 864, 835, 859, 818, 700, 898, 743, 432, 882, 826, 846, 878, 675, 765, 894, 787, 806, 795, 705, 834, 831, 778, 780, 863, 854, 812, 825, 750, 804, 753, 792, 809, 796, 799, 752, 757, 813, 858, 860, 781, 761, 853, 770, 848, 839, 897, 789, 814, 890, 324, 850, 887, 755, 884, 872, 751, 771, 862, 808, 883, 756, 788, 763, 768, 760, 822, 803, 875, 805, 827, 372, 836, 391, 409, 786, 870, 782, 838, 869, 779, 874, 876, 892, 784, 797], [73, 512, 213, 295, 602, 619, 243, 581, 452, 277, 621, 455, 556, 473, 491, 520, 597, 469, 457, 509, 587, 504, 687, 525, 598, 573, 560, 552, 458, 603, 624, 647, 688, 588, 626, 465, 516, 580, 662, 575, 152, 669, 179, 719, 639, 663, 658, 682, 718, 815, 174, 712, 689, 731, 605, 609, 678, 695, 740, 601, 679, 748, 661, 672, 608, 714, 673, 629, 733, 684, 699, 649, 691, 736, 634, 681, 697, 696, 646, 659, 739, 664, 722, 742, 667, 737, 635, 652, 643, 670, 677, 683, 720, 463, 550, 481, 640, 655, 464, 589, 526, 566, 571, 591, 610, 708, 735, 701, 615, 616, 715, 468, 631, 513, 502, 706, 507, 583, 732, 486, 612, 577, 586, 163, 680, 744, 211, 600, 260, 297, 644, 606, 721, 636, 800, 638, 674, 717, 494, 593, 545], [300, 331, 317, 353, 414, 330, 354, 355, 393, 402, 413, 403, 306, 322, 445, 388, 396, 336, 337, 421, 368, 302, 311, 366, 341, 440, 359, 410, 437, 308, 392, 332, 395, 431, 446, 398, 384, 310, 423, 369, 408, 361, 343, 441, 426, 347, 394, 412, 363, 303, 319, 304, 375, 339, 321, 305, 377, 387, 357, 315, 349, 312, 327, 365, 346, 401, 314, 844, 873, 374, 378, 376, 318, 382, 816, 320, 832, 338, 380, 348, 425, 383, 405, 416, 326, 435, 871, 802, 811, 345, 766, 329, 439, 777, 344, 438, 851, 807, 316, 442, 351, 360, 444, 373, 419, 356, 367, 358, 448, 389, 449, 381, 390, 422, 424, 399, 434], [99, 182, 178, 272, 156, 273, 234, 285, 199, 204, 224, 215, 267, 196, 247, 623, 265, 289, 153, 190, 191, 227, 230, 158, 166, 198, 253, 433, 429, 824, 407, 417, 793, 418, 275, 284, 430, 821, 334, 335, 406, 759, 447, 428, 208, 340, 245, 404, 258, 386, 400, 411, 328, 379, 370, 210, 221, 385, 154, 325, 352, 212, 307, 168, 169, 323, 443, 228, 242, 250, 301, 436, 427, 333, 236, 262, 397, 350, 415, 364, 157, 266, 171, 164, 232, 290, 274, 205, 235, 298, 287, 249, 264, 276, 176, 252, 288, 189, 209, 218, 180, 622, 181, 648, 201, 248, 256, 741, 299, 686, 747, 713, 200, 240, 280], [0, 118, 51, 104, 590, 113, 6, 475, 554, 8, 134, 87, 4, 65, 77, 121, 35, 79, 105, 123, 125, 18, 50, 83, 78, 100, 34, 55, 147, 62, 71, 53, 68, 3, 126, 109, 66, 108, 10, 75, 72, 98, 81, 22, 139, 140, 67, 70, 111, 11, 80, 41, 88, 13, 14, 86, 61, 149, 33, 60, 143, 16, 145, 94, 144, 43, 85, 135, 57, 128, 119, 138, 116, 20, 92, 21, 74, 96, 91, 127, 155, 223, 23, 292, 184, 44, 129, 214, 48, 64, 89, 132, 45, 49, 217, 160, 183, 203, 172, 259, 271, 63, 296, 2, 58, 124, 130, 38], [5, 40, 42, 59, 187, 82, 229, 269, 268, 93, 110, 56, 216, 142, 173, 97, 202, 177, 37, 709, 150, 136, 146, 27, 167, 7, 170, 165, 206, 281, 241, 293, 254, 219, 159, 186, 188, 194, 207, 225, 261, 237, 161, 257, 197, 263, 162, 283, 222, 233, 279, 220, 175, 270, 239, 192, 278, 195, 226, 185, 246, 238, 255, 294, 231, 286, 244, 291, 282, 54, 151, 251, 193, 133, 604, 611, 614, 698, 711, 632, 668, 665, 704, 707, 694, 703, 607, 642, 685, 702, 749, 617, 651, 692, 660, 676, 666, 726, 693, 716, 730, 618, 645, 654, 671, 745, 637, 729, 725, 738, 653, 754, 842, 857, 790, 762, 828, 866, 758, 801, 849, 798, 823, 877, 764, 769, 785, 775, 896, 774, 893, 791, 810, 895, 833, 819]]","[0.18651383300311863, 0.1640391789842397, 0.17719550605397671, 0.1215181810548529, 0.14148615300655365, 0.6556592880515382, 0.1776368139544502]","[0.19536648504436016, 0.4819262570235878, 0.21609510097187012, 0.8314618410076946, 0.19760553201194853, 0.12825322104617953, 0.0989562370814383]","[""OPTIMAL"", ""OPTIMAL"", ""OPTIMAL"", ""OPTIMAL"", ""OPTIMAL"", ""OPTIMAL"", ""OPTIMAL""]","[55.0, 64.0, 46.0, 67.0, 46.0, 43.0, 24.0]","[55.0, 64.0, 46.0, 67.0, 46.0, 43.0, 24.0]","[0.1414939590031281, 0.013293428928591311, 0.012853862950578332]","[877, 1620, 2309]",2309.0,"[0.422605921048671, 0.20178554800804704, 0.15835526795126498]","[0.250595047022216, 1.6023481410229579, 1.1453534460160881]","[0.005166797898709774, 0.12105850805528462, 39.931650763959624]",OPTIMAL,345.0,345.0,615.0,615.0,17.88617886178862,51.35764375317376
62,6,150,4500,750,5,10,1150,1800,10.991892530000769,[1.5061164400540292],[1800.0394399919314],TIME_LIMIT,468.0,459.0,0.0192307692307692,"[6.286961563047953, 6.350430945982225, 6.405650380067527, 6.427307105041109, 6.428822036017664, 6.431645601056516, 6.432962671970017, 6.435867951018736, 6.45342460705433, 6.45479253900703, 6.497001031064428, 6.5654343370115384, 6.83994881703984, 7.9054450950352475, 7.906457199016586, 7.907290784060024, 7.908090176992118, 7.9088716600090265, 7.909675218979828, 8.942313406965695, 8.943598601967096, 10.402607484022155, 10.4035207380075, 11.469106705975719, 13.00076214899309, 13.00475655705668, 14.970078265061602, 15.003097100066952, 16.058095462969504, 16.141913925064728, 24.63948384206742, 25.665410362067632, 26.8767226729542, 27.35518205096014, 27.356774720014073, 27.739605213981122, 28.123245876049623, 28.786936789983884, 29.254922752967104, 29.539252858026884, 35.763468977063894, 36.87751446606126, 69.6635025619762, 86.66145892604254, 107.89504138100892, 154.5584866789868, 233.15301608701702, 233.15601399098523, 589.3014988410287, 879.7067493910436, 1800.0194081329973]","[757.0, 675.0, 658.0, 650.0, 551.0, 550.0, 549.0, 543.0, 541.0, 540.0, 538.0, 536.0, 532.0, 523.0, 519.0, 516.0, 514.0, 510.0, 508.0, 507.0, 504.0, 503.0, 501.0, 498.0, 497.0, 496.0, 495.0, 494.0, 493.0, 492.0, 491.0, 486.0, 485.0, 484.0, 483.0, 482.0, 481.0, 480.0, 479.0, 478.0, 477.0, 476.0, 475.0, 473.0, 472.0, 471.0, 472.0, 473.0, 470.0, 469.0, 468.0]",1801.5455564319848,7,0.8037724344316878,"[0.7179742741086205, 0.6618997576058429, 0.7762810002806457, 0.8264929795121211, 0.589154736075555, 0.5560148118494795, 0.48564747744313125]","[0.11446261602511605, 0.07771009520235526, 0.19530181645557085, 0.35221489413149626, 0.08448922211808811, 0.08376292402661573, 0.11485746768228336]","[84.70233585858588, 57.116919973731115, 142.5703260125667, 246.55042589204737, 40.977272727272734, 36.43687195157784, 77.52879068554127]","[1.8272727272727274, 1.55, 1.8, 2.35, 1.5545454545454545, 2.0, 2.15]",892.206596325034,206.32365322371103,2.35,0.0458497007163802,0.2312509838789797,2.921888459008187,0.6925709069473669,"[740, 735, 730, 700, 485, 435, 675]","[[208, 495, 472, 638, 490, 534, 517, 596, 667, 675, 681, 512, 568, 607, 655, 696, 611, 629, 614, 617, 625, 531, 560, 533, 726, 563, 573, 584, 455, 480, 532, 501, 578, 643, 537, 648, 464, 529, 552, 730, 586, 702, 594, 645, 620, 634, 669, 621, 622, 647, 748, 530, 684, 699, 678, 680, 609, 717, 550, 632, 691, 700, 605, 664, 690, 646, 731, 606, 608, 636, 688, 600, 623, 711, 651, 657, 671, 728, 658, 740, 450, 467, 519, 536, 590, 598, 544, 482, 493, 557, 589, 466, 498, 489, 572, 546, 483, 506, 559, 588, 479, 526, 535, 570, 462, 471, 528, 527, 566, 468, 576, 469, 577, 474, 452, 458, 545, 503, 541, 486, 487, 510, 494, 587, 459, 549, 478, 597, 581, 593, 670, 729, 465, 488, 565, 473, 521, 475, 555, 500, 548, 453, 454, 456, 554, 567, 492, 547], [0, 24, 145, 164, 233, 297, 243, 188, 271, 194, 220, 2, 129, 66, 67, 75, 98, 76, 113, 4, 94, 6, 60, 138, 5, 9, 116, 123, 8, 70, 13, 3, 87, 91, 57, 81, 85, 166, 211, 135, 21, 33, 77, 108, 125, 265, 127, 285, 190, 45, 140, 84, 117, 133, 142, 118, 261, 10, 571, 591, 509, 665, 95, 612, 520, 543, 134, 673, 267, 42, 152, 272, 105, 146, 11, 46, 32, 38, 144, 109, 14, 461, 17, 513, 16, 35, 122, 36, 50, 43, 119, 53, 74, 542, 553, 22, 34, 39, 451, 497, 505, 599, 507, 523, 54, 457, 463, 476, 72, 551, 132, 515, 569, 130, 499, 539, 582, 23, 55, 470, 511, 556, 61, 575, 71, 504, 514, 592, 580, 30, 583, 141, 31, 540, 579, 101, 69, 595, 147, 485, 524, 564, 29, 187, 254, 216, 516], [375, 815, 875, 773, 778, 882, 824, 827, 831, 832, 804, 846, 863, 891, 774, 839, 751, 780, 755, 820, 886, 795, 834, 837, 898, 777, 878, 805, 833, 753, 796, 865, 883, 807, 800, 816, 823, 821, 848, 895, 767, 843, 890, 793, 836, 802, 835, 870, 859, 754, 785, 760, 803, 850, 789, 842, 841, 852, 822, 860, 435, 811, 871, 761, 828, 769, 814, 889, 766, 849, 873, 881, 874, 899, 770, 825, 885, 819, 797, 757, 856, 876, 786, 861, 887, 781, 782, 810, 868, 872, 880, 884, 866, 604, 689, 716, 752, 855, 677, 894, 713, 847, 893, 619, 652, 723, 668, 734, 756, 776, 725, 787, 877, 864, 685, 762, 794, 633, 743, 783, 840, 674, 867, 616, 739, 806, 695, 858, 799, 818, 862, 838, 637, 845, 654, 764, 808, 765, 768, 817, 879, 892, 888, 771, 853, 857], [175, 236, 314, 307, 308, 328, 444, 439, 343, 192, 394, 427, 294, 402, 333, 443, 378, 386, 389, 246, 365, 425, 319, 278, 332, 316, 348, 370, 398, 420, 355, 434, 374, 396, 303, 408, 339, 379, 312, 896, 382, 415, 428, 311, 340, 441, 403, 440, 826, 351, 448, 430, 772, 323, 406, 357, 449, 338, 347, 410, 237, 315, 413, 397, 306, 376, 356, 329, 335, 367, 313, 432, 354, 380, 429, 405, 358, 417, 442, 399, 361, 383, 400, 381, 390, 301, 372, 305, 309, 411, 407, 445, 320, 426, 326, 345, 385, 344, 341, 418, 384, 433, 363, 212, 362, 230, 373, 331, 219, 322, 393, 334, 409, 302, 419, 353, 317, 360, 388, 318, 359, 321, 421, 364, 371, 327, 404, 336, 401, 352, 436, 346, 422, 368, 387, 446, 424, 324, 330, 414], [25, 286, 706, 167, 710, 177, 282, 202, 229, 160, 288, 200, 226, 277, 666, 626, 197, 749, 697, 232, 260, 150, 189, 250, 186, 252, 215, 269, 644, 707, 161, 225, 178, 183, 155, 624, 248, 253, 747, 159, 205, 207, 213, 154, 209, 217, 203, 256, 156, 289, 231, 270, 174, 264, 176, 170, 182, 172, 257, 204, 262, 234, 185, 293, 221, 238, 224, 281, 283, 169, 214, 241, 247, 181, 244, 263, 206, 298, 198, 292, 266, 245, 158, 162, 431, 168, 296, 310, 299, 173, 273, 171, 179, 222, 228, 268, 295], [601, 659, 642, 746, 630, 721, 653, 792, 613, 869, 763, 735, 897, 809, 829, 788, 844, 790, 661, 705, 738, 851, 715, 758, 639, 672, 732, 709, 686, 1, 63, 106, 121, 47, 131, 51, 90, 139, 80, 88, 114, 102, 111, 79, 86, 7, 37, 128, 149, 26, 89, 12, 20, 103, 104, 65, 18, 83, 143, 19, 73, 96, 49, 41, 44, 64, 120, 15, 62, 99, 78, 107, 112, 27, 28, 68, 52, 110, 56, 59, 82, 93, 97, 115, 342, 416, 496], [191, 649, 641, 682, 745, 694, 718, 703, 627, 692, 650, 719, 742, 631, 656, 687, 744, 196, 235, 628, 679, 618, 733, 663, 701, 724, 274, 615, 720, 741, 603, 737, 698, 693, 714, 736, 727, 610, 683, 662, 712, 676, 704, 193, 259, 275, 276, 660, 791, 708, 640, 722, 201, 227, 423, 240, 251, 151, 165, 279, 300, 337, 195, 255, 304, 366, 369, 392, 395, 437, 391, 438, 280, 635, 602, 325, 349, 350, 801, 798, 412, 775, 377, 447, 759, 813, 854, 779, 750, 812, 784, 830, 40, 258, 124, 284, 157, 58, 184, 223, 210, 249, 180, 126, 287, 48, 136, 100, 92, 148, 137, 163, 242, 239, 290, 153, 218, 291, 199, 460, 562, 477, 481, 502, 491, 522, 508, 574, 518, 525, 558, 538, 561, 585, 484]]","[0.21313006104901433, 0.19397147605195642, 0.15845187508966774, 0.13079257402569056, 0.12628531199879944, 0.6251530010486022, 0.17923258198425174]","[0.44904314901214093, 0.32872034795582294, 1.389774385956116, 3.227986473008059, 0.12351071904413402, 0.060556864948011935, 0.10713995306286961]","[""OPTIMAL"", ""OPTIMAL"", ""OPTIMAL"", ""OPTIMAL"", ""OPTIMAL"", ""OPTIMAL"", ""OPTIMAL""]","[51.0, 45.0, 65.0, 110.0, 17.0, 14.0, 12.0]","[51.0, 45.0, 65.0, 110.0, 17.0, 14.0, 12.0]","[0.1438533440232277, 0.013208347954787314, 0.012795518967323005, 0.013006257941015065]","[930, 1682, 2378, 3069]",3069.0,"[0.46543484507128596, 0.20040264504496008, 0.15950642595998943, 0.12740277906414121]","[0.27799415099434555, 1.6176686830585822, 1.1729006899986416, 1.6641119780251756]","[0.0056313269305974245, 0.13283730891998857, 0.6341233239509165, 1800.0457964090165]",TIME_LIMIT,314.0,314.0,527.0,524.0,11.195445920303603,1817.614882175112
62,6,150,4500,750,5,10,1151,1800,10.509851141949184,[1.4878101599169895],[1800.0501675039995],TIME_LIMIT,454.0,448.0,0.013215859030837,"[3.7877593609737232, 3.8463024829979986, 3.9055308729875833, 3.9077884210273623, 3.911350665963255, 3.912798805977218, 3.938465266022831, 3.961260264972225, 3.9627881170017645, 3.9653610489331186, 4.607605858007446, 4.608649229048751, 4.610140971024521, 5.294268246041611, 5.295704816002399, 5.302027181023732, 5.303629013942555, 5.307944203028455, 5.310548409004696, 5.9714638739824295, 5.972276787972078, 6.7361749219708145, 6.7369913009461015, 6.737975433003157, 6.738877421943471, 7.1994911739602685, 7.202255583950318, 8.483042225940153, 11.918761066976003, 13.229913596995175, 13.284727921942249, 13.52015478303656, 13.916838877950795, 14.17054265004117, 23.378331818035804, 23.579313560039736, 33.99270907603204, 37.12376803799998, 70.40411120699719, 167.34486439602915, 1800.047939299955]","[678.0, 605.0, 527.0, 519.0, 517.0, 516.0, 509.0, 508.0, 506.0, 504.0, 503.0, 502.0, 498.0, 495.0, 489.0, 486.0, 485.0, 484.0, 483.0, 482.0, 481.0, 480.0, 473.0, 472.0, 471.0, 469.0, 468.0, 467.0, 465.0, 464.0, 463.0, 462.0, 461.0, 460.0, 459.0, 458.0, 457.0, 456.0, 455.0, 454.0, 454.0]",1801.5379776639163,8,0.8186010070920828,"[0.6899618533281899, 0.7758828250401284, 0.8002830548146536, 0.6390152456483452, 0.7907344846322852, 0.6854972725821746, 0.5547572093624725, 0.5256836911448218]","[0.20662107500342786, 0.11865682477137582, 0.14903162680940463, 0.12236356492445927, 0.39042486689465544, 0.10271789513995576, 0.1235283195274545, 0.09381325170083749]","[140.50233100233095, 80.68664084453556, 100.59634809634812, 78.92449937627623, 236.20704447126653, 44.168694910180974, 52.49953579916816, 33.77277061230149]","[2.3, 1.8954545454545453, 1.8545454545454547, 1.5538461538461539, 2.3, 1.6, 1.8611111111111112, 1.85]",1004.2481515097288,236.89028639732064,2.3,0.0526422858660712,0.2358881975943471,2.895552383037284,0.7089262729277834,"[680, 680, 675, 645, 605, 430, 425, 360]","[[170, 667, 638, 653, 825, 633, 269, 389, 784, 734, 682, 287, 871, 683, 710, 607, 744, 622, 728, 660, 681, 628, 711, 693, 694, 746, 892, 602, 684, 659, 764, 688, 719, 847, 703, 856, 770, 816, 643, 689, 898, 874, 704, 730, 464, 538, 499, 662, 722, 615, 619, 610, 731, 721, 748, 673, 646, 678, 616, 697, 648, 716, 620, 668, 670, 702, 735, 737, 698, 701, 709, 636, 663, 655, 639, 652, 644, 657, 669, 676, 666, 718, 720, 833, 865, 600, 679, 700, 626, 611, 658, 738, 629, 623, 680, 613, 696, 739, 650, 713, 656, 606, 651, 647, 634, 749, 640, 649, 677, 692, 609, 725, 661, 612, 712, 717, 603, 741, 706, 645, 605, 726, 724, 664, 732, 608, 637, 630, 675, 705, 617, 747, 686, 691, 695, 736], [0, 23, 97, 129, 262, 50, 159, 259, 144, 282, 11, 123, 75, 232, 240, 32, 126, 134, 2, 31, 61, 135, 140, 148, 43, 83, 18, 80, 133, 24, 54, 6, 66, 209, 146, 42, 149, 51, 178, 5, 39, 98, 89, 77, 13, 208, 155, 69, 138, 296, 4, 40, 9, 78, 26, 142, 48, 29, 122, 91, 14, 58, 125, 15, 57, 96, 17, 141, 45, 65, 21, 145, 53, 72, 121, 33, 81, 130, 118, 37, 95, 74, 55, 124, 63, 67, 46, 106, 60, 90, 93, 137, 47, 82, 100, 103, 108, 113, 71, 116, 88, 107, 8, 68, 35, 115, 94, 85, 132, 92, 117, 12, 44, 104, 25, 127, 30, 34, 109, 119, 131, 461, 16, 49, 62, 114, 76, 112, 20, 484, 563, 36, 143, 546, 580, 488], [128, 570, 500, 537, 539, 489, 527, 550, 589, 573, 481, 561, 486, 598, 552, 491, 557, 451, 501, 456, 510, 548, 460, 498, 509, 533, 564, 452, 536, 457, 475, 471, 511, 450, 515, 506, 565, 583, 528, 547, 479, 560, 521, 469, 566, 581, 504, 522, 512, 508, 517, 559, 453, 502, 590, 490, 497, 514, 462, 568, 526, 549, 455, 474, 516, 493, 519, 541, 524, 482, 485, 503, 575, 532, 454, 555, 463, 543, 480, 505, 572, 472, 578, 599, 478, 525, 594, 483, 531, 584, 473, 513, 591, 576, 470, 574, 529, 495, 492, 586, 562, 621, 530, 465, 593, 699, 523, 587, 597, 727, 740, 468, 588, 496, 671, 494, 714, 708, 540, 577, 579, 592, 467, 518, 542, 476, 556, 554, 507, 569, 595, 487, 582, 567, 729], [10, 102, 459, 520, 181, 19, 120, 105, 165, 237, 278, 152, 196, 233, 200, 295, 201, 244, 251, 154, 168, 280, 177, 297, 157, 185, 210, 172, 175, 245, 271, 234, 274, 279, 745, 151, 220, 250, 169, 235, 238, 444, 265, 158, 236, 267, 202, 229, 182, 192, 281, 207, 268, 222, 224, 293, 162, 184, 212, 188, 194, 257, 242, 206, 642, 277, 299, 261, 674, 173, 197, 625, 187, 275, 189, 294, 632, 707, 221, 654, 161, 433, 298, 348, 167, 243, 416, 174, 247, 180, 204, 270, 191, 213, 239, 183, 226, 195, 248, 214, 286, 218, 263, 190, 254, 216, 241, 631, 313, 365, 400, 753, 777, 757, 325, 301, 372, 624, 841, 885, 198, 205, 383, 199, 291, 354, 321, 305, 330], [150, 186, 319, 413, 215, 219, 164, 252, 333, 355, 320, 404, 387, 448, 156, 253, 255, 316, 231, 442, 327, 256, 409, 370, 364, 397, 312, 345, 347, 436, 384, 445, 160, 331, 380, 176, 353, 434, 363, 368, 367, 357, 423, 375, 306, 318, 443, 328, 385, 431, 441, 359, 379, 337, 427, 377, 393, 315, 418, 422, 338, 351, 302, 339, 332, 308, 435, 336, 398, 317, 343, 386, 392, 424, 439, 340, 447, 366, 311, 362, 428, 314, 405, 391, 414, 407, 410, 346, 371, 388, 304, 378, 342, 360, 401, 402, 411, 309, 390, 322, 412, 373, 335, 406, 344, 349, 356, 429, 230, 284, 310, 341, 323, 403, 369, 381, 329, 421, 449, 334, 361], [604, 635, 627, 687, 665, 733, 897, 750, 844, 849, 877, 685, 893, 782, 796, 883, 837, 766, 690, 836, 760, 752, 891, 768, 834, 896, 756, 824, 878, 806, 839, 873, 774, 778, 798, 838, 807, 854, 884, 763, 886, 791, 819, 861, 812, 863, 821, 815, 754, 780, 803, 781, 882, 762, 809, 869, 765, 793, 880, 755, 776, 805, 866, 899, 872, 848, 772, 846, 881, 850, 879, 792, 829, 804, 840, 876, 830, 758, 855, 867, 787, 894, 811, 845, 890, 862], [300, 430, 376, 382, 394, 420, 326, 432, 374, 396, 437, 802, 358, 769, 832, 870, 408, 307, 438, 800, 350, 352, 425, 440, 875, 324, 826, 759, 835, 417, 446, 842, 858, 857, 888, 303, 775, 786, 851, 820, 814, 783, 818, 785, 810, 799, 859, 889, 767, 887, 801, 794, 853, 779, 808, 864, 395, 895, 852, 415, 789, 790, 419, 426, 751, 831, 813, 771, 822, 399, 788, 797, 823, 827, 641, 723, 817, 761, 828, 715, 773, 868, 860, 795, 843], [1, 166, 179, 79, 110, 211, 276, 28, 225, 258, 289, 153, 266, 743, 614, 217, 742, 601, 163, 193, 227, 272, 290, 545, 171, 249, 264, 203, 273, 223, 283, 285, 228, 288, 292, 38, 618, 571, 466, 551, 672, 585, 70, 111, 136, 458, 246, 260, 86, 535, 553, 3, 87, 558, 41, 139, 59, 64, 147, 7, 22, 534, 99, 73, 101, 52, 27, 56, 84, 544, 596, 477]]","[0.18676861096173525, 0.17064680403564125, 0.161797913024202, 0.1652183400001377, 0.12002407410182059, 0.09313477703835815, 0.6288084940752015, 0.09040443203411996]","[0.2661564580630511, 0.49186766403727233, 0.9289349250029773, 0.13165612309239805, 0.5643249449785799, 0.12288505700416863, 0.06768628396093845, 0.0491583039984107]","[""OPTIMAL"", ""OPTIMAL"", ""OPTIMAL"", ""OPTIMAL"", ""OPTIMAL"", ""OPTIMAL"", ""OPTIMAL"", ""OPTIMAL""]","[37.0, 52.0, 60.0, 23.0, 87.0, 22.0, 17.0, 9.0]","[37.0, 52.0, 60.0, 23.0, 87.0, 22.0, 17.0, 9.0]","[0.1442994949175045, 0.01405249908566475, 0.014014527085237205, 0.01325552596244961]","[784, 1538, 2264, 2965]",2965.0,"[0.40053646301385015, 0.20576827798504382, 0.16925952001474798, 0.13119994092267007]","[0.2329672989435494, 1.613063295953907, 1.1627492969855666, 1.6939146859804168]","[0.005025891005061567, 0.11964838404674083, 0.13908759702462703, 82.01553548302036]",OPTIMAL,307.0,307.0,509.0,509.0,10.805500982318271,95.91833004332148
62,6,150,4500,750,5,10,1152,1800,11.720717072021216,[1.877351782983169],[1800.0284015049692],TIME_LIMIT,491.0,486.0,0.010183299389002,"[4.9270249620312825, 4.998358962009661, 5.046048411051743, 5.055135698057711, 5.05653811909724, 5.058353143045679, 5.060691726044752, 5.0699179040966555, 5.071561168064363, 5.074235367006622, 7.319627091055736, 7.32053793000523, 7.321328632067889, 7.3221012350404635, 7.480635402025655, 9.884248362039216, 9.88601242506411, 11.065176969044842, 11.070766554097645, 11.072547340067104, 11.079341005999595, 17.40812918008305, 17.690417766105384, 17.842245226027444, 18.135961643070914, 19.032050943002105, 19.49823039502371, 21.216067897039466, 21.218915792065673, 22.43307571404148, 31.97563261410687, 57.84328572603408, 66.91098793805577, 89.65039879910182, 101.3340708380565, 101.33774441410787, 101.3413462380413, 209.10022783104796, 320.70289876300376, 349.027788888081, 430.1737744830316]","[727.0, 664.0, 650.0, 637.0, 580.0, 577.0, 566.0, 563.0, 562.0, 559.0, 558.0, 539.0, 535.0, 533.0, 528.0, 522.0, 520.0, 519.0, 517.0, 515.0, 514.0, 513.0, 512.0, 511.0, 510.0, 509.0, 506.0, 503.0, 501.0, 499.0, 498.0, 497.0, 496.0, 495.0, 495.0, 496.0, 497.0, 494.0, 493.0, 492.0, 491.0]",1801.9057532879524,8,0.7745892386029628,"[0.693404186123571, 0.732707109110386, 0.7461405853526256, 0.6707201659428275, 0.558169375534645, 0.48402606784163554, 0.5528205414769076, 0.5650781320663364]","[0.06873013114789432, 0.17659025316289628, 0.18084749914293635, 0.17778010762385765, 0.05851406340830837, 0.04243873144735215, 0.15655006979735242, 0.10105097969585561]","[50.8602970494418, 109.4859569609957, 110.31697447719118, 106.66806457431458, 31.305023923444978, 18.460848179598184, 50.096022335152774, 64.6726270053476]","[1.6096491228070178, 2.0, 2.05, 2.0, 1.55, 1.5780219780219782, 1.6826086956521737, 1.95]",760.2611302105936,218.3953157051068,2.05,0.0485322923789126,0.2872635559367919,2.9090604189550504,0.6979953220579773,"[740, 620, 610, 600, 535, 435, 320, 640]","[[9, 452, 472, 504, 527, 71, 545, 574, 450, 455, 543, 463, 522, 591, 598, 74, 571, 498, 453, 113, 554, 491, 456, 531, 478, 483, 506, 559, 476, 515, 513, 496, 511, 14, 460, 461, 523, 645, 722, 471, 520, 564, 492, 594, 507, 505, 541, 451, 525, 499, 567, 592, 573, 473, 484, 551, 532, 568, 581, 597, 459, 464, 479, 535, 480, 489, 503, 578, 542, 552, 467, 490, 497, 556, 557, 584, 474, 558, 570, 593, 512, 596, 544, 529, 561, 533, 539, 587, 469, 566, 528, 495, 517, 548, 454, 477, 486, 508, 514, 599, 553, 458, 575, 577, 494, 540, 549, 519, 534, 466, 588, 521, 468, 487, 683, 572, 475, 481, 679, 516, 569, 658, 493, 501, 465, 530, 502, 707, 668, 607, 612, 717, 688, 622, 659, 624, 646, 669, 609, 732, 720, 653, 728, 693, 703, 708, 716, 725], [223, 344, 296, 319, 343, 346, 348, 798, 816, 352, 754, 849, 832, 836, 760, 786, 833, 795, 877, 875, 372, 846, 386, 839, 791, 804, 876, 790, 828, 803, 827, 834, 855, 874, 835, 617, 787, 808, 841, 766, 859, 815, 767, 881, 838, 830, 889, 774, 820, 794, 777, 893, 601, 817, 796, 890, 755, 764, 778, 784, 882, 751, 891, 772, 848, 756, 879, 753, 805, 765, 824, 853, 769, 776, 779, 864, 603, 768, 713, 809, 837, 630, 819, 851, 862, 726, 771, 840, 793, 857, 802, 886, 845, 887, 867, 870, 896, 773, 810, 797, 899, 861, 894, 782, 885, 788, 847, 826, 752, 884, 762, 818, 897, 880, 757, 811, 763, 780, 814, 868, 850, 783, 799, 807], [183, 427, 306, 341, 409, 241, 442, 434, 333, 436, 448, 379, 437, 396, 426, 303, 350, 412, 368, 411, 310, 330, 370, 428, 375, 432, 377, 308, 444, 358, 425, 376, 402, 417, 405, 378, 892, 865, 311, 336, 404, 329, 342, 335, 355, 337, 359, 313, 328, 371, 443, 322, 369, 394, 401, 339, 389, 367, 445, 361, 406, 888, 307, 314, 354, 398, 374, 408, 430, 321, 360, 429, 390, 410, 257, 320, 323, 351, 362, 366, 302, 420, 347, 438, 439, 301, 325, 421, 324, 334, 305, 312, 356, 418, 365, 304, 326, 373, 423, 383, 393, 300, 384, 317, 316, 380, 387, 416, 400, 315, 392, 345, 415, 364, 397, 331, 332, 338, 340, 381, 363, 431], [0, 102, 2, 39, 3, 29, 37, 117, 128, 518, 555, 590, 24, 252, 67, 583, 120, 118, 462, 70, 107, 563, 586, 25, 158, 47, 482, 69, 106, 124, 83, 99, 8, 55, 108, 87, 32, 49, 43, 59, 36, 136, 56, 121, 89, 126, 19, 63, 127, 134, 1, 41, 98, 82, 145, 30, 236, 139, 23, 84, 103, 45, 11, 76, 116, 17, 65, 112, 115, 16, 66, 80, 64, 147, 137, 114, 31, 85, 28, 110, 526, 560, 537, 4, 109, 18, 52, 142, 5, 68, 6, 72, 104, 122, 91, 146, 20, 131, 132, 26, 100, 576, 46, 140, 51, 93, 595, 97, 144, 13, 135, 133, 50, 58, 86, 57, 88, 73, 138, 149], [10, 60, 151, 159, 185, 290, 218, 637, 251, 287, 34, 202, 695, 264, 273, 651, 164, 196, 470, 244, 704, 266, 155, 171, 178, 181, 278, 205, 239, 255, 206, 246, 150, 200, 179, 221, 174, 226, 168, 281, 212, 357, 161, 267, 176, 170, 169, 228, 188, 272, 180, 293, 247, 258, 259, 152, 192, 197, 224, 248, 395, 240, 289, 189, 243, 689, 667, 156, 157, 210, 186, 216, 194, 211, 249, 283, 295, 153, 297, 299, 163, 227, 265, 270, 282, 268, 172, 260, 435, 173, 217, 292, 414, 201, 254, 207, 291, 385, 399, 219, 309, 318, 413, 403, 230, 232, 449], [21, 562, 582, 647, 660, 678, 162, 748, 723, 685, 677, 747, 191, 262, 634, 285, 721, 610, 632, 642, 727, 690, 729, 629, 697, 684, 641, 662, 663, 680, 279, 746, 686, 605, 643, 640, 644, 565, 628, 672, 580, 600, 694, 709, 734, 125, 203, 485, 524, 209, 263, 675, 621, 655, 245, 633, 712, 193, 457, 546, 488, 648, 614, 626, 638, 700, 579, 547, 701, 738, 674, 627, 670, 691, 731, 664, 665, 500, 737, 509, 585, 589, 510, 538, 536, 711, 740], [550, 696, 602, 654, 739, 606, 682, 611, 615, 749, 657, 705, 619, 649, 719, 681, 613, 652, 666, 616, 608, 702, 858, 785, 873, 699, 718, 844, 743, 821, 801, 823, 710, 733, 736, 635, 656, 673, 692, 744, 618, 625, 854, 898, 631, 856, 781, 676, 724, 775, 761, 789, 792, 636, 770, 730, 650, 735, 745, 661, 698, 831, 883, 706], [160, 869, 742, 604, 671, 222, 714, 872, 829, 878, 895, 242, 687, 741, 225, 715, 843, 234, 231, 441, 388, 433, 825, 327, 353, 407, 424, 253, 871, 422, 806, 813, 852, 382, 800, 623, 620, 758, 639, 271, 349, 759, 822, 812, 842, 750, 860, 863, 866, 261, 391, 446, 277, 419, 294, 440, 447, 7, 33, 75, 208, 204, 38, 40, 280, 53, 213, 96, 182, 235, 105, 119, 22, 167, 27, 95, 148, 111, 198, 275, 276, 54, 90, 123, 129, 130, 274, 81, 190, 229, 166, 187, 238, 177, 215, 298, 154, 195, 199, 250, 184, 284, 233, 288, 175, 256, 286, 214, 220, 237, 165, 77, 269, 12, 79, 35, 62, 143, 44, 141, 15, 48, 92, 78, 42, 61, 101, 94]]","[0.21293738298118114, 0.1310428970027715, 0.11738763900939375, 0.15492961590643972, 0.12540107499808073, 0.13451296999119222, 0.6191716530593112, 0.1633634379832074]","[0.364207583013922, 0.7559766159392893, 0.9028198058949783, 0.5248860529391095, 0.12049156904686242, 0.13496261299587786, 0.05559895501937717, 0.09717123897280544]","[""OPTIMAL"", ""OPTIMAL"", ""OPTIMAL"", ""OPTIMAL"", ""OPTIMAL"", ""OPTIMAL"", ""OPTIMAL"", ""OPTIMAL""]","[41.0, 56.0, 73.0, 31.0, 20.0, 29.0, 28.0, 40.0]","[41.0, 56.0, 73.0, 31.0, 20.0, 29.0, 28.0, 40.0]","[0.15169283200521022, 0.013953324989415705, 0.013378586038015783, 0.013559112907387316]","[966, 1722, 2415, 3107]",3107.0,"[0.48618479806464165, 0.20363641495350748, 0.16319618199486285, 0.13206336903385818]","[0.2732407209696248, 1.6691624539671466, 1.1829533020500094, 1.6944595330860466]","[0.0055417639669030905, 0.1376627350691706, 0.6601131500210613, 1800.039309964981]",TIME_LIMIT,318.0,318.0,548.0,547.0,10.4014598540146,1815.0620250898648
62,7,150,5250,750,5,10,1310,1800,9.41060770303011,[1.9104911629110575],[1800.041990862228],TIME_LIMIT,625.0,615.0,0.016,"[8.331216212362051, 10.113959287293255, 12.577725988347083, 12.57935404125601, 12.582241698168218, 14.759409497957677, 14.820728170219809, 14.877645553089678, 14.879366687964648, 14.882089814171195, 15.353347794152796, 15.395496242213994, 15.401334448251873, 15.403037641197443, 15.44250211212784, 15.444128911010921, 15.447638010140508, 15.540591364260763, 15.54241392435506, 15.607704508118331, 15.648661863058805, 15.938166646286845, 16.224032942205667, 17.376945628318936, 17.380276941228658, 23.449227605946362, 25.299075802322477, 26.684568266384304, 28.109251893125474, 29.453380453400314, 30.263511735014617, 32.34423359623179, 44.68419612431899, 45.12725211493671, 45.497378290165216, 47.55795659730211, 63.64507864834741, 65.49155592732131, 65.49269270617515, 72.38296266505495, 93.09728351933882, 110.99635697994381, 116.78486552834511, 155.8730389433913, 155.8769465670921, 272.7689311071299, 445.8925543362275, 526.4724092590623, 846.8972914591432]","[2600.0, 2551.0, 2042.0, 1997.0, 1698.0, 925.0, 833.0, 828.0, 826.0, 810.0, 807.0, 803.0, 787.0, 773.0, 682.0, 676.0, 667.0, 664.0, 663.0, 658.0, 656.0, 655.0, 654.0, 650.0, 649.0, 648.0, 647.0, 646.0, 644.0, 643.0, 642.0, 641.0, 640.0, 639.0, 638.0, 637.0, 636.0, 635.0, 634.0, 633.0, 632.0, 631.0, 630.0, 631.0, 632.0, 629.0, 628.0, 627.0, 625.0]",1801.952482025139,9,0.784677330077057,"[0.7758925096316018, 0.7197074750746495, 0.7439292379385359, 0.6266321665588538, 0.6785353984926711, 0.5443170897797351, 0.5979399027052682, 0.5434383519908756, 0.5211528137618747]","[0.19872471483642262, 0.1695666135951384, 0.19234814256721902, 0.08149498422035822, 0.1549306731915427, 0.1634603465681312, 0.10124520642612747, 0.06887902867099424, 0.09456550654076892]","[146.06266540477063, 116.15313031266979, 128.87325552003674, 53.37921466433464, 85.21187025534849, 79.27826808554363, 48.59769908454118, 28.240401755107637, 54.847993793645976]","[2.0928571428571425, 1.75, 2.5375, 1.575, 1.8, 1.8703208556149733, 1.631818181818182, 1.5538461538461539, 1.9]",1089.2609482086607,348.616449332662,2.946590909090909,0.0664031332062213,0.3200486071823814,2.0746202203445137,0.6162397279404104,"[735, 685, 670, 655, 550, 485, 480, 410, 580]","[[310, 784, 862, 328, 793, 898, 860, 894, 807, 878, 897, 375, 773, 831, 880, 783, 827, 873, 755, 893, 787, 869, 882, 791, 887, 865, 798, 870, 815, 751, 823, 771, 859, 778, 809, 754, 772, 842, 781, 820, 876, 885, 847, 856, 875, 884, 785, 817, 841, 889, 618, 777, 767, 756, 786, 691, 741, 804, 753, 892, 640, 896, 701, 836, 729, 794, 830, 766, 833, 818, 846, 788, 835, 886, 765, 796, 750, 768, 801, 795, 799, 877, 848, 864, 821, 834, 663, 692, 797, 774, 790, 857, 819, 829, 832, 888, 800, 881, 825, 891, 824, 828, 759, 826, 837, 861, 789, 839, 853, 770, 814, 802, 844, 852, 855, 607, 650, 637, 858, 762, 816, 697, 738, 713, 609, 694, 812, 863, 626, 749, 752, 805, 883, 634, 803, 769, 776, 811, 879, 806, 895, 872, 851, 899, 782, 890, 681], [0, 60, 141, 2, 122, 28, 284, 29, 125, 189, 240, 35, 90, 88, 168, 68, 297, 43, 53, 245, 113, 178, 8, 107, 163, 276, 12, 16, 19, 91, 182, 210, 20, 225, 250, 110, 98, 38, 65, 109, 266, 705, 261, 213, 235, 4, 27, 39, 5, 42, 97, 70, 56, 1, 49, 73, 36, 72, 24, 59, 149, 31, 57, 92, 136, 93, 144, 148, 34, 111, 69, 100, 87, 127, 121, 6, 61, 10, 140, 75, 108, 79, 21, 568, 134, 55, 458, 51, 82, 67, 74, 137, 479, 117, 11, 465, 96, 220, 26, 78, 123, 124, 32, 147, 81, 14, 86, 103, 105, 138, 58, 71, 129, 23, 77, 84, 54, 76, 133, 114, 142, 143, 3, 83, 45, 89, 94, 9, 80, 116, 37, 13, 15, 115, 530, 46, 47], [154, 191, 308, 349, 321, 382, 201, 194, 218, 283, 209, 380, 417, 258, 344, 442, 271, 281, 291, 172, 223, 253, 236, 402, 260, 320, 350, 340, 200, 433, 341, 357, 387, 434, 406, 198, 309, 222, 415, 438, 334, 371, 446, 265, 307, 388, 401, 304, 447, 331, 300, 330, 315, 364, 316, 391, 301, 392, 403, 445, 437, 376, 347, 370, 385, 306, 355, 421, 422, 386, 400, 327, 348, 394, 333, 368, 343, 359, 360, 345, 379, 367, 405, 384, 302, 365, 432, 408, 420, 449, 311, 335, 312, 337, 313, 318, 329, 409, 390, 444, 346, 407, 424, 332, 369, 381, 361, 303, 429, 404, 383, 425, 324, 412, 378, 314, 352, 395, 414, 354, 393, 427, 397, 396, 155, 255, 264, 181, 192, 221, 174, 206, 203, 251], [17, 131, 50, 139, 44, 40, 130, 132, 212, 18, 481, 322, 7, 493, 66, 633, 718, 469, 569, 22, 64, 62, 496, 41, 463, 575, 106, 112, 146, 95, 513, 622, 641, 504, 474, 666, 709, 589, 565, 647, 537, 734, 665, 552, 586, 727, 611, 707, 30, 590, 511, 455, 593, 541, 135, 594, 519, 516, 562, 466, 484, 503, 470, 506, 475, 538, 454, 464, 535, 514, 526, 457, 557, 515, 468, 554, 485, 487, 596, 104, 450, 512, 482, 553, 452, 577, 486, 497, 120, 548, 561, 578, 461, 532, 478, 476, 477, 558, 582, 490, 563, 500, 606, 597, 529, 712, 726, 491, 560, 542, 583, 571, 580, 581, 453, 518, 585, 499, 591, 570, 462, 502, 505, 509, 467, 592, 598, 473, 527, 566, 599], [498, 1044, 1048, 987, 922, 962, 1045, 986, 938, 1021, 971, 910, 928, 952, 1006, 1036, 918, 964, 980, 997, 1008, 958, 1034, 909, 911, 1038, 926, 929, 1007, 949, 1028, 543, 904, 969, 985, 1018, 933, 1035, 1026, 972, 973, 1037, 946, 574, 993, 1010, 1032, 955, 927, 939, 999, 953, 1013, 1000, 1001, 1016, 1015, 936, 1009, 981, 941, 1025, 1003, 968, 975, 932, 990, 1030, 935, 957, 988, 1040, 916, 979, 917, 951, 961, 963, 924, 956, 1004, 1005, 984, 1047, 903, 1031, 947, 907, 976, 978, 906, 983, 913, 989, 934, 900, 1023, 905, 1033, 974, 1017, 945, 960, 1029, 1042, 901, 982, 1039, 908, 1012], [33, 85, 208, 601, 226, 629, 627, 731, 748, 179, 356, 730, 868, 294, 724, 374, 685, 353, 428, 733, 358, 758, 866, 243, 248, 757, 779, 160, 744, 274, 229, 699, 267, 660, 673, 739, 602, 689, 720, 613, 604, 636, 670, 651, 775, 867, 632, 740, 638, 761, 645, 657, 674, 708, 849, 854, 664, 728, 736, 161, 288, 257, 679, 676, 688, 732, 615, 677, 747, 619, 617, 686, 719, 735, 631, 698, 668, 656, 639, 680, 725, 737, 658, 746, 162, 177, 262, 671, 214, 743, 714, 624, 531, 643, 603, 621, 612], [25, 48, 183, 252, 279, 152, 238, 169, 278, 197, 246, 299, 52, 184, 270, 205, 215, 230, 199, 241, 170, 211, 237, 234, 204, 292, 63, 227, 102, 126, 190, 187, 99, 277, 101, 150, 118, 145, 119, 128, 231, 275, 173, 219, 263, 287, 186, 273, 151, 193, 228, 195, 254, 202, 244, 290, 293, 620, 157, 628, 272, 153, 216, 269, 171, 196, 239, 296, 158, 268, 164, 298, 159, 280, 167, 242, 175, 295, 259, 180, 233, 249, 247, 282, 156, 217, 207, 176, 185, 166, 256, 188, 165, 285, 232, 289], [451, 456, 584, 595, 492, 944, 1049, 931, 948, 915, 1024, 923, 1019, 942, 965, 517, 1020, 550, 996, 587, 572, 994, 1046, 1043, 925, 967, 940, 1002, 950, 1027, 460, 992, 539, 556, 480, 507, 998, 494, 930, 977, 921, 471, 545, 523, 551, 573, 495, 547, 902, 528, 472, 521, 501, 555, 510, 522, 524, 533, 567, 576, 588, 483, 549, 488, 937, 508, 489, 920, 1022, 559, 959, 534, 914, 579, 970, 943, 1041, 1011, 954, 966, 525, 540], [459, 919, 678, 667, 702, 745, 536, 717, 704, 683, 695, 544, 655, 564, 649, 991, 995, 1014, 912, 546, 722, 630, 652, 600, 662, 672, 616, 654, 682, 706, 716, 721, 610, 614, 608, 648, 703, 623, 659, 723, 690, 711, 605, 675, 661, 669, 635, 696, 715, 625, 642, 700, 684, 646, 710, 693, 520, 653, 687, 644, 742, 224, 286, 431, 323, 413, 813, 871, 317, 418, 448, 410, 760, 325, 338, 366, 351, 443, 398, 440, 363, 411, 430, 792, 319, 822, 339, 439, 336, 808, 419, 426, 435, 764, 436, 845, 874, 763, 780, 373, 810, 840, 838, 843, 850, 305, 342, 377, 326, 423, 372, 389, 362, 399, 416, 441]]","[0.16912978794425726, 0.49889033008366823, 0.14426373969763517, 0.18673069821670651, 0.11954916315153241, 0.4605525732040405, 0.1227508531883359, 0.11311165289953351, 0.1517392140813172]","[0.8697713711299002, 0.2660636631771922, 1.0800007577054203, 0.24892460880801082, 0.23176732193678617, 0.1010366640985012, 0.13136263797059655, 0.15645257709547877, 0.09215584397315979]","[""OPTIMAL"", ""OPTIMAL"", ""OPTIMAL"", ""OPTIMAL"", ""OPTIMAL"", ""OPTIMAL"", ""OPTIMAL"", ""OPTIMAL"", ""OPTIMAL""]","[65.0, 86.0, 61.0, 32.0, 24.0, 49.0, 34.0, 33.0, 25.0]","[65.0, 86.0, 61.0, 32.0, 24.0, 49.0, 34.0, 33.0, 25.0]","[0.1661855331622064, 0.10088938195258379, 0.1017808960750699, 0.10282289516180754, 0.10130396392196417, 0.09907512320205569]","[980, 1877, 2721, 3508, 4268, 4973]",4973.0,"[0.4983115419745445, 0.24214838864281774, 0.19868715293705463, 0.14767492515966296, 0.11009526439011097, 0.06607984565198421]","[0.31259247986599803, 2.0168662327341735, 1.775175778195262, 1.8051356878131628, 1.804093501996249, 1.7641918119043112]","[0.006985033862292767, 0.16135567612946033, 0.8311058459803462, 1.3478058562614024, 1.5304294377565384, 1800.1010683011264]",TIME_LIMIT,409.0,409.0,627.0,616.0,0.32,1823.2269739625044
62,7,150,5250,750,5,10,1311,1800,12.00345508288592,[1.89670330286026],[1800.0829365528189],TIME_LIMIT,620.0,615.0,0.0080645161290322,"[8.826797673944384, 9.159637553151697, 10.190820548217744, 10.192548003047705, 10.193887661211193, 10.19566753320396, 10.198627500329167, 11.077318748924881, 11.132436963263899, 11.192127326037735, 11.19503274699673, 14.43831576127559, 14.440352842211723, 14.443834844976664, 14.447992287110537, 14.480272428132594, 14.539003737270832, 14.540669626090676, 14.566008557099849, 14.620724346023053, 14.745898275170475, 14.747579757124186, 14.802114609163254, 14.89921739231795, 17.338903469964862, 17.540936788078398, 17.94507717899978, 18.337021911051124, 18.33882852224633, 18.598323740065098, 18.897296058014035, 19.191528083290905, 32.71346413716674, 35.36989722214639, 37.861547271255404, 45.03273098822683, 45.03417636407539, 59.40355379926041, 80.24809894431382, 97.31711474526674, 364.79793905606493, 1276.5093676149845]","[3735.0, 3670.0, 2693.0, 2680.0, 2640.0, 2639.0, 2364.0, 857.0, 778.0, 776.0, 760.0, 757.0, 682.0, 671.0, 663.0, 657.0, 654.0, 653.0, 652.0, 651.0, 650.0, 649.0, 648.0, 641.0, 640.0, 639.0, 638.0, 636.0, 634.0, 633.0, 632.0, 630.0, 629.0, 628.0, 627.0, 625.0, 624.0, 622.0, 624.0, 621.0, 620.0, 620.0]",1801.9796398556791,10,0.7519334201531541,"[0.6373442083245665, 0.768234870817263, 0.6209294918198929, 0.5547600913937547, 0.5685441876611783, 0.6384235844719091, 0.6041857168983175, 0.5334513970877607, 0.6130948279426154, 0.47738977471017513]","[0.10055447614502733, 0.24684800392445028, 0.20165838688323776, 0.11670696855425332, 0.10385757030493874, 0.08098563564249839, 0.09789072132297215, 0.12392558774639385, 0.09581405675316923, 0.10879743993380356]","[63.852092352092356, 149.34304237429242, 117.97015632669408, 67.10650691869566, 59.19881507381508, 43.73224324694913, 46.00863902179691, 50.18986303728951, 30.181427877248307, 59.83859196359196]","[1.9, 2.004545454545455, 1.8, 1.75, 2.0199300699300697, 1.5818181818181818, 1.9105263157894736, 1.7676470588235293, 1.65, 1.7691387559808611]",1094.1595644558074,406.7381862633421,2.3,0.0774739402406365,0.3717357133968537,2.12949001789093,0.6137246070429683,"[635, 605, 585, 575, 570, 540, 470, 405, 315, 550]","[[1, 10, 47, 31, 60, 73, 43, 106, 56, 71, 99, 116, 48, 83, 50, 97, 53, 86, 21, 561, 110, 102, 126, 23, 27, 26, 64, 112, 51, 81, 149, 3, 78, 87, 113, 144, 11, 142, 4, 46, 72, 450, 511, 521, 470, 541, 549, 509, 510, 554, 5, 473, 577, 598, 91, 131, 108, 19, 567, 38, 58, 63, 165, 13, 622, 52, 252, 281, 266, 15, 20, 62, 457, 49, 135, 61, 507, 95, 118, 54, 122, 96, 250, 289, 6, 9, 42, 79, 98, 85, 119, 143, 7, 109, 67, 208, 238, 8, 145, 148, 40, 123, 84, 77, 133, 139, 12, 55, 25, 107, 24, 32, 137, 130, 18, 132, 66, 283, 285, 127, 82, 111, 44, 237, 138, 69, 223], [459, 462, 460, 722, 946, 1025, 959, 1008, 1035, 640, 949, 964, 966, 912, 922, 591, 953, 1049, 976, 939, 997, 1000, 950, 992, 1048, 955, 901, 928, 933, 907, 989, 942, 981, 957, 975, 985, 996, 563, 1031, 995, 998, 952, 918, 1022, 954, 937, 969, 1003, 1046, 900, 1005, 929, 947, 1016, 977, 1015, 983, 1041, 935, 1007, 914, 931, 1014, 944, 968, 1027, 962, 973, 965, 984, 1033, 1036, 943, 982, 1020, 990, 1019, 1018, 1045, 974, 1028, 903, 956, 970, 1001, 1011, 1043, 905, 972, 979, 1010, 941, 994, 1042, 1039, 924, 971, 1009, 1021, 908, 1024, 910, 951, 980, 915, 1040, 1026, 1044, 963, 1013, 1047, 1006, 1038, 919, 926, 934, 991, 940, 988, 948, 1029], [30, 297, 296, 35, 256, 39, 115, 183, 219, 94, 134, 157, 198, 117, 228, 186, 255, 195, 276, 45, 204, 164, 263, 206, 193, 249, 213, 277, 288, 154, 161, 245, 232, 168, 187, 260, 267, 392, 304, 375, 448, 320, 359, 344, 326, 380, 379, 387, 421, 390, 306, 398, 410, 369, 383, 378, 412, 435, 437, 305, 310, 381, 368, 422, 395, 319, 407, 324, 316, 397, 327, 427, 353, 394, 371, 307, 363, 405, 364, 416, 347, 350, 333, 415, 377, 360, 376, 439, 330, 338, 436, 433, 355, 401, 313, 445, 342, 337, 367, 432, 322, 343, 443, 406, 345, 403, 428, 431, 429, 843, 331, 423, 434, 325, 414, 389, 823], [33, 175, 261, 172, 220, 179, 159, 199, 890, 156, 178, 282, 203, 230, 354, 373, 682, 211, 231, 691, 190, 221, 215, 271, 151, 279, 290, 176, 236, 287, 185, 197, 226, 284, 192, 298, 152, 163, 170, 234, 259, 268, 270, 239, 160, 209, 257, 291, 169, 274, 718, 654, 735, 749, 258, 301, 251, 339, 262, 253, 385, 441, 273, 302, 348, 388, 703, 811, 848, 835, 329, 352, 382, 447, 177, 317, 341, 303, 402, 335, 404, 182, 334, 400, 409, 408, 449, 328, 386, 420, 411, 419, 194, 374, 233, 247, 196, 424, 312, 442, 351, 365, 417, 308, 346, 356, 311, 314, 336, 393, 318, 413, 340, 321, 425], [2, 464, 36, 548, 93, 88, 592, 218, 474, 593, 620, 642, 670, 75, 651, 465, 533, 524, 552, 672, 479, 595, 578, 481, 515, 580, 542, 489, 732, 496, 535, 715, 739, 526, 604, 638, 609, 544, 547, 582, 605, 630, 744, 666, 695, 637, 659, 709, 725, 551, 566, 681, 17, 22, 280, 731, 463, 581, 746, 716, 492, 613, 930, 719, 648, 687, 712, 150, 664, 153, 667, 736, 690, 636, 742, 647, 180, 202, 628, 645, 650, 243, 626, 631, 733, 677, 569, 696, 641, 745, 652, 743, 680, 627, 639, 734, 600, 608, 662, 686, 603, 702, 612, 661, 688, 726, 607, 679, 699, 610, 741, 617, 656, 714], [80, 14, 534, 558, 478, 522, 572, 599, 583, 59, 101, 76, 455, 585, 576, 65, 74, 104, 128, 527, 532, 120, 129, 505, 467, 518, 525, 472, 553, 488, 493, 570, 540, 560, 597, 453, 906, 920, 562, 461, 514, 550, 487, 587, 491, 506, 516, 480, 537, 482, 555, 579, 586, 486, 523, 452, 484, 573, 564, 568, 589, 476, 495, 575, 456, 536, 500, 513, 538, 584, 519, 529, 539, 556, 530, 559, 596, 475, 520, 485, 494, 546, 497, 490, 512, 458, 571, 916, 531, 466, 471, 504, 588, 477, 499, 508, 967, 1004, 594, 1012, 483, 590, 565, 517, 557, 528, 921, 911], [309, 361, 426, 804, 446, 850, 787, 766, 872, 772, 372, 755, 796, 891, 809, 418, 887, 391, 793, 780, 773, 805, 769, 781, 828, 858, 785, 814, 797, 825, 842, 871, 879, 315, 855, 438, 332, 366, 764, 399, 777, 897, 370, 362, 440, 844, 776, 791, 792, 841, 856, 621, 758, 624, 829, 894, 701, 822, 757, 782, 893, 614, 625, 635, 657, 880, 649, 720, 771, 824, 862, 899, 689, 788, 831, 615, 706, 671, 869, 675, 846, 754, 849, 866, 864, 683, 868, 751, 655, 710, 803, 761, 799, 762], [189, 349, 240, 801, 384, 357, 713, 295, 658, 721, 623, 717, 634, 633, 747, 653, 705, 711, 724, 629, 837, 674, 676, 738, 293, 300, 444, 756, 765, 819, 601, 730, 783, 611, 643, 753, 729, 789, 889, 618, 727, 668, 817, 827, 812, 870, 851, 815, 632, 876, 763, 863, 685, 707, 836, 881, 606, 697, 669, 684, 602, 694, 660, 693, 619, 673, 616, 663, 678, 698, 723, 740, 646, 728, 644, 665, 692, 704, 700, 708, 748], [737, 798, 861, 852, 778, 795, 886, 896, 807, 847, 790, 892, 760, 838, 786, 867, 833, 883, 834, 767, 857, 877, 888, 768, 774, 794, 779, 784, 806, 775, 884, 854, 860, 898, 873, 750, 882, 813, 818, 830, 859, 752, 802, 826, 853, 810, 832, 759, 770, 816, 840, 895, 875, 865, 821, 878, 800, 808, 820, 845, 839, 874, 885], [155, 205, 210, 217, 222, 241, 242, 269, 158, 207, 248, 212, 162, 171, 181, 264, 184, 235, 294, 188, 225, 201, 166, 244, 299, 246, 174, 229, 272, 358, 167, 214, 216, 278, 173, 396, 200, 323, 275, 430, 292, 191, 224, 227, 254, 286, 265, 451, 904, 1034, 986, 902, 1023, 913, 987, 1032, 1037, 925, 927, 960, 454, 468, 469, 498, 978, 501, 502, 545, 503, 923, 543, 958, 574, 909, 1017, 936, 938, 932, 961, 917, 1002, 993, 999, 1030, 945, 0, 29, 68, 114, 92, 146, 141, 16, 90, 105, 28, 41, 89, 100, 140, 125, 57, 70, 121, 136, 34, 37, 147, 103, 124]]","[0.17262077704071999, 0.5692844996228814, 0.14203897258266807, 0.14072227524593472, 0.15844469796866179, 0.13642861787229776, 0.11105923214927316, 0.12226364621892571, 0.5055674840696156, 0.14588666008785367]","[0.1440719971433282, 1.7267505209892988, 0.35572865093126893, 0.13398642325773835, 0.09565068408846855, 0.19184708688408136, 0.0893035582266748, 0.12234042678028345, 0.05251098936423659, 0.046977438032627106]","[""OPTIMAL"", ""OPTIMAL"", ""OPTIMAL"", ""OPTIMAL"", ""OPTIMAL"", ""OPTIMAL"", ""OPTIMAL"", ""OPTIMAL"", ""OPTIMAL"", ""OPTIMAL""]","[43.0, 62.0, 73.0, 40.0, 36.0, 35.0, 28.0, 34.0, 24.0, 15.0]","[43.0, 62.0, 73.0, 40.0, 36.0, 35.0, 28.0, 34.0, 24.0, 15.0]","[0.17354390304535627, 0.10263129696249962, 0.10312634287402034, 0.10315534705296159]","[1232, 2028, 2794, 3580]",3580.0,"[0.6389935589395463, 0.21956318989396095, 0.18618324305862188, 0.15165721904486418]","[0.3333871182985604, 1.6890010521747172, 1.7691422901116312, 1.7927115480415523]","[0.007358493749052286, 0.17220747284591198, 0.7641511643305421, 587.9274525893852]",OPTIMAL,390.0,390.0,690.0,690.0,11.290322580645162,604.0409650932997
62,7,150,5250,750,5,10,1312,1800,12.484821546822786,"[1.6641023280099034, 2.4470994300208986]","[0.9636076400056481, 1800.0437789191492]",TIME_LIMIT,542.0,534.0,0.014760147601476,"[8.592120085842907, 8.742729546036571, 8.861596496775746, 8.991030768025666, 9.00266084773466, 9.005430369637907, 9.152145456988364, 9.154695626813918, 9.160270950756967, 9.358810478821397, 9.361514871940017, 9.367533957585692, 9.490751187782735, 9.552459727972746, 9.847932138945907, 9.951345487032086, 10.164599176961929, 12.428988022729754, 12.430740925949067, 12.432372541632503, 12.434027453884482, 13.989855957683176, 13.991508032660931, 13.993103807792068, 14.490412290673703, 16.28536536777392, 17.531311095692217, 18.04149169381708, 18.48158527771011, 18.672226225025952, 20.566869026981294, 20.57192187104374, 31.713802052661777, 31.77744737593457, 63.52461545960978, 64.50386663898826, 81.33227043692023, 104.03253973601386, 121.0364469406195, 128.4485543007031, 1383.7082234546542, 1743.6010988918133]","[846.0, 711.0, 709.0, 705.0, 679.0, 657.0, 624.0, 613.0, 606.0, 604.0, 601.0, 596.0, 594.0, 583.0, 581.0, 578.0, 577.0, 576.0, 574.0, 573.0, 572.0, 570.0, 567.0, 566.0, 565.0, 564.0, 562.0, 560.0, 559.0, 558.0, 555.0, 554.0, 553.0, 551.0, 550.0, 549.0, 548.0, 547.0, 546.0, 544.0, 543.0, 542.0]",1805.1185883171856,9,0.7667305387564658,"[0.6200160814278767, 0.6025588149743207, 0.6773539012993663, 0.5564302873705804, 0.5837537032588678, 0.7531885727206563, 0.6313322254535383, 0.6277306964224383, 0.5317670662835629]","[0.03512906814136789, 0.03450486573310171, 0.02087585034013605, 0.02678091397849462, 0.03289292510996065, 0.06596994825233113, 0.05382537525879915, 0.04338181148748158, 0.04011818495514146]","[26.346801106025918, 23.80835735584018, 13.882440476190473, 16.604166666666664, 19.571290440426587, 37.60287050382874, 30.142210144927525, 21.040178571428566, 12.63722826086956]","[1.5480072463768118, 1.5666666666666667, 1.3125, 1.3875, 1.7238095238095237, 1.6, 1.6333333333333333, 1.7255952380952384, 1.5869565217391304]",314.3256696980236,112.6901261718194,1.9956521739130435,0.0214647859374894,0.358513914182458,2.1799662788398564,0.6172952549532056,"[750, 690, 665, 620, 595, 570, 560, 485, 315]","[[0, 49, 132, 55, 6, 212, 34, 142, 10, 101, 148, 40, 92, 41, 57, 135, 52, 108, 96, 3, 32, 39, 85, 99, 130, 98, 31, 147, 37, 72, 76, 115, 59, 89, 138, 104, 114, 4, 486, 26, 63, 122, 38, 133, 82, 119, 123, 2, 594, 53, 70, 480, 588, 110, 509, 457, 523, 532, 8, 16, 90, 529, 121, 478, 579, 481, 514, 563, 560, 29, 11, 466, 43, 68, 105, 573, 516, 597, 67, 545, 585, 462, 737, 722, 517, 581, 643, 687, 746, 450, 565, 464, 503, 556, 524, 538, 459, 552, 741, 519, 505, 558, 572, 461, 548, 25, 139, 566, 28, 54, 88, 161, 228, 528, 554, 220, 223, 281, 483, 595, 494, 536, 582, 250, 294, 452, 36, 471, 128, 587, 83, 547, 575, 453, 539, 455, 540, 458, 498, 580, 530, 65, 522, 66, 484, 454, 569, 463, 491, 589], [185, 296, 200, 261, 310, 411, 204, 206, 388, 407, 195, 426, 205, 233, 342, 211, 240, 295, 306, 382, 337, 385, 304, 383, 245, 449, 322, 368, 309, 414, 357, 325, 332, 372, 403, 410, 430, 198, 312, 280, 659, 788, 697, 887, 651, 805, 731, 753, 810, 853, 269, 738, 811, 682, 666, 751, 859, 879, 692, 222, 428, 832, 661, 239, 447, 366, 898, 386, 648, 736, 247, 256, 272, 607, 618, 652, 279, 704, 300, 364, 417, 379, 871, 781, 843, 890, 808, 860, 883, 419, 795, 802, 765, 767, 303, 445, 371, 760, 817, 882, 307, 402, 313, 329, 327, 334, 370, 378, 347, 809, 440, 358, 315, 389, 409, 750, 872, 348, 849, 862, 384, 791, 356, 885, 436, 844, 351, 354, 854, 408, 813, 827, 444, 448, 398, 863, 768, 786], [391, 793, 797, 823, 834, 861, 792, 837, 806, 865, 718, 838, 782, 826, 867, 778, 829, 878, 812, 824, 766, 850, 800, 815, 845, 803, 857, 752, 852, 783, 777, 889, 868, 825, 892, 758, 839, 770, 771, 819, 761, 833, 787, 794, 899, 773, 780, 796, 789, 858, 801, 877, 798, 876, 874, 799, 880, 842, 754, 866, 785, 822, 840, 757, 821, 847, 881, 762, 830, 775, 769, 856, 888, 790, 869, 895, 846, 893, 896, 774, 828, 894, 875, 665, 772, 816, 836, 884, 891, 756, 835, 831, 763, 841, 764, 804, 776, 851, 820, 855, 814, 873, 848, 886, 897, 604, 637, 660, 672, 674, 744, 759, 784, 631, 642, 664, 610, 635, 691, 638, 685, 613, 621, 640, 653, 724, 673, 696, 676, 729, 626, 663, 684], [118, 202, 229, 263, 207, 248, 162, 644, 654, 167, 178, 246, 172, 215, 742, 600, 632, 656, 649, 709, 611, 678, 695, 730, 616, 639, 677, 740, 680, 681, 603, 667, 606, 749, 755, 615, 807, 707, 818, 641, 634, 719, 647, 657, 658, 711, 670, 698, 715, 655, 675, 679, 870, 701, 745, 702, 608, 612, 688, 694, 708, 717, 732, 194, 221, 683, 747, 601, 739, 617, 320, 733, 622, 520, 728, 630, 703, 605, 723, 699, 725, 624, 716, 689, 662, 713, 734, 627, 623, 636, 721, 668, 686, 700, 714, 475, 726, 602, 669, 496, 510, 735, 549, 690, 727, 748, 609, 620, 625, 525, 633, 743, 693, 705, 710, 559, 706, 974, 619, 720, 646, 645, 650, 671], [1, 111, 456, 508, 584, 590, 50, 513, 583, 497, 564, 596, 535, 500, 598, 493, 533, 945, 978, 541, 568, 73, 561, 551, 570, 474, 490, 506, 61, 521, 460, 571, 576, 468, 470, 492, 499, 479, 994, 527, 512, 912, 916, 972, 482, 586, 942, 968, 985, 518, 465, 469, 531, 502, 487, 577, 543, 593, 467, 546, 599, 544, 614, 553, 628, 629, 472, 592, 511, 542, 1026, 473, 504, 451, 1009, 999, 488, 915, 1005, 485, 537, 960, 1040, 515, 909, 944, 949, 555, 591, 993, 1002, 996, 501, 929, 943, 1008, 914, 534, 1006, 550, 1034, 938, 991, 567, 979, 1016, 578, 934, 476, 998, 964, 984, 489, 557, 900, 507, 526, 562, 574], [477, 918, 955, 962, 1049, 1027, 1046, 992, 1036, 495, 1048, 1025, 906, 967, 963, 913, 939, 977, 901, 1023, 975, 988, 919, 1037, 957, 927, 970, 1019, 908, 990, 969, 976, 920, 941, 1041, 965, 1028, 903, 922, 931, 940, 989, 951, 980, 905, 1045, 933, 947, 1033, 937, 959, 982, 1013, 904, 928, 1003, 954, 911, 1020, 926, 986, 923, 1014, 997, 1011, 1042, 1001, 902, 946, 1012, 936, 1010, 1015, 961, 1043, 1007, 1000, 907, 956, 935, 921, 971, 948, 950, 1029, 1039, 953, 1021, 987, 952, 910, 1044, 1022, 1030, 924, 983, 1038, 930, 958, 1024, 932, 1017, 1018, 1047, 917, 973, 995, 1004, 1031, 925, 981, 966, 1035, 1032], [13, 97, 165, 176, 155, 251, 157, 217, 152, 166, 183, 199, 260, 288, 712, 30, 255, 218, 227, 230, 186, 254, 264, 190, 262, 45, 80, 210, 259, 180, 275, 150, 181, 191, 249, 60, 140, 93, 224, 136, 277, 159, 173, 252, 290, 175, 144, 266, 286, 243, 170, 154, 219, 158, 276, 226, 238, 299, 51, 84, 102, 168, 271, 273, 125, 192, 187, 208, 241, 234, 292, 236, 242, 282, 287, 151, 257, 197, 179, 196, 235, 265, 156, 164, 214, 225, 231, 405, 160, 359, 193, 285, 278, 171, 209, 182, 283, 203, 258, 268, 284, 174, 289, 216, 297, 153, 244, 291, 253, 201, 274, 293], [163, 318, 330, 341, 434, 441, 416, 323, 442, 431, 399, 422, 177, 340, 184, 232, 213, 270, 421, 346, 437, 188, 363, 413, 446, 424, 237, 380, 321, 324, 367, 375, 189, 267, 381, 394, 425, 336, 345, 326, 401, 314, 319, 443, 328, 331, 373, 333, 301, 355, 412, 305, 302, 339, 387, 400, 418, 311, 404, 397, 433, 349, 376, 360, 420, 335, 343, 365, 432, 779, 864, 308, 392, 393, 438, 316, 429, 361, 396, 415, 423, 338, 352, 435, 344, 427, 317, 362, 395, 406, 439, 390, 353, 369, 350, 374, 377], [5, 47, 74, 106, 146, 7, 14, 20, 298, 58, 23, 127, 126, 15, 81, 64, 79, 109, 18, 149, 33, 78, 19, 46, 143, 112, 9, 71, 42, 141, 24, 69, 169, 120, 75, 17, 95, 145, 124, 134, 131, 48, 113, 44, 77, 117, 87, 116, 100, 107, 12, 35, 56, 86, 21, 62, 27, 94, 91, 129, 22, 103, 137]]","[0.8039194433949888, 0.23427740903571248, 0.20754558267071843, 0.2522206478752196, 0.2393258297815919, 0.6690201233141124, 0.20512343989685178, 0.1395020829513669, 0.12359804008156061]","[1.0191286629997194, 0.21218036394566298, 0.49899687292054296, 0.3423339081928134, 0.2025192459113896, 0.9982181857340038, 0.3113065450452268, 0.2750032851472497, 0.09266161313280463]","[""OPTIMAL"", ""OPTIMAL"", ""OPTIMAL"", ""OPTIMAL"", ""OPTIMAL"", ""OPTIMAL"", ""OPTIMAL"", ""OPTIMAL"", ""OPTIMAL""]","[56.0, 36.0, 58.0, 11.0, 28.0, 54.0, 35.0, 32.0, 12.0]","[56.0, 36.0, 58.0, 11.0, 28.0, 54.0, 35.0, 32.0, 12.0]","[0.2317390777170658, 0.14343781722709537, 0.14443913009017706, 0.14484285889193416]","[1177, 2064, 2867, 3669]",3669.0,"[0.7304348242469132, 0.29201880376785994, 0.22830499475821853, 0.18627883773297071]","[0.530985645018518, 2.837773102335632, 2.478678436949849, 2.499053881969303]","[0.01162159675732255, 0.3090657158754766, 0.31506114499643445, 1800.043887199834]",TIME_LIMIT,322.0,322.0,612.0,610.0,12.915129151291511,1820.751765883993
62,7,150,5250,750,5,10,1313,1800,10.17337645823136,[2.083363064099103],[1800.038195075933],TIME_LIMIT,581.0,572.0,0.0154905335628227,"[6.85792204272002, 6.858788767829537, 6.859586966689676, 6.860469045583159, 6.861311750952154, 6.862172355875373, 6.863019947893918, 6.86387684661895, 6.8647295027039945, 6.865607074927539, 6.86646902281791, 8.325621597934514, 8.330406332854182, 8.331899609882385, 8.334156715776771, 8.339033925905824, 10.07386969588697, 10.080211194697767, 10.085709641687572, 10.089092755690217, 10.484092839993536, 10.485036675818264, 10.485915164928883, 10.486786075867712, 11.168767519760877, 11.172662258613855, 12.099360152613372, 12.604604091960937, 12.606702917721123, 18.323064506985247, 18.66548633063212, 19.78911487897858, 20.578614838887006, 20.663473004940897, 21.046385271009058, 22.758996999822557, 23.04289650870487, 23.521167176775634, 41.83687153086066, 65.15042346389964, 83.41185170179233, 115.74718639301136, 115.75121618201956, 115.7553180619143, 156.66773305088282, 568.2382807759568]","[967.0, 848.0, 793.0, 789.0, 694.0, 693.0, 688.0, 687.0, 686.0, 685.0, 672.0, 653.0, 652.0, 627.0, 626.0, 624.0, 622.0, 620.0, 619.0, 618.0, 616.0, 615.0, 613.0, 612.0, 610.0, 609.0, 607.0, 606.0, 603.0, 601.0, 599.0, 597.0, 596.0, 595.0, 594.0, 589.0, 588.0, 587.0, 586.0, 585.0, 583.0, 583.0, 585.0, 586.0, 582.0, 581.0]",1802.121558140032,10,0.7739816157838632,"[0.6527319685602799, 0.7529019229080692, 0.5597807293526754, 0.7100934733218153, 0.6719791530518886, 0.5324796738622344, 0.7038970221261022, 0.5756033808610698, 0.5606984506063483, 0.5676504825419034]","[0.10440998864857587, 0.25081657600944013, 0.07803796349848982, 0.16364707341269843, 0.13732132141785605, 0.060483624119987756, 0.10457895190161624, 0.07311183161252416, 0.10296503496503497, 0.11142678363211317]","[66.30034279184568, 152.9981113657585, 46.822778099093895, 91.64236111111113, 69.34726731601731, 29.939393939393938, 44.4460545581869, 27.78249601275918, 38.61188811188811, 74.09881111535526]","[1.5263157894736843, 1.7120702826585181, 1.6, 1.9, 1.8136363636363637, 2.6, 1.65, 1.7, 2.0884615384615386, 2.65]",928.5581830641686,286.56867864275864,2.65,0.0545845102176683,0.3086168253849167,2.255787788890302,0.6187929157167673,"[635, 610, 600, 560, 505, 495, 425, 380, 375, 665]","[[2, 295, 254, 740, 631, 673, 683, 746, 150, 191, 269, 154, 667, 679, 742, 218, 676, 724, 231, 602, 630, 634, 722, 452, 585, 540, 515, 609, 639, 646, 618, 709, 720, 662, 688, 600, 649, 606, 692, 623, 678, 706, 643, 737, 745, 657, 670, 650, 603, 663, 690, 611, 636, 635, 612, 648, 689, 613, 664, 605, 610, 615, 714, 718, 164, 250, 296, 173, 225, 168, 732, 261, 653, 640, 556, 739, 638, 701, 727, 651, 675, 695, 216, 671, 694, 749, 272, 736, 682, 658, 297, 533, 693, 574, 450, 645, 475, 580, 561, 735, 569, 460, 680, 717, 616, 666, 743, 619, 642, 700, 711, 748, 744, 477, 485, 490, 517, 597, 523, 538, 548, 502, 528, 681, 487, 529, 590], [151, 284, 413, 275, 287, 416, 255, 315, 394, 365, 266, 382, 171, 213, 328, 339, 303, 313, 398, 202, 395, 404, 314, 325, 317, 409, 305, 308, 310, 373, 444, 343, 378, 327, 355, 427, 334, 415, 166, 318, 257, 380, 309, 326, 338, 371, 372, 385, 445, 307, 434, 321, 384, 407, 354, 387, 358, 439, 381, 356, 386, 411, 320, 351, 362, 350, 403, 432, 360, 379, 424, 322, 440, 388, 363, 422, 431, 340, 368, 399, 333, 335, 414, 332, 443, 408, 425, 438, 331, 341, 428, 361, 412, 405, 349, 367, 433, 302, 311, 352, 426, 353, 304, 342, 337, 364, 392, 324, 421, 374, 417, 390, 842, 336, 359, 402, 423, 347, 437, 348, 446, 447], [93, 94, 138, 186, 195, 222, 282, 292, 155, 260, 281, 170, 174, 234, 188, 239, 258, 187, 274, 156, 247, 251, 196, 157, 210, 220, 280, 253, 729, 716, 366, 344, 441, 442, 180, 227, 273, 236, 830, 880, 841, 377, 383, 418, 429, 840, 357, 400, 794, 836, 747, 804, 788, 853, 852, 268, 436, 312, 811, 626, 733, 806, 647, 772, 824, 865, 774, 786, 805, 857, 887, 793, 839, 300, 346, 449, 759, 401, 420, 800, 345, 858, 448, 705, 796, 159, 244, 246, 229, 293, 238, 182, 205, 215, 160, 207, 294, 248, 252, 169, 277, 181, 162, 175, 224, 167, 209, 263, 190, 389, 179, 264, 208, 288, 323, 370, 430, 410, 419, 198], [301, 376, 831, 391, 406, 762, 770, 758, 781, 807, 778, 867, 828, 886, 834, 894, 773, 854, 369, 795, 393, 397, 750, 810, 813, 764, 891, 757, 776, 760, 893, 843, 875, 878, 780, 885, 822, 844, 870, 765, 851, 783, 892, 803, 771, 871, 877, 802, 797, 879, 888, 855, 435, 777, 896, 833, 627, 799, 899, 766, 755, 876, 832, 864, 897, 751, 784, 868, 812, 850, 753, 835, 789, 847, 754, 820, 792, 889, 846, 856, 656, 790, 872, 738, 849, 883, 756, 819, 761, 763, 816, 817, 767, 769, 801, 859, 779, 821, 782, 863, 798, 881, 860, 827, 848, 890, 882, 815, 845, 898, 861, 895], [454, 495, 560, 476, 525, 558, 571, 466, 482, 489, 493, 522, 557, 572, 458, 942, 524, 1010, 483, 492, 503, 563, 508, 474, 555, 545, 573, 467, 498, 562, 570, 473, 519, 518, 494, 567, 500, 507, 511, 578, 598, 544, 559, 591, 468, 510, 599, 491, 505, 546, 595, 542, 479, 484, 576, 486, 499, 501, 513, 455, 531, 512, 968, 1046, 463, 579, 596, 1011, 987, 509, 1030, 971, 1006, 1008, 1019, 1047, 568, 945, 621, 459, 488, 461, 554, 521, 564, 575, 583, 465, 534, 470, 901, 948, 478, 593, 984, 456, 469, 535, 551, 481, 516], [0, 122, 26, 35, 594, 23, 46, 73, 586, 541, 547, 114, 121, 457, 539, 125, 553, 126, 496, 464, 472, 10, 16, 89, 604, 56, 536, 581, 197, 230, 565, 153, 184, 249, 672, 687, 471, 668, 726, 7, 67, 91, 132, 146, 8, 28, 57, 69, 104, 108, 77, 115, 92, 9, 31, 127, 34, 68, 17, 62, 19, 111, 90, 75, 25, 45, 72, 99, 504, 497, 144, 527, 54, 63, 112, 116, 48, 141, 96, 98, 149, 51, 27, 526, 584, 42, 589, 514, 530, 552, 543, 550, 592, 587, 32, 480, 84, 451, 532], [462, 967, 506, 582, 978, 549, 938, 974, 1033, 932, 1025, 1049, 1037, 903, 950, 964, 991, 1027, 1004, 1041, 975, 1039, 946, 1026, 920, 1018, 988, 933, 944, 962, 1014, 939, 905, 923, 1007, 990, 910, 999, 1000, 1015, 1005, 961, 928, 1044, 949, 1009, 911, 951, 997, 1024, 924, 1028, 917, 930, 922, 919, 937, 970, 1023, 926, 963, 977, 1048, 957, 976, 537, 972, 980, 985, 1003, 566, 1029, 952, 588, 1013, 914, 925, 1038, 986, 927, 929, 1042, 960, 981, 1036], [4, 39, 43, 60, 140, 70, 120, 129, 135, 137, 11, 22, 33, 78, 107, 38, 59, 103, 47, 79, 130, 61, 81, 131, 148, 105, 106, 65, 95, 133, 119, 12, 53, 235, 118, 37, 40, 178, 13, 124, 145, 18, 113, 226, 185, 36, 76, 71, 242, 286, 102, 143, 110, 134, 50, 189, 55, 142, 289, 14, 44, 80, 101, 136, 128, 6, 15, 49, 147, 21, 64, 83, 109, 85, 117, 87], [1, 290, 200, 214, 3, 86, 139, 82, 100, 212, 5, 20, 41, 66, 74, 30, 52, 58, 88, 97, 29, 123, 24, 233, 262, 278, 152, 172, 192, 203, 221, 298, 165, 299, 237, 241, 243, 206, 276, 285, 211, 158, 267, 217, 256, 279, 163, 201, 283, 199, 193, 259, 204, 223, 161, 291, 245, 194, 177, 240, 219, 228, 176, 306, 232, 270, 375, 329, 396, 316, 330, 183, 271, 265, 319], [520, 699, 707, 577, 956, 969, 1002, 908, 1045, 641, 708, 698, 703, 614, 734, 620, 702, 661, 696, 633, 624, 677, 904, 998, 909, 958, 992, 916, 979, 940, 1035, 907, 453, 947, 1021, 982, 912, 996, 918, 965, 1020, 993, 1031, 935, 936, 1016, 959, 966, 931, 1040, 921, 989, 1017, 1032, 900, 902, 1012, 994, 973, 906, 941, 1043, 954, 934, 955, 995, 1034, 953, 1022, 943, 913, 915, 983, 1001, 601, 704, 787, 715, 808, 869, 721, 723, 785, 730, 607, 826, 775, 791, 632, 862, 768, 884, 710, 818, 825, 637, 866, 731, 713, 829, 674, 874, 814, 608, 629, 622, 741, 628, 691, 644, 685, 728, 725, 617, 669, 665, 655, 719, 838, 660, 625, 659, 652, 654, 684, 686, 697, 809, 752, 837, 823, 873, 712]]","[0.16954543720930815, 0.12609869381412864, 0.15157748013734818, 0.12284173490479589, 0.12991895573213696, 0.7154217381030321, 0.08855187986046076, 0.09960268530994654, 0.0961750759743154, 0.17034986382350326]","[0.1374836191534996, 1.7803403758443892, 0.14950170507654548, 0.176484826952219, 0.1640077866613865, 0.16026263171806931, 0.1169044179841876, 0.09711248986423016, 0.06382088409736753, 0.08971543703228235]","[""OPTIMAL"", ""OPTIMAL"", ""OPTIMAL"", ""OPTIMAL"", ""OPTIMAL"", ""OPTIMAL"", ""OPTIMAL"", ""OPTIMAL"", ""OPTIMAL"", ""OPTIMAL""]","[40.0, 83.0, 30.0, 49.0, 28.0, 24.0, 33.0, 34.0, 26.0, 32.0]","[40.0, 83.0, 30.0, 49.0, 28.0, 24.0, 33.0, 34.0, 26.0, 32.0]","[0.1757311411201954, 0.10000361176207662, 0.10012394981458783, 0.09941355418413877, 0.09977348009124398, 0.09946526167914271]","[1162, 2000, 2803, 3593, 4336, 5060]",5060.0,"[0.5957848140969872, 0.2350462507456541, 0.18869752995669842, 0.15123432083055377, 0.1074220109730959, 0.06828747922554612]","[0.3096119868569076, 1.6677512000314891, 2.147839079145342, 1.849308823235333, 1.8369099241681397, 1.8031464288942516]","[0.006658054888248444, 0.17381147993728518, 0.17658811900764704, 0.9468383197672665, 1.0299745230004191, 1800.0656491378322]",TIME_LIMIT,379.0,379.0,582.0,572.0,0.1721170395869191,1821.7153689051047
62,7,150,5250,750,5,10,1314,1800,12.907824154011903,[1.9617498442530632],[1800.0584194180556],TIME_LIMIT,677.0,669.0,0.0118168389955686,"[7.2790840258821845, 7.35328858718276, 7.414650298189372, 7.433379152324051, 7.4351361049339175, 7.437577578239143, 7.4390503922477365, 7.4429351151920855, 7.444644724950194, 7.459825709927827, 7.473319421056658, 9.66420523216948, 9.670462033245713, 9.671985178254545, 9.675758132245392, 9.684008539188653, 9.687456575222313, 13.18804944632575, 13.191255871206522, 14.729818488005549, 14.731978049036115, 14.735186672303826, 21.561782180331647, 21.563740527257323, 22.34699596092105, 22.491039383225143, 23.37792289024219, 23.875578292179853, 24.06038501020521, 24.596849432215095, 24.781480967067182, 40.2063833642751, 40.751784124877304, 83.08995783003047, 93.68620392633602, 97.09372961195186, 114.61794084822759, 277.30484993197024, 319.49491716502234, 380.1870919330977]","[1005.0, 910.0, 895.0, 888.0, 807.0, 805.0, 799.0, 792.0, 788.0, 768.0, 759.0, 754.0, 744.0, 729.0, 728.0, 727.0, 725.0, 718.0, 717.0, 715.0, 714.0, 713.0, 708.0, 707.0, 705.0, 704.0, 703.0, 695.0, 694.0, 693.0, 692.0, 691.0, 690.0, 686.0, 685.0, 682.0, 681.0, 680.0, 678.0, 677.0]",1802.0201692623089,9,0.7711782654127481,"[0.5645385204148962, 0.7595680531626877, 0.5952263532115583, 0.6391595487397425, 0.5821681423526651, 0.7390498319161558, 0.5838103362061359, 0.740866571193516, 0.5242263336928565]","[0.07921189030591617, 0.12460704394787521, 0.18837655358827132, 0.1472729826712128, 0.1592867409270572, 0.16380830015381967, 0.1639853198057533, 0.14183643632891751, 0.10946518891679152]","[54.26014485955258, 82.86368422533701, 113.96781492090415, 83.20923520923523, 87.60770750988145, 87.63744058229352, 86.09229289802047, 74.4641290726817, 65.13178740549095]","[1.95, 2.05, 2.5636363636363635, 1.8944444444444444, 1.7, 1.95, 1.95, 1.6, 1.9405594405594404]",1073.7078882977255,338.4736516143287,2.5636363636363635,0.0644711717360626,0.3152381157883036,2.261214822996408,0.6205609492026269,"[685, 665, 605, 565, 550, 535, 525, 525, 595]","[[88, 155, 280, 225, 235, 282, 269, 278, 446, 284, 156, 160, 275, 194, 238, 234, 298, 264, 273, 272, 288, 216, 217, 276, 840, 277, 359, 427, 312, 424, 342, 428, 163, 265, 294, 175, 252, 179, 209, 152, 243, 271, 242, 286, 208, 180, 211, 274, 212, 162, 183, 204, 266, 283, 254, 267, 174, 233, 244, 249, 262, 176, 167, 250, 192, 261, 151, 218, 221, 173, 228, 219, 299, 154, 392, 396, 206, 165, 191, 251, 168, 232, 189, 674, 255, 157, 230, 256, 291, 290, 169, 688, 199, 281, 214, 240, 237, 178, 193, 247, 188, 201, 159, 670, 650, 631, 622, 611, 721, 879, 617, 638, 623, 644, 620, 687, 289, 677, 606, 707, 665, 709, 695, 621, 649, 667, 747, 635, 696, 716, 734, 613, 685, 700, 737, 706, 731], [457, 492, 513, 528, 560, 1028, 978, 928, 970, 471, 929, 924, 950, 966, 1039, 977, 1000, 900, 963, 1010, 1009, 1022, 933, 935, 980, 985, 954, 1038, 463, 486, 926, 1029, 940, 981, 503, 566, 603, 630, 738, 953, 1025, 952, 991, 959, 1034, 903, 964, 994, 904, 943, 905, 979, 1048, 911, 932, 1014, 992, 1047, 1040, 1012, 1036, 906, 930, 958, 1015, 1011, 921, 999, 969, 974, 1002, 937, 986, 939, 944, 946, 1032, 916, 956, 973, 919, 998, 965, 947, 987, 901, 1044, 983, 971, 1026, 1005, 912, 1046, 955, 957, 1023, 1037, 949, 961, 902, 1013, 914, 941, 1030, 1042, 925, 1031, 920, 922, 960, 984, 1001, 1045, 908, 948, 967, 1049, 910, 917, 1018, 936, 968, 927, 995, 993, 1006, 1043, 1016, 1021, 915, 931, 1004, 923], [29, 106, 231, 185, 295, 197, 260, 652, 657, 150, 851, 642, 844, 311, 448, 373, 892, 655, 223, 822, 224, 897, 339, 815, 836, 750, 884, 346, 805, 806, 229, 325, 411, 239, 335, 353, 405, 161, 344, 395, 198, 333, 279, 153, 348, 433, 316, 378, 351, 366, 426, 445, 381, 436, 394, 415, 184, 302, 207, 323, 371, 417, 337, 410, 376, 384, 434, 257, 357, 332, 301, 404, 313, 379, 385, 320, 429, 355, 321, 414, 326, 425, 329, 422, 363, 444, 324, 347, 401, 358, 362, 368, 397, 440, 170, 258, 416, 285, 439, 306, 331, 340, 360, 309, 375, 393, 437, 382, 418, 334, 365, 370, 308, 372, 413, 310, 349, 328, 412, 407, 420], [464, 692, 632, 607, 645, 666, 690, 669, 641, 548, 746, 676, 671, 675, 565, 581, 602, 664, 681, 609, 618, 725, 720, 640, 637, 703, 729, 654, 680, 659, 662, 660, 612, 744, 625, 663, 705, 749, 615, 710, 743, 639, 712, 698, 470, 694, 679, 576, 605, 646, 711, 722, 673, 732, 684, 604, 714, 715, 601, 708, 610, 616, 629, 719, 735, 648, 651, 723, 627, 718, 816, 672, 742, 748, 678, 860, 686, 624, 689, 699, 741, 643, 864, 633, 682, 728, 783, 626, 863, 736, 628, 745, 872, 797, 882, 845, 636, 658, 827, 724, 784, 894, 668, 713, 693, 739, 769, 899, 717, 838, 753, 697, 704], [119, 489, 473, 527, 976, 996, 1003, 1027, 454, 518, 458, 469, 535, 546, 456, 474, 538, 575, 459, 522, 501, 740, 938, 1033, 495, 551, 502, 574, 519, 510, 465, 531, 532, 568, 476, 557, 564, 530, 553, 555, 570, 450, 559, 579, 521, 451, 494, 452, 477, 584, 989, 934, 480, 972, 975, 1008, 599, 918, 493, 534, 951, 909, 997, 578, 962, 942, 990, 516, 1020, 1024, 539, 591, 453, 544, 550, 691, 504, 583, 595, 537, 913, 1017, 455, 569, 571, 573, 585, 588, 488, 614, 608, 558, 661, 472, 506, 484, 552, 520, 542, 482, 563, 619, 726, 543, 727, 490, 523, 634, 572, 491], [0, 120, 65, 158, 15, 508, 478, 21, 80, 92, 131, 593, 2, 139, 110, 148, 541, 57, 81, 117, 82, 100, 28, 64, 517, 3, 16, 141, 125, 20, 63, 77, 105, 11, 35, 52, 17, 143, 45, 111, 4, 96, 116, 18, 67, 195, 137, 72, 134, 84, 5, 127, 133, 75, 34, 93, 22, 83, 47, 39, 46, 146, 60, 78, 73, 36, 149, 144, 68, 9, 129, 31, 113, 50, 132, 76, 32, 40, 108, 33, 70, 61, 62, 48, 37, 102, 53, 109, 95, 101, 43, 59, 124, 74, 12, 115, 69, 91, 121, 118, 135, 24, 55, 26, 126, 87, 130], [1, 79, 104, 27, 71, 226, 241, 186, 10, 51, 54, 97, 89, 222, 44, 99, 114, 142, 6, 210, 245, 200, 203, 293, 30, 66, 172, 202, 236, 213, 38, 147, 205, 85, 227, 182, 164, 166, 270, 140, 259, 297, 177, 220, 215, 7, 56, 14, 171, 196, 19, 292, 42, 94, 86, 136, 49, 123, 128, 8, 23, 122, 268, 730, 25, 90, 138, 181, 187, 246, 600, 683, 577, 58, 529, 733, 554, 481, 545, 107, 253, 296, 190, 112, 263, 702, 511, 547, 13, 590, 647, 656, 653, 98, 103, 145, 587, 41, 567, 549, 561, 586, 509, 597, 526], [305, 779, 874, 891, 764, 794, 876, 752, 758, 757, 870, 821, 850, 754, 808, 787, 875, 793, 820, 855, 862, 777, 898, 798, 829, 813, 785, 886, 823, 846, 760, 810, 834, 795, 871, 751, 778, 849, 877, 766, 869, 807, 888, 788, 818, 768, 774, 800, 839, 828, 858, 841, 848, 831, 781, 790, 835, 811, 865, 755, 765, 854, 826, 791, 856, 819, 799, 866, 873, 893, 761, 824, 830, 782, 825, 883, 817, 762, 809, 771, 772, 814, 868, 763, 802, 796, 803, 776, 853, 843, 885, 833, 701, 857, 890, 759, 859, 792, 812, 832, 867, 786, 852, 804, 789], [248, 402, 304, 896, 432, 847, 895, 775, 801, 837, 842, 861, 878, 300, 374, 889, 780, 380, 400, 369, 443, 756, 881, 449, 319, 880, 388, 767, 322, 398, 345, 354, 387, 389, 356, 887, 406, 770, 773, 409, 438, 441, 447, 460, 945, 1035, 1041, 500, 1019, 907, 988, 462, 499, 498, 594, 461, 505, 468, 592, 487, 525, 562, 580, 496, 466, 536, 582, 485, 479, 512, 514, 982, 1007, 475, 507, 515, 540, 467, 524, 596, 497, 556, 598, 483, 533, 589, 287, 430, 314, 383, 317, 361, 421, 442, 315, 327, 330, 352, 367, 419, 303, 390, 386, 391, 338, 377, 364, 307, 399, 435, 318, 341, 343, 336, 408, 431, 350, 403, 423]]","[0.1857008757069707, 0.6164919217117131, 0.15626266598701477, 0.1581054008565843, 0.14718955615535378, 0.13257011771202087, 0.15738212782889605, 0.5899314829148352, 0.14901318214833736]","[0.22452998580411077, 0.5697539141401649, 0.15803930023685098, 0.6324252798222005, 0.1165500869974494, 0.4335116669535637, 0.09938209503889084, 0.7381860567256808, 0.08444460900500417]","[""OPTIMAL"", ""OPTIMAL"", ""OPTIMAL"", ""OPTIMAL"", ""OPTIMAL"", ""OPTIMAL"", ""OPTIMAL"", ""OPTIMAL"", ""OPTIMAL""]","[39.0, 60.0, 62.0, 46.0, 34.0, 78.0, 54.0, 41.0, 43.0]","[39.0, 60.0, 62.0, 46.0, 34.0, 78.0, 54.0, 41.0, 43.0]","[0.1815485288389027, 0.10462043387815356, 0.10350316390395164, 0.10359313106164336]","[1113, 2023, 2834, 3653]",3653.0,"[0.5555335921235383, 0.25593869388103485, 0.1954196710139513, 0.1570412558503449]","[0.3501112498342991, 1.768528823275119, 1.8477880442515016, 2.2981427903287113]","[0.00813118601217866, 0.17597231920808554, 0.8360924920998514, 1800.0452509280294]",TIME_LIMIT,457.0,457.0,752.0,751.0,11.078286558345642,1817.218462401536
62,9,150,6750,750,5,10,1153,1800,13.548052515950983,[1.9042657950194553],[1800.0349600570044],TIME_LIMIT,793.0,777.0,0.0201765447667087,"[13.07832898804918, 13.189870218047872, 13.269533970975317, 13.287229227018543, 13.289246238069609, 13.292245168006048, 13.296920649008825, 13.310179961961694, 13.31827600800898, 13.330218891031109, 13.334380034008063, 17.296094140037894, 17.309280303074047, 17.3113144650124, 17.314008533023298, 17.3169435079908, 17.330385765992105, 17.334281690069474, 17.350244606030174, 18.635189800988883, 18.63640967500396, 20.666877089999616, 20.668128393008374, 20.669339068001136, 20.6705524380086, 20.6717334210407, 21.741521161980927, 21.747347061056644, 21.749442899017595, 21.752656055032276, 23.704522537998855, 23.70792939106468, 31.186237863032147, 31.726299291010946, 32.72680127201602, 35.35033977206331, 36.56361267797183, 37.24930085602682, 38.25149598997086, 39.470912002027035, 45.27984232199378, 46.75140088703483, 67.55857669003308, 68.57577025005594, 69.83587731199805, 70.46412216301542, 71.21260008006357, 71.81222509499639, 136.7654992750613, 162.19972371601034, 276.51620749605354, 373.0821377320681, 373.832310206024, 374.60510024498217, 1304.0171015539672, 1701.0624259599717]","[1176.0, 1071.0, 1053.0, 1034.0, 898.0, 897.0, 895.0, 892.0, 891.0, 889.0, 885.0, 876.0, 871.0, 863.0, 860.0, 856.0, 852.0, 850.0, 849.0, 847.0, 845.0, 844.0, 843.0, 842.0, 841.0, 840.0, 837.0, 836.0, 834.0, 832.0, 830.0, 829.0, 828.0, 825.0, 823.0, 822.0, 821.0, 820.0, 816.0, 815.0, 814.0, 810.0, 809.0, 808.0, 807.0, 805.0, 804.0, 802.0, 801.0, 800.0, 799.0, 798.0, 797.0, 796.0, 794.0, 793.0]",1801.939225852024,12,0.7738627286136135,"[0.7071614426964493, 0.6969098846430783, 0.7292780416462553, 0.6017837761313766, 0.738752259305551, 0.627416251481288, 0.6223348764425898, 0.5705322325663095, 0.5977327728951726, 0.5693488742217854, 0.5084956738218346, 0.4913725718952342]","[0.25737809356302355, 0.11640692101749485, 0.1093196207085096, 0.1477414867628894, 0.28870999179103574, 0.19278268264841156, 0.09473395868998664, 0.2274562602148809, 0.17029810525483288, 0.1943846066516874, 0.09062330363700226, 0.060758075059685855]","[186.59911783319208, 83.81298313259629, 73.79074397824398, 96.03196639587811, 183.33084478730768, 100.24699497717401, 47.840649138443254, 98.9434731934732, 72.37669473330398, 81.64153479370871, 33.077505827505824, 41.011700665287954]","[2.1, 1.6, 1.6555555555555557, 1.990576431241393, 1.931818181818182, 2.109090909090909, 2.075, 2.05, 2.5085139318885448, 2.281818181818182, 1.6, 1.9]",1579.3659483917145,480.6617389355995,2.5085139318885448,0.0712091465089777,0.3043384210130389,3.726509301108308,1.074746476020664,"[725, 720, 675, 650, 635, 520, 505, 435, 425, 420, 365, 675]","[[454, 740, 460, 478, 591, 547, 549, 553, 537, 915, 1001, 595, 954, 1034, 559, 1005, 1033, 480, 499, 963, 904, 965, 501, 902, 1038, 968, 990, 1012, 984, 490, 979, 917, 495, 933, 588, 1002, 939, 914, 1047, 931, 952, 928, 940, 949, 992, 1025, 577, 989, 924, 938, 908, 948, 926, 962, 993, 1041, 1045, 900, 943, 961, 946, 974, 972, 1046, 1039, 901, 958, 1021, 1031, 1048, 916, 937, 1032, 991, 1109, 981, 1007, 1003, 1029, 1036, 457, 557, 567, 532, 538, 585, 462, 525, 569, 519, 582, 548, 562, 474, 498, 528, 980, 999, 493, 502, 592, 982, 571, 580, 1011, 995, 461, 903, 1026, 977, 464, 739, 530, 473, 930, 1056, 524, 681, 969, 998, 1020, 647, 1089, 633, 677, 1042, 1189, 639, 693, 708, 746, 1063, 477, 911, 598, 481, 665, 676, 936, 978, 922, 1018, 1073, 1037, 1113], [172, 659, 814, 316, 304, 360, 430, 410, 435, 321, 371, 351, 194, 314, 355, 346, 352, 359, 409, 384, 437, 345, 442, 300, 338, 315, 396, 344, 364, 307, 369, 311, 753, 809, 330, 372, 896, 898, 374, 448, 387, 765, 813, 834, 757, 800, 802, 837, 843, 878, 308, 358, 389, 411, 340, 392, 403, 440, 413, 309, 326, 815, 348, 329, 331, 238, 322, 848, 738, 797, 847, 343, 373, 282, 349, 766, 798, 861, 406, 609, 825, 782, 826, 806, 812, 353, 820, 356, 419, 791, 795, 844, 386, 860, 758, 776, 821, 751, 899, 872, 754, 760, 832, 302, 342, 391, 436, 431, 323, 429, 368, 379, 408, 425, 332, 357, 339, 397, 427, 305, 318, 366, 418, 306, 350, 383, 354, 361, 417, 362, 432, 395, 399, 377, 365, 393, 434, 439, 363, 382, 412, 347, 420, 426], [0, 92, 115, 3, 108, 26, 27, 31, 94, 118, 30, 53, 95, 91, 4, 529, 472, 573, 7, 61, 15, 90, 83, 575, 521, 572, 18, 491, 81, 138, 107, 112, 21, 79, 147, 67, 78, 56, 565, 6, 76, 130, 44, 11, 139, 49, 110, 57, 102, 65, 144, 100, 129, 29, 39, 71, 74, 98, 97, 42, 89, 125, 132, 62, 84, 128, 5, 35, 47, 22, 40, 43, 117, 50, 51, 58, 123, 93, 105, 103, 243, 284, 142, 19, 134, 23, 38, 114, 124, 149, 25, 145, 73, 96, 9, 87, 28, 88, 217, 64, 116, 68, 101, 133, 106, 16, 32, 141, 75, 122, 86, 66, 24, 146, 191, 275, 34, 165, 291, 72, 99, 160, 168, 111, 222, 246, 17, 119, 131, 48, 104, 55, 46, 137, 69], [150, 724, 682, 705, 221, 630, 722, 618, 713, 605, 653, 664, 735, 768, 610, 611, 637, 634, 879, 658, 600, 701, 785, 759, 756, 881, 752, 846, 873, 862, 638, 784, 875, 886, 816, 852, 602, 702, 629, 656, 685, 668, 691, 796, 698, 749, 786, 604, 615, 1145, 827, 828, 789, 824, 787, 1059, 632, 731, 887, 779, 858, 780, 877, 706, 774, 761, 788, 807, 835, 859, 662, 767, 866, 755, 855, 763, 771, 856, 853, 874, 801, 890, 895, 689, 830, 882, 694, 794, 394, 888, 857, 894, 750, 849, 823, 1241, 1284, 1260, 769, 870, 678, 775, 876, 871, 845, 863, 770, 839, 811, 891, 773, 805, 880, 781, 883, 851, 892, 772, 778, 842, 777, 868, 884, 831, 841, 818, 799, 803, 897, 792], [619, 817, 1209, 1263, 1235, 1264, 1324, 840, 1312, 1216, 865, 1218, 1219, 1270, 1276, 1259, 1288, 1344, 1225, 1291, 1301, 1229, 1257, 1233, 764, 1250, 1210, 1295, 867, 1207, 1242, 1309, 1248, 1292, 1325, 1319, 783, 1237, 810, 836, 819, 1262, 1323, 1212, 1217, 1315, 793, 1335, 1211, 1214, 1277, 1299, 1228, 1336, 1215, 1328, 1274, 1321, 1256, 1347, 1331, 804, 1275, 808, 893, 1261, 838, 1253, 1202, 1278, 1243, 1338, 1300, 1330, 1255, 1265, 1282, 1326, 1339, 1204, 1222, 1231, 1280, 1297, 1320, 1340, 1201, 1206, 1333, 1287, 1306, 1244, 1341, 1313, 1334, 1249, 1271, 1227, 1230, 1327, 1213, 1322, 1240, 1311, 1223, 1246, 1329, 1283, 1307, 1224, 1258, 1348, 1234, 1266, 1279, 1345, 1302, 1342, 1318, 1236, 1304, 1337, 1239, 1238, 1247, 1343, 1289], [152, 161, 278, 223, 281, 175, 219, 180, 262, 220, 292, 176, 210, 179, 159, 695, 288, 231, 407, 252, 188, 156, 158, 170, 232, 233, 245, 230, 211, 257, 167, 294, 162, 171, 234, 327, 173, 207, 190, 196, 625, 654, 644, 716, 704, 732, 747, 203, 251, 285, 297, 627, 164, 287, 227, 381, 242, 303, 414, 405, 200, 312, 261, 166, 299, 218, 169, 206, 265, 183, 185, 258, 225, 240, 280, 195, 298, 197, 249, 199, 259, 228, 279, 293, 214, 181, 216, 229, 256, 174, 603, 198, 328, 423, 829, 675, 157, 283, 290, 201, 254, 248, 237, 264], [2, 126, 513, 507, 576, 487, 593, 596, 45, 121, 465, 143, 646, 451, 522, 476, 684, 12, 574, 505, 41, 109, 14, 20, 527, 37, 543, 120, 545, 497, 510, 544, 566, 526, 594, 555, 450, 578, 483, 504, 535, 466, 539, 533, 551, 456, 568, 586, 540, 554, 509, 512, 489, 531, 560, 520, 534, 13, 469, 517, 581, 467, 484, 541, 496, 518, 561, 570, 453, 468, 506, 479, 494, 558, 546, 599, 550, 140, 470, 482, 463, 459, 1023, 1010, 1015, 458, 515, 523, 579, 563, 584, 455, 516, 471, 488, 486, 492, 589, 475, 503, 564], [33, 70, 80, 52, 36, 82, 59, 85, 135, 286, 60, 272, 236, 241, 177, 215, 187, 213, 136, 250, 186, 268, 153, 267, 154, 182, 244, 189, 235, 273, 276, 163, 247, 184, 226, 445, 422, 239, 424, 337, 388, 415, 289, 433, 376, 380, 401, 449, 443, 212, 441, 444, 310, 325, 335, 324, 390, 336, 317, 319, 375, 192, 270, 333, 385, 253, 446, 204, 313, 400, 334, 341, 370, 205, 320, 367, 398, 404, 378, 416, 428, 854, 402, 301, 438, 447, 421], [601, 635, 613, 700, 1168, 1096, 1099, 1110, 650, 703, 762, 727, 1273, 1108, 822, 833, 864, 790, 885, 889, 1205, 669, 850, 869, 1269, 1125, 1128, 1136, 1190, 641, 1281, 1285, 1068, 1191, 1137, 1054, 1153, 1147, 1226, 1303, 1305, 1332, 1346, 1097, 1177, 1245, 1252, 1293, 1134, 1220, 1232, 1308, 1144, 1221, 1251, 1203, 1254, 1290, 1065, 1141, 1105, 1101, 1149, 1070, 1294, 1095, 1146, 1286, 1208, 1298, 1200, 1316, 1296, 1349, 1087, 1139, 1183, 1198, 1131, 1268, 1272, 1310, 1314, 1267, 1317], [616, 709, 1100, 670, 1135, 622, 643, 720, 690, 1156, 1166, 1115, 1174, 1172, 1078, 1090, 649, 1079, 721, 1066, 1085, 1193, 1121, 1106, 745, 1127, 655, 1107, 1112, 1195, 1081, 1150, 1126, 1116, 1057, 1103, 1169, 1104, 1152, 1188, 1123, 1132, 1091, 1181, 1111, 1162, 1165, 1051, 1052, 1182, 1138, 1053, 1094, 1067, 1158, 1061, 1148, 1093, 1102, 1167, 1192, 1064, 1171, 1119, 1170, 1122, 1075, 1083, 1055, 1076, 1098, 1133, 1154, 1163, 1058, 1072, 1069, 1117, 1077, 1140, 1062, 1074, 1124, 1161], [906, 1013, 910, 912, 929, 966, 934, 913, 955, 1008, 956, 994, 1027, 1022, 1044, 909, 1043, 959, 1159, 960, 1071, 951, 1080, 919, 1006, 1086, 1176, 1120, 1179, 925, 996, 907, 945, 1060, 1024, 973, 1092, 1185, 1129, 1187, 921, 986, 988, 942, 975, 1143, 1175, 950, 976, 1184, 1000, 1155, 1049, 1142, 1082, 1088, 1180, 1084, 1194, 1118, 1197, 1130, 1050, 1157, 1114, 1173, 1164, 1186, 1199, 1178, 1196, 1151, 1160], [1, 155, 54, 77, 10, 726, 271, 617, 744, 277, 624, 127, 452, 8, 63, 113, 148, 508, 587, 536, 552, 485, 636, 542, 661, 648, 699, 707, 660, 718, 697, 500, 645, 556, 672, 597, 514, 673, 583, 688, 719, 607, 620, 728, 710, 151, 295, 193, 628, 209, 296, 269, 224, 712, 651, 671, 202, 741, 274, 255, 266, 260, 263, 178, 717, 208, 737, 511, 590, 715, 711, 742, 652, 606, 743, 692, 608, 725, 734, 680, 736, 686, 614, 612, 679, 631, 696, 723, 748, 623, 687, 730, 621, 667, 663, 626, 733, 657, 666, 714, 640, 642, 674, 683, 729, 905, 947, 957, 932, 987, 944, 970, 953, 971, 983, 985, 1019, 1040, 918, 920, 1004, 1028, 923, 967, 1017, 927, 1009, 964, 1014, 935, 1035, 941, 997, 1016, 1030]]","[0.17936623003333807, 0.1527024720562622, 0.7217702439520508, 0.1409104890190065, 0.11006109206937253, 0.12626341299619526, 0.14349278795998544, 0.1101902270456776, 0.10289168101735413, 0.08612341806292534, 0.08641948504373431, 0.1825532220536843]","[0.6270652740495279, 0.6677554509369656, 0.2051250230288133, 0.2689893100177869, 1.5922834399389103, 0.5426119189942256, 0.10695732396561652, 0.0927955029765144, 0.08891855296678841, 0.07799521903507411, 0.1089530570898205, 0.08889202994760126]","[""OPTIMAL"", ""OPTIMAL"", ""OPTIMAL"", ""OPTIMAL"", ""OPTIMAL"", ""OPTIMAL"", ""OPTIMAL"", ""OPTIMAL"", ""OPTIMAL"", ""OPTIMAL"", ""OPTIMAL"", ""OPTIMAL""]","[66.0, 66.0, 36.0, 31.0, 79.0, 66.0, 17.0, 26.0, 47.0, 42.0, 12.0, 21.0]","[66.0, 66.0, 36.0, 31.0, 79.0, 66.0, 17.0, 26.0, 47.0, 42.0, 12.0, 21.0]","[0.7390710519393906, 0.02002920105587691, 0.018361694063059986, 0.0179614300141111]","[1503, 2625, 3623, 4611]",4611.0,"[0.7996044819010422, 0.323237928096205, 0.2457520340103656, 0.19555067701730877]","[0.4046320030465722, 2.2373753240099177, 2.320638751029037, 2.385797692928463]","[0.008213208988308907, 0.22637306293472648, 0.24921460601035506, 1800.2120349250035]",TIME_LIMIT,509.0,509.0,905.0,896.0,12.375690607734809,1821.8161907134345
62,9,150,6750,750,5,10,1154,1800,11.976176001946442,[2.0616162719670683],[1800.0326072910102],TIME_LIMIT,847.0,826.0,0.024793388429752,"[200.3683740509441, 204.57482218695804, 204.5762521289289, 204.57753329293337, 204.57892996096052, 204.58017722994555, 209.28722942899913, 209.28969122096896, 214.7856885510264, 388.92881021497305, 620.7798012659186, 669.0285621819785, 838.9234539900208]","[942.0, 916.0, 867.0, 859.0, 858.0, 855.0, 854.0, 852.0, 851.0, 850.0, 849.0, 848.0, 847.0]",1802.0942235629773,11,0.7683027614613761,"[0.6919780354031236, 0.6394979864639777, 0.5373260646521766, 0.7674887369068752, 0.6326010695835903, 0.5950663542668808, 0.6984450748734155, 0.5854783796677798, 0.617321038740999, 0.579429913070475, 0.5277887093917869]","[0.34058546682773017, 0.09266794110544115, 0.0922159990079339, 0.1179386747955796, 0.16968663131776557, 0.165844651966391, 0.13551674996893434, 0.22965346467563283, 0.15986134225550702, 0.05984192575101666, 0.13075366036860167]","[253.73617278665895, 68.57427641802644, 64.09011931051405, 81.37768560894992, 113.69004298290294, 103.65290747899438, 73.17904498322454, 110.23366304430375, 73.53621743753322, 26.33044733044733, 86.95118414512011]","[2.551010101010101, 1.8, 1.9293706293706294, 1.75, 2.25, 2.05, 1.85, 1.95, 2.3389952153110047, 1.35, 1.7]",1614.4221515708716,542.7531602599322,2.372727272727273,0.080407875594064,0.3361903574795998,3.762086383067072,1.0749178420519456,"[745, 740, 695, 690, 670, 625, 540, 480, 460, 440, 665]","[[611, 733, 1167, 764, 1185, 1203, 1312, 772, 840, 1305, 1307, 735, 819, 1174, 736, 783, 833, 1217, 794, 888, 890, 869, 1079, 1270, 620, 630, 1282, 664, 1087, 627, 1266, 655, 1151, 1209, 1204, 1223, 1232, 1269, 1279, 1286, 1221, 1255, 1277, 1267, 1299, 1051, 1240, 1054, 1206, 1225, 1327, 1071, 1343, 1246, 1058, 1309, 1249, 1348, 1123, 1166, 1264, 1176, 1187, 1060, 1184, 1118, 1291, 1190, 1081, 1247, 1235, 1283, 1193, 1214, 1295, 1242, 1320, 1272, 1289, 1313, 1335, 1252, 1315, 1347, 1126, 1229, 1254, 1294, 1341, 1245, 1297, 1128, 1202, 1260, 1321, 1253, 1230, 1328, 1336, 1244, 1268, 1303, 1243, 1349, 799, 817, 1323, 1274, 1200, 1210, 1314, 1238, 1218, 1310, 1248, 1261, 1306, 1215, 1298, 1262, 1342, 1234, 1337, 1331, 1280, 1344, 1292, 1263, 1276, 1346, 1207, 1288, 1290, 1224, 1239, 1226, 1273, 1308, 1338, 1211, 1285, 1212, 1329, 1231, 1259, 1256, 1258, 1281, 1316], [6, 10, 100, 12, 133, 478, 528, 120, 603, 496, 585, 725, 636, 556, 459, 539, 588, 463, 536, 579, 595, 469, 509, 538, 150, 296, 487, 568, 450, 544, 557, 625, 687, 723, 460, 475, 593, 498, 992, 578, 198, 678, 486, 517, 686, 690, 617, 652, 730, 480, 540, 743, 722, 526, 692, 461, 501, 612, 547, 508, 581, 713, 484, 566, 576, 591, 598, 705, 451, 541, 454, 472, 533, 590, 465, 537, 474, 587, 494, 471, 586, 550, 507, 464, 563, 500, 546, 505, 491, 468, 470, 490, 589, 506, 580, 553, 520, 522, 455, 477, 559, 456, 514, 521, 497, 994, 457, 503, 479, 545, 499, 523, 572, 529, 467, 597, 511, 534, 482, 583, 466, 524, 565, 574, 596, 473, 527, 493, 502, 513, 525, 535, 560, 599, 575, 582, 980, 512, 515, 986, 996, 519, 928, 516, 551, 530, 571, 564], [159, 202, 623, 642, 681, 184, 615, 716, 738, 232, 624, 697, 667, 702, 567, 647, 162, 481, 570, 649, 632, 640, 746, 684, 685, 608, 622, 626, 659, 712, 719, 616, 708, 648, 728, 654, 656, 707, 679, 618, 747, 628, 650, 675, 739, 742, 748, 638, 171, 644, 174, 606, 711, 704, 701, 710, 621, 670, 689, 633, 855, 847, 645, 682, 763, 760, 887, 724, 753, 744, 831, 233, 390, 396, 668, 658, 879, 677, 895, 731, 873, 898, 691, 769, 619, 717, 694, 549, 665, 607, 741, 715, 657, 662, 676, 663, 718, 601, 669, 700, 673, 614, 1091, 629, 720, 653, 749, 635, 1135, 683, 703, 737, 709, 727, 661, 721, 729, 740, 1050, 639, 651, 674, 1169, 726, 1052, 698, 1076, 1084, 1141, 1106, 666, 882, 732, 734, 1053, 1109, 1055, 1129, 1171], [1, 14, 70, 132, 35, 7, 27, 95, 80, 25, 113, 119, 71, 31, 83, 75, 131, 51, 577, 115, 543, 82, 532, 573, 2, 39, 134, 96, 98, 124, 37, 30, 130, 92, 48, 3, 23, 61, 20, 49, 66, 127, 52, 58, 117, 88, 79, 32, 555, 55, 64, 97, 5, 26, 29, 28, 148, 38, 60, 569, 76, 91, 144, 4, 46, 78, 126, 56, 63, 108, 85, 128, 34, 84, 104, 9, 67, 114, 36, 160, 163, 54, 125, 86, 118, 19, 69, 21, 140, 16, 129, 90, 121, 99, 101, 146, 137, 74, 87, 122, 141, 24, 488, 44, 94, 62, 81, 135, 42, 142, 138, 139, 68, 105, 123, 8, 149, 111, 22, 112, 11, 73, 143, 287, 15, 57, 17, 77, 89, 116, 136, 33, 50, 107, 93, 102, 65, 103], [452, 504, 905, 999, 1032, 1011, 1019, 453, 974, 592, 489, 558, 927, 939, 951, 1033, 485, 561, 1041, 988, 1005, 462, 902, 978, 989, 910, 936, 1045, 922, 1010, 976, 1036, 1025, 1026, 1039, 1020, 991, 1042, 483, 554, 993, 965, 916, 1014, 584, 956, 987, 1027, 960, 971, 1000, 492, 518, 1024, 967, 1016, 510, 594, 1044, 979, 911, 941, 972, 1003, 900, 1030, 901, 973, 954, 940, 1031, 904, 955, 982, 1021, 918, 926, 924, 968, 1018, 981, 933, 946, 944, 949, 953, 917, 937, 948, 983, 1008, 1037, 1048, 1001, 1038, 912, 952, 923, 929, 913, 970, 1009, 934, 1017, 963, 688, 1120, 1137, 1089, 1124, 1104, 1113, 1153, 1095, 1116, 1191, 1103, 1142, 1132, 1096, 1149, 1150, 1062, 1117, 1199, 1154, 1195, 1094, 1300, 1065, 1147, 1158, 1139, 1208], [750, 829, 788, 883, 885, 793, 806, 752, 843, 893, 804, 816, 773, 835, 1220, 858, 1205, 777, 808, 786, 881, 755, 823, 795, 778, 1334, 1227, 1317, 849, 865, 859, 896, 787, 894, 897, 791, 886, 826, 815, 866, 754, 796, 813, 837, 761, 870, 756, 775, 841, 792, 854, 812, 803, 846, 845, 758, 809, 770, 842, 891, 782, 789, 876, 825, 850, 766, 771, 810, 834, 848, 852, 884, 779, 889, 878, 832, 757, 807, 1284, 1325, 785, 1287, 1318, 822, 1236, 1257, 1330, 1345, 1250, 814, 1251, 828, 1322, 853, 868, 877, 1302, 1324, 1216, 1237, 1319, 1241, 1265, 1271, 1301, 1340, 856, 1219, 1222, 1304, 1326, 1201, 1213, 1311, 1333, 1275, 1278, 1332, 871, 875, 1233, 1296, 1228, 1339, 1293], [151, 387, 364, 394, 302, 443, 361, 350, 437, 434, 303, 405, 432, 353, 378, 373, 313, 328, 344, 366, 319, 347, 375, 354, 418, 358, 357, 300, 425, 307, 408, 327, 345, 439, 442, 403, 449, 304, 400, 311, 372, 336, 356, 448, 362, 431, 309, 312, 397, 360, 318, 395, 401, 441, 446, 348, 415, 370, 301, 334, 388, 444, 308, 331, 317, 427, 399, 423, 330, 365, 351, 380, 368, 383, 342, 398, 389, 306, 323, 325, 880, 329, 337, 414, 363, 341, 421, 440, 305, 316, 352, 381, 385, 409, 338, 374, 391, 392, 402, 321, 382, 433, 805, 406, 376, 861, 282, 270], [185, 410, 602, 213, 222, 343, 220, 247, 294, 314, 379, 192, 367, 416, 412, 407, 420, 830, 326, 411, 424, 762, 315, 371, 824, 851, 332, 413, 340, 417, 438, 419, 422, 384, 776, 430, 212, 445, 322, 214, 279, 802, 223, 268, 281, 355, 600, 706, 604, 696, 774, 610, 643, 860, 767, 863, 864, 798, 892, 784, 818, 800, 874, 862, 310, 821, 359, 435, 838, 844, 797, 377, 393, 836, 320, 404, 751, 872, 790, 349, 428, 426, 765, 768, 781, 811, 899, 335, 780, 801, 857, 827, 759, 820, 839, 867], [458, 641, 906, 1140, 631, 476, 699, 1198, 548, 745, 671, 714, 1148, 1092, 1163, 495, 552, 947, 950, 932, 1122, 531, 914, 964, 1035, 637, 680, 1181, 969, 920, 1022, 1112, 542, 943, 613, 925, 605, 1127, 921, 1002, 1152, 957, 998, 958, 903, 915, 1040, 1028, 935, 907, 966, 1013, 1007, 1046, 985, 1160, 908, 909, 961, 995, 919, 938, 997, 975, 1047, 945, 990, 1023, 1029, 930, 1006, 1015, 959, 962, 984, 1034, 1049, 1012, 931, 1143, 1177, 1077, 1115, 1144, 942, 977, 1004, 1043, 1078, 1082, 1188, 1138], [153, 166, 186, 241, 203, 169, 183, 179, 261, 218, 226, 242, 284, 173, 234, 253, 257, 262, 193, 205, 154, 252, 290, 228, 178, 280, 189, 277, 216, 369, 346, 195, 224, 211, 155, 170, 283, 259, 235, 164, 225, 295, 386, 436, 177, 291, 274, 289, 200, 271, 339, 217, 207, 447, 254, 324, 286, 156, 266, 333, 429, 190, 265, 197, 245, 255, 201, 204, 215, 236, 239, 230, 288, 157, 298, 167, 188, 165, 238, 660, 693, 240, 609, 196, 267, 672, 206, 243], [562, 1088, 1072, 1073, 1175, 1075, 1097, 1145, 1146, 1083, 1100, 1107, 1090, 1186, 1080, 1086, 1189, 1056, 1155, 1063, 1121, 1070, 1130, 1125, 1134, 1069, 1105, 1161, 634, 646, 1179, 1183, 1194, 1133, 1178, 1162, 1173, 1114, 1131, 1168, 695, 1066, 1102, 1099, 1197, 1196, 1067, 1165, 1180, 1085, 1111, 1061, 1068, 1119, 1172, 1064, 1156, 1108, 1057, 1159, 1098, 1157, 1192, 1164, 1074, 1110, 1059, 1093, 1136, 1170, 1182, 1101, 0, 43, 229, 237, 251, 256, 276, 40, 41, 72, 59, 106, 175, 263, 182, 260, 264, 172, 210, 250, 299, 219, 231, 180, 292, 244, 275, 181, 258, 208, 285, 13, 47, 168, 176, 297, 194, 273, 110, 147, 278, 248, 18, 199, 293, 45, 145, 158, 209, 187, 53, 191, 249, 227, 269, 109, 221, 152, 161, 272, 246]]","[0.15148969902656972, 0.1867106929421425, 0.1791402589296922, 0.1687587529886514, 0.13195239403285086, 0.12336141895502806, 0.12352860695682466, 0.8163564159767702, 0.11113532003946602, 0.09995486994739622, 0.16787057602778077]","[2.5982681050663814, 0.1614917239639908, 0.21322306292131543, 0.36698289902415127, 0.1919863779330626, 0.6143658689688891, 0.1865764019312337, 0.14771754597313702, 0.0809371949872002, 0.07757771806791425, 0.12247311102692038]","[""OPTIMAL"", ""OPTIMAL"", ""OPTIMAL"", ""OPTIMAL"", ""OPTIMAL"", ""OPTIMAL"", ""OPTIMAL"", ""OPTIMAL"", ""OPTIMAL"", ""OPTIMAL"", ""OPTIMAL""]","[85.0, 47.0, 56.0, 56.0, 57.0, 68.0, 37.0, 34.0, 22.0, 18.0, 41.0]","[85.0, 47.0, 56.0, 56.0, 57.0, 68.0, 37.0, 34.0, 22.0, 18.0, 41.0]","[0.21193240105640143, 0.022719146916642785, 0.01831311802379787, 0.017515185987576842, 0.01891769201029092, 0.016811581095680594]","[1501, 2623, 3683, 4687, 5610, 6496]",6496.0,"[0.7728143089916557, 0.3128112950362265, 0.2525181140517816, 0.1906290960032493, 0.13212271605152637, 0.08479685196653008]","[0.3895730780204758, 2.2638213969767094, 2.361464079003781, 1.7017765060300007, 2.3353583139833063, 2.3080709390342236]","[0.008212191984057426, 0.21497443597763777, 0.23648518603295088, 1.4177513580070809, 3.9796785690123215, 1800.0497272689827]",TIME_LIMIT,521.0,521.0,848.0,828.0,0.1179245283018868,1831.177658071043
62,9,150,6750,750,5,10,1155,1800,12.864552767015994,[2.5041786610381678],[1800.0453673229786],TIME_LIMIT,815.0,800.0,0.0184049079754601,"[214.0334437720012, 218.67910765705165, 218.68066054803785, 218.68216775904875, 218.68356484198011, 223.52671201794874, 228.68367566296365, 233.81231135304552, 233.81413993705064, 239.55310478503816, 245.1975354560418, 312.83910156798083, 312.8446170500247, 312.8500955980271, 436.93006051902194, 1073.5740852670278, 1435.348202525056, 1510.6689551470336]","[985.0, 935.0, 842.0, 837.0, 830.0, 828.0, 826.0, 825.0, 824.0, 823.0, 822.0, 822.0, 823.0, 824.0, 821.0, 818.0, 817.0, 815.0]",1802.5495459840167,13,0.7287587446181366,"[0.6762243434348063, 0.604999246362384, 0.608840865519306, 0.5978636960950968, 0.6677239427989583, 0.5640364108626905, 0.6795154362200164, 0.5396564778343982, 0.5268100800420192, 0.5984928584961589, 0.4467166241749863, 0.424823378031707, 0.47924225469917375]","[0.1886702599385066, 0.2733890717710954, 0.1424756708826949, 0.11742455928203172, 0.11704891089152716, 0.13714139501954628, 0.17310597993522692, 0.06275076071271724, 0.1259881422924901, 0.25206146776639105, 0.13212906658558832, 0.0680419664096877, 0.07535585129120043]","[133.9558845563397, 192.73929559862225, 85.48540252961693, 60.47364803024633, 60.28018910913649, 67.19928355957768, 80.49428066988051, 28.86534992784993, 57.95454545454545, 115.94827517253988, 52.85162663423533, 24.83531773953601, 45.59029003117626]","[1.7869565217391306, 2.7200757575757573, 1.7029411764705884, 1.85, 1.8, 1.9855614973262032, 1.7118421052631578, 1.75, 1.75, 2.201005244755245, 2.1369565217391306, 1.55, 1.9]",1734.1172653582005,727.4438763448976,2.7200757575757573,0.107769463162207,0.4194894375809221,3.783008970087394,1.0721457309555262,"[710, 705, 600, 515, 515, 490, 465, 460, 460, 460, 400, 365, 605]","[[161, 424, 343, 426, 359, 382, 328, 339, 341, 425, 433, 312, 372, 388, 397, 390, 340, 347, 408, 318, 415, 326, 190, 213, 216, 275, 367, 423, 304, 331, 327, 351, 309, 449, 404, 334, 441, 368, 344, 406, 437, 315, 398, 410, 438, 301, 793, 818, 826, 824, 447, 802, 314, 365, 356, 796, 832, 860, 345, 768, 752, 763, 791, 848, 856, 785, 867, 837, 306, 416, 363, 892, 307, 366, 370, 414, 420, 756, 788, 804, 754, 311, 393, 353, 360, 869, 399, 418, 413, 812, 823, 830, 885, 839, 164, 285, 369, 443, 236, 396, 182, 202, 168, 303, 280, 235, 277, 323, 329, 380, 402, 383, 373, 381, 389, 422, 444, 249, 349, 448, 352, 445, 354, 358, 310, 319, 316, 409, 313, 407, 436, 324, 333, 430, 350, 375, 378, 300, 308, 394, 317, 392], [605, 731, 609, 739, 612, 1156, 616, 715, 1164, 613, 1084, 642, 778, 1303, 730, 1066, 732, 673, 701, 1068, 1133, 619, 647, 690, 1109, 1153, 1175, 643, 1183, 1051, 1162, 1148, 1073, 1184, 1125, 1127, 1172, 1083, 1160, 1110, 1059, 1145, 1129, 1130, 1082, 1113, 1114, 1118, 1061, 1163, 1198, 1093, 1166, 1117, 1099, 1143, 1064, 1072, 1081, 1139, 1119, 1107, 1157, 1091, 1161, 1120, 1104, 1147, 1187, 1052, 1086, 1080, 1102, 1124, 1137, 1063, 1112, 1349, 1128, 1140, 1228, 1212, 1095, 1134, 1345, 1293, 1092, 1337, 1329, 1202, 1312, 1115, 1218, 1313, 1186, 1290, 1244, 1316, 1138, 1201, 1233, 1225, 1297, 1229, 1299, 1310, 1348, 1074, 1275, 1334, 1078, 1331, 1232, 1096, 1341, 1343, 1098, 1308, 1245, 1090, 1111, 1173, 1182, 1223, 1100, 1204, 1277, 1105, 1108, 1191, 1194, 1242, 1055, 1150, 1174, 1146, 1106, 1101, 1056, 1152, 1122], [450, 534, 528, 595, 484, 492, 573, 507, 596, 570, 586, 461, 478, 976, 582, 974, 987, 571, 584, 486, 579, 463, 505, 1045, 941, 952, 1042, 970, 910, 1023, 985, 1033, 464, 1032, 1017, 942, 1027, 493, 541, 919, 956, 944, 963, 591, 957, 625, 913, 920, 533, 1026, 550, 949, 1039, 927, 932, 453, 590, 521, 592, 467, 576, 472, 482, 511, 597, 580, 526, 529, 539, 1047, 454, 574, 563, 489, 585, 530, 566, 1037, 465, 480, 545, 524, 572, 527, 514, 593, 455, 495, 1019, 594, 555, 912, 477, 497, 537, 925, 1097, 928, 481, 1014, 931, 1048, 562, 959, 916, 958, 953, 462, 547, 473, 1009, 519, 557, 906, 911, 500, 988, 515, 968, 982], [0, 253, 15, 91, 6, 578, 466, 282, 546, 583, 33, 723, 738, 736, 162, 214, 201, 254, 670, 509, 517, 513, 588, 531, 700, 687, 2, 104, 145, 92, 4, 127, 113, 27, 123, 105, 142, 89, 124, 26, 55, 39, 532, 457, 451, 544, 479, 516, 490, 587, 548, 535, 504, 565, 8, 52, 17, 218, 117, 132, 35, 99, 37, 74, 151, 174, 128, 140, 22, 13, 96, 108, 49, 156, 195, 34, 100, 170, 112, 165, 208, 242, 264, 9, 32, 289, 226, 232, 228, 29, 269, 41, 250, 210, 185, 169, 196, 259, 245, 247, 224, 276, 263], [305, 361, 374, 434, 332, 384, 348, 391, 432, 376, 442, 320, 403, 338, 446, 346, 429, 379, 335, 440, 385, 377, 417, 364, 400, 428, 336, 427, 357, 203, 395, 1, 42, 79, 10, 66, 144, 67, 77, 122, 28, 103, 46, 101, 57, 3, 12, 21, 88, 16, 131, 43, 63, 11, 51, 60, 148, 83, 111, 24, 75, 70, 87, 135, 47, 56, 72, 81, 53, 71, 109, 65, 84, 94, 136, 54, 85, 119, 76, 116, 121, 126, 130, 5, 40, 137, 50, 30, 38, 120, 14, 97, 149, 86, 139, 62, 146, 134, 69, 90, 110, 48, 125], [153, 290, 258, 387, 155, 421, 439, 302, 419, 342, 405, 173, 675, 209, 262, 252, 337, 220, 641, 435, 859, 894, 695, 733, 176, 651, 362, 782, 166, 711, 223, 696, 661, 720, 724, 606, 632, 709, 716, 668, 757, 662, 179, 401, 740, 760, 801, 654, 702, 628, 811, 861, 630, 759, 656, 678, 755, 879, 893, 171, 244, 248, 322, 294, 355, 205, 270, 283, 321, 371, 325, 177, 412, 261, 431, 386, 186, 615, 679, 255, 180, 672, 689, 717, 191, 206, 288, 676, 199, 204, 217, 181, 291, 215, 257, 234, 271, 296], [900, 960, 904, 984, 971, 989, 917, 965, 923, 935, 943, 939, 948, 1020, 926, 1036, 909, 1001, 1022, 978, 1031, 1046, 936, 901, 973, 962, 981, 905, 1010, 946, 1006, 1040, 983, 1044, 951, 922, 995, 1003, 902, 993, 915, 1025, 1038, 940, 1034, 924, 907, 1024, 950, 929, 1043, 955, 979, 954, 966, 967, 990, 1012, 1016, 961, 972, 1000, 1002, 1005, 1049, 918, 969, 986, 977, 945, 1030, 980, 992, 996, 1011, 903, 937, 1070, 1136, 964, 1008, 1028, 1015, 933, 938, 914, 947, 1079, 1155, 921, 994, 930, 1013], [7, 102, 106, 23, 18, 61, 25, 31, 114, 80, 107, 36, 456, 494, 64, 82, 118, 58, 98, 115, 19, 93, 44, 147, 508, 73, 581, 95, 577, 559, 569, 512, 20, 141, 474, 553, 598, 143, 470, 496, 499, 540, 543, 551, 561, 502, 523, 503, 520, 45, 129, 488, 558, 589, 59, 525, 485, 133, 564, 599, 458, 498, 510, 475, 518, 522, 560, 708, 536, 568, 459, 636, 603, 683, 725, 549, 710, 663, 727, 460, 556, 469, 501, 721, 542, 468, 538, 506, 552, 567, 483, 554], [330, 411, 884, 821, 851, 854, 797, 872, 827, 825, 604, 889, 828, 881, 898, 674, 685, 608, 735, 792, 806, 866, 774, 890, 750, 808, 787, 798, 882, 847, 899, 767, 780, 753, 783, 850, 844, 846, 803, 855, 751, 786, 769, 799, 838, 814, 896, 835, 877, 873, 843, 770, 817, 829, 895, 784, 886, 834, 773, 1266, 800, 841, 897, 764, 819, 833, 853, 772, 849, 816, 807, 1219, 776, 794, 1278, 864, 831, 878, 790, 887, 1302, 891, 868, 1332, 1327, 705, 761, 775, 777, 766, 871, 852], [765, 1292, 1240, 1257, 1318, 1319, 1325, 805, 845, 862, 795, 822, 870, 809, 1238, 1248, 1279, 771, 1311, 876, 1071, 1227, 1317, 1249, 1339, 1208, 1256, 1305, 1274, 1273, 1295, 1235, 1247, 1243, 1250, 1330, 1315, 1263, 1270, 1291, 1326, 810, 813, 836, 880, 1230, 1254, 1221, 1246, 1300, 820, 1200, 1252, 1324, 1224, 1320, 1215, 1289, 1281, 1340, 1304, 1283, 1259, 1284, 1239, 1206, 1309, 1286, 1306, 1344, 1205, 1272, 1234, 1262, 1342, 1237, 1294, 1280, 1253, 1322, 1216, 1276, 1298, 1231, 1226, 1258, 1260, 1287, 1217, 1265, 1346, 1328], [601, 602, 635, 746, 865, 649, 693, 718, 749, 858, 611, 713, 626, 617, 629, 665, 691, 688, 607, 840, 1214, 1241, 1236, 1336, 1321, 1333, 1222, 1268, 789, 1209, 1285, 1213, 1269, 1301, 1264, 1338, 1076, 1135, 1220, 1203, 1210, 1126, 1267, 1296, 1178, 1142, 1347, 1271, 1323, 1261, 1307, 698, 815, 1188, 1251, 1335, 1207, 1255, 703, 1058, 1211, 1282, 1158, 1288, 631, 737, 743, 874, 883, 762, 781, 863, 779, 888, 842, 857, 747, 758, 875, 1314], [68, 78, 476, 652, 734, 189, 637, 645, 677, 159, 167, 745, 624, 655, 660, 686, 728, 237, 644, 265, 692, 680, 600, 666, 614, 646, 621, 699, 712, 748, 622, 648, 714, 657, 671, 639, 681, 682, 618, 627, 729, 638, 719, 684, 669, 452, 575, 471, 491, 1121, 667, 694, 487, 1018, 706, 664, 653, 704, 640, 741, 1103, 1190, 1195, 1193, 1116, 658, 1094, 722, 610, 742, 620, 633, 650], [623, 1123, 1177, 707, 726, 1054, 1087, 1196, 1199, 1159, 1057, 1065, 998, 1077, 1185, 1050, 1149, 1169, 1197, 1053, 1060, 1141, 1167, 975, 1131, 1132, 1154, 1069, 1168, 1067, 1181, 1144, 1171, 1089, 1176, 1170, 1180, 1075, 1192, 1085, 1088, 634, 659, 744, 697, 1151, 934, 1165, 1062, 991, 1021, 1179, 1189, 908, 1029, 1004, 1007, 999, 1041, 997, 1035, 138, 299, 229, 163, 266, 240, 192, 212, 243, 241, 207, 281, 184, 295, 187, 274, 219, 150, 193, 200, 298, 225, 178, 183, 268, 194, 188, 260, 158, 284, 279, 292, 198, 154, 175, 231, 256, 227, 293, 157, 197, 221, 273, 233, 272, 172, 222, 246, 238, 152, 239, 267, 211, 297, 160, 286, 287, 230, 278, 251]]","[0.16228055697865784, 0.13634672889020294, 0.14253795705735683, 0.1427502060541883, 0.11832313798367977, 0.13584969693329185, 0.0905131259933114, 0.81366221094504, 0.1077914519701153, 0.08471133094280958, 0.08453922404441983, 0.10354986099991947, 0.166239514015615]","[1.7410716550657526, 0.26980224205181, 0.14726143900770694, 0.1309377090074122, 0.14857439999468625, 0.08891719300299883, 0.0967885460704565, 0.04918069997802377, 0.16986623196862638, 1.0439688169863075, 0.05588820099364966, 0.052994056954048574, 0.10624835698399693]","[""OPTIMAL"", ""OPTIMAL"", ""OPTIMAL"", ""OPTIMAL"", ""OPTIMAL"", ""OPTIMAL"", ""OPTIMAL"", ""OPTIMAL"", ""OPTIMAL"", ""OPTIMAL"", ""OPTIMAL"", ""OPTIMAL"", ""OPTIMAL""]","[77.0, 44.0, 24.0, 29.0, 40.0, 33.0, 18.0, 0.0, 17.0, 75.0, 17.0, 14.0, 22.0]","[77.0, 44.0, 24.0, 29.0, 40.0, 33.0, 18.0, 0.0, 17.0, 75.0, 17.0, 14.0, 22.0]","[0.22336828708648682, 0.019805787946097553, 0.01801803195849061, 0.017198793007992208, 0.017383691971190274, 0.01741032104473561]","[1696, 2736, 3731, 4715, 5653, 6543]",6543.0,"[0.9200855069793761, 0.29560781200416386, 0.2405583910876885, 0.18858087400440127, 0.13589132693596184, 0.08580121502745897]","[0.4408480559941381, 2.3143436920363456, 2.374945539981127, 2.4326077919686213, 2.4366927039809525, 1.7055591890821233]","[0.009480923064984381, 0.23899929807521403, 0.2645241270074621, 1.3150472389534116, 1.9961555070476606, 1800.033716644044]",TIME_LIMIT,410.0,410.0,822.0,802.0,0.851581508515815,1828.9883800022071
62,9,150,6750,750,5,10,1156,1800,12.843161638942547,[2.032835487043485],[1800.0405566849513],TIME_LIMIT,771.0,754.0,0.0220492866407263,"[15.297500299056992, 15.40402883500792, 15.480334411025979, 15.498396776034497, 15.500379709992558, 15.503643983975053, 15.50903418904636, 15.53019303700421, 15.53237467200961, 15.54804388305638, 15.563802246004343, 15.567905785050243, 17.211794862989336, 17.213066700962372, 17.214271366014145, 17.215514821000397, 17.21674686903134, 17.217931990977377, 19.991732559050433, 20.00176133099012, 20.003791043069214, 20.006336983991787, 20.008401934988797, 20.01135287899524, 20.01931271806825, 20.024254081072286, 24.201732247020118, 24.203003983013332, 24.204258428071626, 24.20553439296782, 25.632444210001267, 25.637192675028928, 25.639705694979057, 35.98719417001121, 36.54102330701426, 38.050079204957, 38.732280867989175, 45.043599977041595, 45.43156530603301, 47.29930121905636, 47.52495487895794, 49.04536811297294, 53.587416569003835, 73.68579461507034, 78.00075016601477, 78.00282197503839, 79.03103756904602, 79.35623772605322, 80.29111698199995, 83.2478519580327, 84.7983722910285, 87.26797029003501, 130.43103565997444, 162.88987339206506, 283.13122431898955, 283.1328496229835, 313.67841240705457, 337.1133360560052, 443.8980222910177, 522.3847614800325, 522.3892777470173, 1441.707886204007]","[1164.0, 1065.0, 1040.0, 1035.0, 921.0, 916.0, 914.0, 913.0, 909.0, 908.0, 906.0, 895.0, 888.0, 886.0, 878.0, 870.0, 862.0, 859.0, 854.0, 852.0, 843.0, 842.0, 837.0, 836.0, 829.0, 828.0, 823.0, 821.0, 820.0, 819.0, 816.0, 814.0, 813.0, 811.0, 810.0, 807.0, 805.0, 802.0, 801.0, 799.0, 798.0, 796.0, 795.0, 794.0, 793.0, 792.0, 791.0, 790.0, 786.0, 784.0, 783.0, 781.0, 779.0, 778.0, 777.0, 776.0, 775.0, 773.0, 772.0, 772.0, 773.0, 771.0]",1802.0733921719948,13,0.7460983620570422,"[0.666586062062041, 0.6641601047482224, 0.6443038187913057, 0.6703312635925237, 0.6480153640658953, 0.5468541934267432, 0.5534824117383226, 0.6158434622008137, 0.5562051238475592, 0.49059680348365137, 0.5956542620541107, 0.49413935032501155, 0.5236566826663555]","[0.15600477309068644, 0.12774479369979425, 0.1420878434108891, 0.18377412767339793, 0.16463120047084945, 0.11974333582815398, 0.08825625064766608, 0.18334157705757392, 0.10850861556743911, 0.1454979030179565, 0.06608743369306751, 0.12619117597378465, 0.11105232547568762]","[109.20334116348052, 87.50518368435905, 96.61973351940458, 109.34560596567177, 89.72400425661294, 61.6678179514993, 45.45196908354803, 94.42091218465058, 48.8288770053476, 64.01907732790086, 23.461038961038966, 44.166911590824625, 44.976191817653486]","[1.85, 1.6358585858585861, 1.65, 1.9238095238095236, 1.9, 2.05, 1.8080808080808084, 2.124561403508772, 2.090909090909091, 2.3645021645021647, 1.55, 2.205072463768116, 1.9140139751552794]",1518.7133297222806,599.3226652102883,2.572909769968593,0.0887885429941167,0.3946252748828436,3.7855002708965912,1.074453286011703,"[700, 685, 680, 595, 545, 515, 515, 515, 450, 440, 355, 350, 405]","[[150, 281, 654, 184, 214, 198, 282, 671, 749, 163, 225, 200, 251, 271, 175, 269, 280, 155, 207, 216, 231, 240, 254, 188, 205, 297, 262, 194, 215, 249, 197, 284, 246, 290, 253, 295, 212, 222, 261, 162, 252, 166, 185, 211, 277, 203, 247, 272, 209, 239, 267, 219, 670, 158, 659, 160, 289, 236, 656, 283, 159, 747, 298, 196, 270, 273, 693, 746, 161, 233, 353, 243, 338, 376, 419, 443, 178, 201, 407, 335, 395, 255, 286, 276, 257, 274, 397, 191, 384, 292, 391, 220, 278, 224, 258, 318, 396, 226, 275, 428, 340, 323, 415, 403, 404, 171, 317, 377, 414, 327, 328, 380, 433, 189, 237, 248, 438, 440, 234, 316, 245, 387, 336, 429, 367, 304, 398, 399, 164, 221, 179, 199, 208, 182, 229, 293, 183, 369, 218, 202], [695, 1109, 1294, 755, 759, 725, 1141, 1289, 1314, 1226, 1296, 784, 819, 1253, 790, 1272, 1288, 786, 1307, 854, 1228, 1084, 1203, 1274, 802, 804, 1300, 898, 1208, 1280, 740, 782, 839, 828, 826, 1239, 837, 871, 852, 1252, 756, 1325, 1241, 810, 1223, 753, 803, 1234, 1303, 884, 1276, 1277, 781, 840, 862, 1256, 774, 1258, 1341, 1212, 1317, 1255, 1302, 1316, 1334, 787, 1237, 832, 1297, 1322, 1224, 1240, 1214, 1331, 1268, 1292, 1315, 1202, 1233, 1215, 1221, 1311, 1327, 1216, 1217, 1338, 1231, 1308, 1313, 1319, 1247, 1344, 1304, 1263, 1275, 1279, 1251, 1285, 1278, 1206, 1261, 1348, 1238, 1328, 1269, 1301, 1219, 1250, 1287, 1230, 1312, 1246, 1207, 1336, 1323, 1266, 1281, 1346, 1245, 1270, 1271, 1209, 1229, 1283, 1310, 1236, 1242, 1259, 1210, 1342, 1329, 1248, 1318, 1333, 1243, 1260, 1299], [12, 65, 23, 529, 469, 518, 585, 571, 481, 498, 464, 574, 504, 528, 505, 541, 553, 543, 570, 473, 566, 578, 456, 502, 480, 494, 597, 734, 470, 537, 575, 493, 641, 516, 535, 454, 467, 534, 455, 485, 514, 580, 532, 512, 573, 599, 487, 511, 520, 526, 530, 531, 591, 540, 457, 548, 594, 496, 465, 468, 483, 475, 563, 995, 459, 538, 577, 490, 521, 910, 921, 1049, 748, 450, 583, 510, 472, 562, 477, 479, 557, 565, 463, 554, 590, 500, 517, 581, 451, 519, 462, 489, 564, 912, 568, 452, 453, 596, 525, 533, 486, 523, 549, 1039, 497, 928, 471, 588, 458, 916, 957, 972, 909, 966, 930, 951, 474, 484, 515, 587, 544, 499, 569, 507, 539, 555, 509, 579, 524, 545, 584, 593, 908, 1037, 958, 998], [306, 421, 768, 848, 864, 841, 315, 322, 344, 432, 378, 875, 406, 757, 314, 363, 388, 385, 794, 333, 448, 352, 374, 359, 341, 325, 373, 797, 880, 405, 356, 777, 795, 825, 890, 822, 793, 823, 882, 1227, 1235, 300, 392, 383, 319, 447, 362, 360, 354, 381, 303, 309, 308, 402, 425, 358, 313, 330, 339, 337, 351, 379, 349, 430, 409, 311, 361, 368, 302, 331, 372, 307, 444, 400, 326, 408, 426, 446, 418, 442, 423, 437, 321, 347, 346, 386, 394, 312, 422, 365, 355, 417, 424, 348, 441, 320, 416, 393, 434, 816, 332, 345, 343, 412, 370, 420, 427, 310, 350, 324, 342, 413, 439, 390, 445, 375, 431, 366, 389], [466, 1043, 559, 904, 1027, 1142, 907, 1035, 1038, 918, 940, 1030, 1032, 1013, 1040, 1045, 923, 935, 911, 920, 971, 917, 1019, 926, 968, 937, 1034, 950, 945, 1044, 1024, 949, 1002, 991, 1011, 976, 1020, 959, 974, 969, 973, 914, 1130, 962, 1017, 964, 1031, 919, 925, 1003, 1016, 933, 944, 1022, 947, 979, 1086, 1029, 992, 981, 986, 1004, 989, 1009, 929, 934, 985, 1018, 1000, 931, 1025, 1006, 1036, 967, 975, 993, 941, 943, 946, 960, 963, 1001, 987, 990, 952, 996, 1010, 903, 1047, 906, 938, 994, 942, 1048, 948, 988, 977, 1033, 954, 1012, 982, 1026, 927, 953, 999, 961, 965, 932, 1005], [35, 223, 42, 67, 576, 506, 536, 717, 551, 601, 616, 730, 726, 690, 503, 542, 556, 602, 669, 51, 478, 77, 122, 582, 592, 491, 572, 589, 56, 129, 92, 72, 118, 136, 558, 193, 636, 630, 638, 678, 285, 622, 681, 720, 527, 658, 625, 461, 634, 742, 723, 626, 705, 598, 698, 655, 610, 627, 635, 706, 619, 1069, 660, 1111, 600, 653, 612, 711, 667, 702, 733, 615, 710, 608, 639, 712, 668, 679, 684, 703, 613, 673, 663, 677, 614, 649, 675, 621, 647, 643, 672, 699, 648, 676, 738, 732, 603, 721, 731, 605, 713, 744, 650], [607, 724, 665, 631, 640, 778, 689, 618, 704, 624, 629, 651, 735, 645, 691, 855, 708, 666, 788, 739, 785, 789, 686, 715, 620, 829, 872, 719, 824, 842, 752, 771, 806, 895, 628, 858, 646, 818, 773, 827, 776, 885, 685, 696, 637, 870, 798, 856, 896, 763, 838, 812, 867, 760, 770, 807, 883, 866, 805, 877, 873, 750, 861, 893, 779, 888, 767, 894, 769, 801, 897, 780, 836, 869, 831, 754, 814, 783, 892, 796, 849, 821, 881, 791, 817, 847, 874, 876, 799, 809, 835, 764, 891, 857, 766, 868, 775, 808, 889, 846, 860, 850, 863], [617, 834, 1051, 652, 1054, 1104, 1198, 661, 1053, 687, 716, 865, 811, 853, 1340, 700, 714, 751, 1180, 743, 1330, 709, 1184, 1112, 1122, 1155, 657, 1052, 1157, 1291, 1321, 1201, 1264, 1058, 1114, 1168, 1286, 1290, 1099, 1222, 1213, 1200, 1249, 1343, 1065, 1305, 1265, 1339, 728, 1254, 1093, 1185, 1205, 1101, 1194, 1273, 1332, 1137, 1149, 1220, 1337, 1324, 1284, 1293, 1083, 1282, 1326, 1153, 1262, 1309, 1088, 1190, 1218, 1060, 1169, 1090, 1244, 1204, 1320, 1211, 1298, 1225, 1295, 1134, 1345, 1158, 1076, 1106, 1081, 1092, 1232, 1145, 1257, 1102, 1335, 1349, 1181, 1160, 1120, 1128, 1124, 1267, 1347], [0, 130, 45, 105, 31, 96, 58, 112, 32, 495, 52, 48, 103, 488, 595, 9, 460, 115, 26, 550, 29, 37, 63, 547, 98, 132, 139, 508, 24, 561, 552, 146, 546, 501, 522, 492, 2, 133, 117, 8, 121, 127, 174, 15, 120, 30, 126, 138, 20, 25, 19, 78, 95, 41, 123, 106, 85, 83, 128, 44, 71, 144, 4, 97, 674, 586, 513, 46, 140, 268, 195, 299, 33, 116, 264, 38, 50, 287, 13, 16, 250, 131, 165, 62, 73, 227, 86, 119, 74, 134], [476, 1046, 936, 955, 1008, 1028, 1057, 1139, 1072, 1087, 1097, 1107, 482, 567, 632, 997, 560, 664, 1152, 902, 970, 900, 1021, 623, 707, 680, 1131, 1103, 1183, 1163, 694, 1055, 1095, 1100, 1127, 1140, 915, 1117, 1165, 978, 1118, 722, 1098, 737, 745, 1007, 1023, 1085, 980, 1115, 1195, 1150, 604, 729, 736, 1110, 1096, 1151, 644, 682, 611, 718, 642, 692, 662, 683, 1079, 1042, 1080, 741, 1074, 1136, 609, 688, 1066, 1061, 1126, 1178, 1064, 1148, 1073, 633, 1147, 701, 1199, 1306, 1143, 1170], [1, 59, 3, 114, 145, 5, 108, 53, 68, 102, 18, 39, 148, 22, 143, 75, 125, 21, 11, 69, 111, 89, 181, 168, 266, 177, 217, 34, 79, 91, 80, 47, 100, 76, 60, 87, 124, 7, 14, 43, 70, 99, 84, 94, 28, 57, 113, 10, 107, 82, 93, 6, 101, 135, 109, 54, 142, 27, 40, 110, 149, 55, 36, 64, 17, 81, 88, 104, 137, 141, 147], [697, 1135, 1138, 1068, 1196, 1161, 1050, 1188, 1056, 1071, 1133, 1091, 1162, 1177, 1193, 1059, 1171, 1108, 1121, 1070, 1113, 1186, 1144, 1077, 1182, 1063, 1094, 1129, 1166, 1075, 1125, 1172, 1105, 1189, 1192, 1179, 901, 922, 983, 1159, 1132, 1167, 905, 1067, 1197, 1164, 913, 1014, 939, 984, 924, 1041, 1089, 1123, 1176, 1082, 1187, 1156, 956, 1015, 1062, 1116, 1146, 1175, 1078, 1191, 1173, 1154, 1119, 1174], [152, 436, 851, 382, 435, 301, 334, 364, 153, 260, 187, 210, 204, 244, 329, 762, 154, 170, 180, 305, 761, 813, 899, 820, 772, 167, 265, 294, 357, 727, 887, 410, 449, 213, 815, 830, 606, 792, 371, 401, 765, 411, 879, 758, 878, 843, 833, 844, 859, 800, 845, 886, 49, 90, 176, 228, 256, 157, 192, 169, 172, 173, 190, 230, 242, 232, 288, 238, 61, 156, 263, 259, 296, 66, 151, 186, 241, 235, 291, 206, 279]]","[0.17363160697277635, 0.12395087396726012, 0.16231656703166664, 0.11968256800901145, 0.10207168105989695, 0.14175754901953042, 0.10928737907670438, 0.11275651096366346, 0.11538647103589028, 0.8228022949770093, 0.07971385400742292, 0.08457547496072948, 0.10007944598328322]","[0.2621475780615583, 0.2217109709745273, 0.3109434311045334, 0.9465893460437655, 0.25137174199335277, 0.3326120290439576, 0.39031238202005625, 0.092361344024539, 0.11732063803356141, 0.06847862794529647, 0.062742531998083, 0.06464131898246706, 0.03429800202138722]","[""OPTIMAL"", ""OPTIMAL"", ""OPTIMAL"", ""OPTIMAL"", ""OPTIMAL"", ""OPTIMAL"", ""OPTIMAL"", ""OPTIMAL"", ""OPTIMAL"", ""OPTIMAL"", ""OPTIMAL"", ""OPTIMAL"", ""OPTIMAL""]","[50.0, 69.0, 23.0, 74.0, 34.0, 16.0, 37.0, 27.0, 21.0, 16.0, 25.0, 15.0, 10.0]","[50.0, 69.0, 23.0, 74.0, 34.0, 16.0, 37.0, 27.0, 21.0, 16.0, 25.0, 15.0, 10.0]","[0.21283577103167772, 0.021277779014781117, 0.017907654982991517, 0.017275142017751932]","[1540, 2663, 3674, 4669]",4669.0,"[0.8091072059469298, 0.30617053306195885, 0.23961808206513524, 0.1896662930957973]","[0.4268709940370172, 2.2965330709703267, 2.3628356551053002, 1.6707526170648634]","[0.009198430925607681, 0.22045933501794934, 1.4377864899579436, 1800.0476575909415]",TIME_LIMIT,417.0,417.0,890.0,881.0,13.370786516853933,1820.5494484214576
62,9,150,6750,750,5,10,1157,1800,14.377364919986576,[2.1108222770271823],[1800.1790352099342],TIME_LIMIT,790.0,779.0,0.0139240506329113,"[13.46419212105684, 13.465376691077836, 13.466473581036553, 13.467658441979438, 13.46878915198613, 13.469973144005053, 13.471126968041062, 13.472274900996126, 13.473469431977719, 13.474629489006475, 13.475786329014227, 15.7407358760247, 15.743482717080042, 15.754064287059009, 15.758216131012887, 18.260903957067057, 18.271312818978913, 18.273913001990877, 18.278390520019457, 18.280680126976222, 18.288092434988357, 20.71043210104108, 20.712507616030052, 20.716112672002055, 23.260071548982523, 32.74777247197926, 33.187191770994104, 34.4759204670554, 35.48533928405959, 37.53624791803304, 38.60860517004039, 39.832404116983525, 40.974200966069475, 42.66802722006105, 47.99503526301123, 65.25328233500477, 65.89275984501, 66.4182310240576, 67.50173291307874, 69.85154857498128, 128.666613936075, 228.93592282896861, 228.94159293500707, 228.9471801420441, 308.30067600600887, 600.8088749990566, 995.75982566108, 1124.2864975520642, 1651.1783546960214]","[1065.0, 981.0, 967.0, 953.0, 887.0, 885.0, 882.0, 878.0, 876.0, 874.0, 872.0, 842.0, 839.0, 838.0, 837.0, 834.0, 825.0, 823.0, 822.0, 821.0, 819.0, 818.0, 815.0, 814.0, 813.0, 812.0, 811.0, 809.0, 808.0, 807.0, 806.0, 805.0, 804.0, 803.0, 802.0, 800.0, 799.0, 798.0, 797.0, 796.0, 795.0, 795.0, 796.0, 797.0, 794.0, 793.0, 792.0, 791.0, 790.0]",1802.2898574869607,12,0.755267651556169,"[0.6509448350167025, 0.5217745914842772, 0.6541206071605346, 0.6384750991626267, 0.7139465319160568, 0.7069343381182657, 0.5511711298097854, 0.6340497803127789, 0.5532463013268079, 0.6082432212139325, 0.5020097181035407, 0.5396304578949298]","[0.15346024589445645, 0.1351332239324477, 0.18159827341746518, 0.16763423135245173, 0.11973610435148895, 0.1897637949070203, 0.05664581793072663, 0.13559230465309907, 0.15090963130436816, 0.12003454573407936, 0.03622732043784675, 0.1845633613173945]","[112.79328073242549, 93.91759063305115, 126.2108000251383, 98.90419649794651, 70.04562104562103, 109.11418207153667, 27.75645078605605, 65.76226775675305, 71.68207486957488, 47.41364556496135, 14.128654970760234, 118.12055124313248]","[2.1605263157894736, 2.140909090909091, 2.0, 2.2, 1.9, 2.2, 1.4, 1.9172650878533233, 1.8948863636363638, 1.75, 1.35, 2.2272727272727275]",1562.0591585225604,606.2098423256033,2.6,0.089808865529719,0.3880837924849053,3.813075207988732,1.0980183749925343,"[735, 695, 695, 590, 585, 575, 490, 485, 475, 395, 390, 640]","[[156, 196, 277, 229, 260, 279, 218, 296, 225, 252, 246, 235, 247, 278, 321, 320, 376, 385, 176, 394, 377, 217, 255, 370, 293, 406, 161, 338, 387, 413, 310, 369, 372, 397, 444, 287, 384, 430, 300, 400, 365, 323, 358, 380, 340, 423, 244, 337, 332, 432, 315, 344, 431, 334, 393, 734, 878, 314, 317, 760, 422, 339, 439, 349, 449, 396, 371, 364, 419, 343, 351, 426, 447, 366, 414, 424, 411, 435, 183, 269, 302, 346, 341, 434, 270, 295, 395, 355, 407, 303, 354, 305, 410, 374, 383, 352, 429, 386, 441, 311, 361, 433, 367, 391, 327, 331, 440, 348, 333, 356, 382, 389, 307, 442, 330, 360, 342, 436, 399, 425, 357, 312, 363, 402, 368, 428, 359, 415, 392, 401, 336, 379, 398, 418, 316, 347, 353, 328, 381, 417, 403, 409, 306, 390, 329, 373, 427], [454, 548, 485, 493, 653, 668, 763, 603, 1266, 725, 608, 610, 721, 691, 659, 723, 649, 770, 829, 698, 856, 792, 730, 809, 799, 619, 630, 631, 635, 738, 731, 713, 692, 756, 643, 703, 719, 746, 680, 1135, 1145, 637, 765, 1059, 1068, 715, 1301, 1302, 1072, 1104, 1086, 1208, 1211, 1262, 673, 757, 1324, 709, 854, 780, 827, 1142, 1244, 876, 1111, 1292, 642, 1318, 784, 822, 1170, 1057, 1168, 1160, 457, 476, 466, 554, 714, 566, 647, 574, 664, 578, 627, 625, 636, 597, 617, 463, 1017, 1091, 1156, 543, 556, 587, 645, 628, 696, 735, 655, 702, 722, 686, 1136, 1082, 602, 640, 745, 1097, 695, 654, 726, 661, 684, 1138, 1195, 1180, 663, 1014, 633, 688, 671, 749, 666, 697, 1125, 1174, 624, 675, 718, 1110, 727, 694, 1080, 1196, 1083, 1100, 1107], [751, 755, 840, 758, 893, 889, 891, 762, 794, 806, 847, 774, 842, 888, 838, 843, 850, 782, 819, 867, 839, 871, 881, 764, 817, 772, 798, 818, 1285, 1289, 795, 1286, 1336, 1227, 1248, 1282, 1249, 1309, 1294, 813, 1226, 775, 896, 894, 1222, 1231, 1270, 787, 802, 1229, 823, 800, 816, 1279, 1272, 778, 1260, 1268, 1236, 1334, 1317, 753, 768, 841, 866, 754, 837, 771, 824, 869, 761, 879, 779, 793, 815, 788, 899, 877, 895, 791, 835, 790, 868, 821, 796, 776, 863, 812, 849, 892, 1204, 1207, 810, 1348, 844, 1247, 1313, 807, 1241, 1257, 1223, 1308, 1259, 1326, 1339, 826, 890, 1327, 832, 848, 1205, 1252, 1265, 1295, 1346, 1151, 1291, 1219, 1242, 1305, 1246, 1277, 1200, 1213, 1220, 1269, 1323, 1306, 1278, 1337, 1239, 1210, 1283, 1232, 1256, 1214, 1225, 1267, 1342], [0, 36, 72, 54, 165, 182, 208, 276, 151, 2, 12, 288, 62, 18, 111, 224, 267, 47, 166, 221, 257, 227, 60, 209, 265, 39, 172, 155, 187, 240, 189, 153, 216, 181, 160, 275, 195, 286, 268, 49, 146, 207, 205, 171, 230, 215, 193, 223, 233, 154, 200, 271, 283, 157, 180, 194, 231, 192, 237, 220, 174, 272, 211, 298, 152, 179, 266, 188, 262, 198, 289, 213, 251, 124, 670, 744, 173, 191, 254, 175, 238, 202, 158, 222, 284, 280, 290, 170, 219, 167, 184, 253, 662, 163, 204, 214, 259, 164, 199, 159, 261, 162, 190, 210, 350, 228, 308, 445, 326, 408, 177, 178, 274, 248, 318, 388, 186, 263], [1, 53, 74, 73, 79, 37, 85, 95, 51, 142, 89, 116, 13, 83, 135, 137, 22, 23, 56, 70, 133, 136, 147, 3, 84, 61, 510, 26, 29, 113, 139, 33, 100, 81, 452, 106, 107, 132, 55, 67, 91, 35, 41, 564, 38, 57, 82, 515, 4, 17, 32, 8, 110, 59, 64, 118, 122, 14, 44, 138, 15, 97, 58, 52, 120, 98, 5, 28, 119, 144, 40, 101, 43, 50, 127, 66, 80, 105, 68, 109, 145, 506, 19, 104, 115, 88, 21, 27, 65, 93, 129, 7, 148, 16, 76, 42, 236, 185, 92, 140, 99, 69, 96, 126, 77, 130, 103, 117, 131, 10, 125, 30, 46, 114, 63, 143, 134], [524, 1126, 622, 1069, 1134, 1187, 1177, 979, 1040, 1000, 984, 594, 724, 973, 957, 995, 1011, 1056, 525, 922, 978, 972, 552, 949, 987, 918, 924, 923, 999, 951, 982, 1030, 989, 904, 936, 1035, 1015, 950, 965, 997, 958, 981, 1019, 916, 961, 917, 901, 1173, 915, 974, 930, 1024, 905, 1087, 942, 1044, 1141, 1105, 1013, 1075, 1149, 1042, 1067, 912, 1182, 1008, 1031, 1123, 1128, 1147, 1004, 1090, 1178, 1186, 976, 1109, 994, 1060, 1117, 1163, 956, 1054, 1098, 1108, 1127, 1070, 1171, 1197, 903, 914, 1003, 959, 983, 986, 970, 988, 1022, 996, 1037, 906, 1032, 975, 1036, 1010, 1028, 1001, 921, 1049, 955, 990, 919, 992, 938, 948, 1034], [6, 527, 547, 473, 539, 512, 468, 532, 529, 501, 590, 467, 481, 488, 553, 535, 551, 557, 558, 455, 596, 598, 500, 592, 475, 565, 550, 568, 458, 492, 559, 577, 528, 567, 562, 450, 600, 451, 555, 464, 490, 477, 589, 575, 531, 484, 489, 522, 546, 595, 11, 471, 581, 519, 513, 48, 561, 585, 509, 549, 517, 579, 108, 496, 505, 520, 576, 583, 453, 495, 498, 465, 545, 588, 599, 474, 479, 497, 615, 530, 693, 733, 685, 690, 499, 516, 541, 563, 480, 572, 503, 508, 507, 523, 482, 526, 537, 582], [1051, 1122, 1288, 1258, 1332, 1078, 1345, 1344, 1096, 1281, 1175, 1216, 1328, 1316, 1329, 1053, 1154, 1161, 1311, 1071, 1194, 1077, 1152, 1275, 1088, 1148, 1095, 1340, 1124, 1293, 1201, 1203, 1165, 1303, 1310, 1245, 1271, 1233, 1331, 1139, 1243, 1158, 1250, 1298, 1319, 1321, 1322, 1221, 1341, 1333, 1347, 1254, 1206, 1240, 1320, 1179, 1264, 1238, 1280, 1235, 1304, 1338, 1202, 1237, 1228, 1314, 1209, 1224, 1276, 1234, 1315, 1261, 1335, 1296, 1215, 1255, 1287, 1299, 1343, 1218, 1253, 1307, 1349, 1284, 1300, 1273, 1312, 1230, 1297, 1251, 1290, 1212, 1325, 1217, 1330, 1274, 1263], [168, 245, 273, 197, 239, 169, 201, 362, 416, 281, 446, 322, 861, 898, 291, 658, 443, 875, 831, 853, 860, 243, 294, 811, 704, 769, 783, 885, 250, 825, 420, 786, 669, 862, 789, 852, 870, 620, 621, 741, 743, 750, 874, 814, 872, 301, 785, 820, 803, 313, 319, 404, 412, 437, 828, 873, 781, 845, 335, 438, 834, 767, 773, 808, 830, 777, 804, 859, 887, 805, 846, 857, 833, 884, 304, 345, 309, 448, 324, 421, 375, 855, 378, 405, 752, 801, 865, 836, 797, 851, 883, 864, 882, 858, 886], [94, 461, 469, 462, 962, 591, 953, 909, 1047, 1029, 947, 1041, 472, 1038, 907, 963, 928, 937, 911, 985, 927, 932, 929, 1009, 1016, 1025, 939, 941, 960, 580, 933, 977, 908, 967, 1039, 943, 946, 964, 1023, 900, 971, 913, 926, 1020, 940, 1046, 968, 1006, 910, 925, 969, 935, 998, 1043, 931, 991, 945, 966, 1018, 1033, 993, 1012, 1021, 1048, 944, 952, 1027, 470, 540, 586, 483, 514, 569, 487, 980, 920, 902, 954, 1007], [150, 234, 700, 242, 325, 614, 672, 677, 720, 710, 652, 728, 660, 759, 766, 897, 880, 711, 729, 737, 226, 299, 241, 678, 626, 701, 736, 606, 629, 739, 609, 712, 618, 632, 634, 716, 639, 648, 665, 203, 651, 707, 282, 689, 285, 641, 717, 256, 605, 616, 534, 601, 667, 638, 674, 650, 644, 706, 683, 732, 740, 249, 623, 607, 705, 612, 604, 699, 679, 747, 611, 682, 646, 742, 613, 687, 657, 676], [681, 1193, 1065, 1115, 1120, 1144, 1050, 1164, 1052, 1081, 1093, 1099, 1119, 1118, 1184, 934, 1076, 1026, 1002, 1045, 1005, 1061, 1192, 1101, 1055, 1191, 1113, 1130, 1162, 1132, 1133, 1157, 1172, 1169, 1183, 1074, 1079, 1094, 1189, 1085, 1143, 1140, 1153, 1103, 1190, 1166, 1150, 1167, 1198, 1058, 1066, 1121, 1062, 1181, 1176, 1063, 1092, 1089, 1129, 1112, 1131, 1114, 1064, 1102, 1073, 1155, 1185, 1188, 1084, 1106, 1116, 1146, 1199, 1137, 1159, 9, 593, 31, 502, 518, 570, 538, 536, 24, 560, 78, 584, 542, 45, 232, 112, 478, 123, 128, 20, 71, 102, 121, 141, 87, 149, 25, 511, 86, 90, 656, 212, 460, 456, 571, 206, 297, 292, 459, 521, 748, 708, 34, 258, 264, 486, 544, 533, 573, 75, 491, 494, 504]]","[0.16702591604553163, 0.2024387629935518, 0.13050329603720456, 0.16283797193318605, 0.1385569010162726, 0.1257285550236702, 0.12791089690290391, 0.08737961703445762, 0.8287502001039684, 0.0897949249483645, 0.10154112498275936, 0.1644675419665873]","[0.8409491589991376, 0.12399560294579715, 0.5406144729349762, 0.12211678503081203, 0.5881785780657083, 0.17627050599548966, 0.0922692830208689, 0.11709267890546471, 0.07947184809017926, 0.0871178659144789, 0.08862259902525693, 0.11662516393698752]","[""OPTIMAL"", ""OPTIMAL"", ""OPTIMAL"", ""OPTIMAL"", ""OPTIMAL"", ""OPTIMAL"", ""OPTIMAL"", ""OPTIMAL"", ""OPTIMAL"", ""OPTIMAL"", ""OPTIMAL"", ""OPTIMAL""]","[42.0, 29.0, 47.0, 48.0, 48.0, 32.0, 34.0, 41.0, 28.0, 25.0, 20.0, 50.0]","[42.0, 29.0, 47.0, 48.0, 48.0, 32.0, 34.0, 41.0, 28.0, 25.0, 20.0, 50.0]","[0.22123691893648356, 0.020469211973249912, 0.01857810199726373, 0.01888324203900993]","[1614, 2682, 3665, 4675]",4675.0,"[0.8752801060909405, 0.30680558702442795, 0.24224733095616102, 0.2017910499125719]","[0.44481854897458106, 2.374321862938814, 2.451771425898187, 1.7610788539750502]","[0.009279174963012338, 0.2391954999184236, 1.0841799350455403, 1800.2054334071]",TIME_LIMIT,444.0,444.0,893.0,888.0,11.534154535274356,1820.6867240925783
